customer_id,name,email,region,join_date
C00001,Joseph Brown,joseph.brown7680@example.com,West,2023-10-22
C00002,Sarah Thomas,sarah.thomas7173@example.com,North,2022-10-23
C00003,Karen Rodriguez,karen.rodriguez424@example.com,Central,2021-02-12
C00004,William Jackson,william.jackson660@example.com,South,2023-06-25
C00005,William Garcia,william.garcia9591@example.com,West,2023-08-21
C00006,Barbara Wilson,barbara.wilson5461@example.com,North,2022-11-07
C00007,Susan Thomas,susan.thomas4723@example.com,West,2021-03-17
C00008,Joseph Williams,joseph.williams5154@example.com,North,2023-04-08
C00009,Thomas Smith,thomas.smith8890@example.com,North,2023-01-11
C00010,Karen Thomas,karen.thomas7243@example.com,South,2021-09-26
C00011,Elizabeth Anderson,elizabeth.anderson7942@example.com,Central,2021-11-21
C00012,Elizabeth Moore,elizabeth.moore225@example.com,North,2021-08-21
C00013,Joseph Brown,joseph.brown2523@example.com,East,2022-07-14
C00014,Susan Thomas,susan.thomas7737@example.com,Central,2022-01-26
C00015,Karen Taylor,karen.taylor2237@example.com,East,2023-04-30
C00016,David Taylor,david.taylor4378@example.com,East,2023-09-30
C00017,Robert Anderson,robert.anderson8825@example.com,East,2023-02-12
C00018,Joseph Hernandez,joseph.hernandez3091@example.com,South,2022-04-24
C00019,Susan Johnson,susan.johnson5214@example.com,West,2021-11-08
C00020,Jessica Johnson,jessica.johnson2069@example.com,Central,2021-07-25
C00021,Joseph Brown,joseph.brown8618@example.com,North,2023-04-20
C00022,Robert Williams,robert.williams7693@example.com,East,2023-03-26
C00023,John Hernandez,john.hernandez8743@example.com,East,2023-09-27
C00024,Sarah Johnson,sarah.johnson1122@example.com,East,2021-07-05
C00025,Susan Brown,susan.brown1647@example.com,East,2021-04-05
C00026,David Johnson,david.johnson4807@example.com,West,2023-12-24
C00027,Susan Jackson,susan.jackson2951@example.com,North,2023-02-23
C00028,Karen Davis,karen.davis8154@example.com,South,2022-06-05
C00029,Joseph Rodriguez,joseph.rodriguez154@example.com,West,2021-11-20
C00030,John Anderson,john.anderson5662@example.com,East,2023-05-19
C00031,William Anderson,william.anderson4950@example.com,West,2021-08-07
C00032,Linda Gonzalez,linda.gonzalez9371@example.com,East,2022-08-28
C00033,James Gonzalez,,North,2023-10-15
C00034,Elizabeth Davis,elizabeth.davis9947@example.com,South,2022-05-29
C00035,Robert Brown,robert.brown646@example.com,West,2023-01-18
C00036,Robert Williams,robert.williams4836@example.com,West,2021-09-28
C00037,Sarah Lopez,sarah.lopez8698@example.com,East,2022-06-11
C00038,Jessica Martinez,jessica.martinez5550@example.com,West,2021-10-16
C00039,Linda Gonzalez,linda.gonzalez9132@example.com,,2021-09-11
C00040,Joseph Lopez,joseph.lopez4296@example.com,East,2022-04-24
C00041,Jessica Smith,jessica.smith9199@example.com,Central,2021-05-10
C00042,Joseph Martinez,joseph.martinez6690@example.com,North,2022-09-16
C00043,Jessica Brown,jessica.brown1593@example.com,Central,2023-07-19
C00044,Barbara Moore,barbara.moore6867@example.com,South,2021-07-22
C00045,Jessica Martin,jessica.martin6687@example.com,East,2023-01-29
C00046,Michael Anderson,michael.anderson7286@example.com,East,2023-01-23
C00047,Sarah Lopez,sarah.lopez993@example.com,South,2023-07-21
C00048,John Miller,john.miller9784@example.com,North,2022-05-14
C00049,Robert Jackson,robert.jackson3363@example.com,Central,2022-03-19
C00050,Linda Hernandez,linda.hernandez2418@example.com,,2021-10-24
C00051,Robert Moore,robert.moore4107@example.com,North,2021-02-22
C00052,Robert Smith,robert.smith5870@example.com,South,2021-02-02
C00053,Jennifer Rodriguez,jennifer.rodriguez859@example.com,West,2021-05-11
C00054,Jessica Anderson,jessica.anderson5932@example.com,North,2022-03-30
C00055,Karen Johnson,karen.johnson8544@example.com,North,2023-09-08
C00056,Richard Wilson,richard.wilson1769@example.com,West,2021-06-15
C00057,David Martin,david.martin2431@example.com,East,2022-10-28
C00058,Richard Martin,richard.martin8693@example.com,Central,2021-07-23
C00059,Patricia Moore,patricia.moore3523@example.com,South,2023-07-18
C00060,Richard Wilson,richard.wilson1558@example.com,East,2023-02-06
C00061,Robert Thomas,robert.thomas1100@example.com,North,2021-07-17
C00062,Barbara Jones,barbara.jones9116@example.com,Central,2021-09-08
C00063,Susan Lopez,susan.lopez6930@example.com,North,2022-10-02
C00064,Barbara Brown,barbara.brown9469@example.com,South,2022-04-05
C00065,Patricia Lopez,patricia.lopez9114@example.com,East,2023-05-29
C00066,Sarah Martin,,East,2022-07-14
C00067,Elizabeth Hernandez,,South,2023-04-01
C00068,John Jones,john.jones503@example.com,Central,2023-05-10
C00069,Joseph Hernandez,joseph.hernandez2579@example.com,East,2021-06-23
C00070,Mary Jones,mary.jones2580@example.com,North,2022-07-12
C00071,Joseph Wilson,joseph.wilson7958@example.com,West,2023-11-16
C00072,Patricia Lopez,patricia.lopez7044@example.com,Central,2022-09-24
C00073,Mary Davis,mary.davis6476@example.com,,2022-09-10
C00074,Michael Jones,michael.jones4187@example.com,,2023-06-01
C00075,Jennifer Jones,jennifer.jones6230@example.com,South,2022-12-27
C00076,John Gonzalez,john.gonzalez694@example.com,West,2022-10-04
C00077,Charles Wilson,charles.wilson9395@example.com,West,2023-04-10
C00078,James Hernandez,james.hernandez2816@example.com,Central,2023-01-12
C00079,John Wilson,john.wilson1735@example.com,Central,2021-06-11
C00080,Richard Martinez,richard.martinez5563@example.com,South,2021-08-22
C00081,Thomas Taylor,thomas.taylor3177@example.com,East,2021-10-30
C00082,Linda Brown,linda.brown2400@example.com,South,2021-06-04
C00083,Jennifer Thomas,jennifer.thomas7602@example.com,Central,2022-10-24
C00084,David Jones,david.jones7206@example.com,West,2022-07-17
C00085,Charles Johnson,charles.johnson5767@example.com,East,2021-03-19
C00086,Mary Lopez,mary.lopez4704@example.com,North,2023-11-05
C00087,Richard Anderson,richard.anderson9509@example.com,North,2022-01-21
C00088,David Martin,david.martin7793@example.com,North,2022-12-05
C00089,John Taylor,,West,2023-12-10
C00090,Thomas Martin,thomas.martin2601@example.com,East,2022-11-24
C00091,Karen Johnson,karen.johnson5483@example.com,North,2023-03-03
C00092,Elizabeth Rodriguez,elizabeth.rodriguez9875@example.com,East,2021-10-17
C00093,Barbara Martinez,barbara.martinez6422@example.com,North,2023-02-11
C00094,David Jones,david.jones8625@example.com,West,2021-02-07
C00095,Barbara Martinez,barbara.martinez2954@example.com,East,2023-09-23
C00096,Michael Davis,michael.davis2254@example.com,East,2021-07-27
C00097,Thomas Moore,,East,2021-09-26
C00098,Karen Gonzalez,karen.gonzalez2528@example.com,Central,2021-12-06
C00099,Joseph Johnson,joseph.johnson6732@example.com,South,2022-08-07
C00100,Joseph Davis,joseph.davis8750@example.com,West,2022-02-02
C00101,Barbara Jackson,barbara.jackson7219@example.com,East,2023-10-27
C00102,Thomas Wilson,thomas.wilson2656@example.com,Central,2022-05-28
C00103,Mary Thomas,mary.thomas6082@example.com,North,2023-11-23
C00104,Patricia Martinez,patricia.martinez1375@example.com,East,2023-11-18
C00105,Robert Wilson,robert.wilson1503@example.com,South,2022-12-17
C00106,James Wilson,james.wilson873@example.com,East,2021-06-17
C00107,Barbara Davis,barbara.davis462@example.com,North,2022-11-18
C00108,Robert Jones,robert.jones628@example.com,West,2021-10-12
C00109,Jessica Anderson,jessica.anderson87@example.com,North,2021-11-03
C00110,Sarah Martin,sarah.martin8648@example.com,East,2021-09-07
C00111,Mary Davis,mary.davis6879@example.com,Central,2021-08-16
C00112,Jessica Martin,,Central,2021-10-22
C00113,Elizabeth Wilson,elizabeth.wilson26@example.com,South,2022-01-19
C00114,John Taylor,john.taylor5909@example.com,Central,2023-11-06
C00115,Sarah Smith,sarah.smith6398@example.com,North,2023-02-04
C00116,William Smith,william.smith5851@example.com,East,2021-08-01
C00117,Charles Hernandez,charles.hernandez2186@example.com,Central,2021-12-25
C00118,Joseph Thomas,joseph.thomas2987@example.com,North,2023-07-27
C00119,Mary Martinez,mary.martinez3303@example.com,South,2022-10-09
C00120,Elizabeth Taylor,elizabeth.taylor6525@example.com,Central,2021-03-16
C00121,Michael Martinez,michael.martinez5849@example.com,North,2022-11-11
C00122,William Brown,william.brown6030@example.com,West,2023-03-03
C00123,David Garcia,david.garcia8130@example.com,East,2023-11-30
C00124,William Williams,william.williams6956@example.com,Central,2022-01-05
C00125,Sarah Martinez,sarah.martinez5263@example.com,East,2022-09-20
C00126,Joseph Martin,joseph.martin6982@example.com,West,2021-03-28
C00127,Barbara Martin,barbara.martin7127@example.com,North,2023-04-12
C00128,Barbara Taylor,barbara.taylor2622@example.com,South,2023-06-17
C00129,Mary Jones,mary.jones1102@example.com,East,2021-03-08
C00130,Karen Jones,karen.jones7372@example.com,East,2021-06-07
C00131,Charles Jones,charles.jones8675@example.com,East,2022-05-27
C00132,Patricia Smith,patricia.smith3049@example.com,West,2021-08-30
C00133,William Rodriguez,william.rodriguez7312@example.com,Central,2023-10-03
C00134,Michael Brown,michael.brown2224@example.com,West,2023-07-01
C00135,John Hernandez,john.hernandez5693@example.com,Central,2022-09-07
C00136,Jennifer Garcia,jennifer.garcia5923@example.com,North,2021-10-12
C00137,Linda Thomas,linda.thomas431@example.com,Central,2021-09-23
C00138,Karen Williams,karen.williams1078@example.com,West,2023-04-19
C00139,Charles Williams,charles.williams2054@example.com,North,2023-11-26
C00140,Barbara Jones,barbara.jones9033@example.com,South,2021-09-22
C00141,Susan Taylor,susan.taylor908@example.com,Central,2021-12-04
C00142,Jennifer Hernandez,jennifer.hernandez3695@example.com,Central,2021-06-11
C00143,William Miller,william.miller9025@example.com,East,2021-07-11
C00144,Thomas Garcia,thomas.garcia9697@example.com,South,2022-11-23
C00145,Charles Johnson,charles.johnson465@example.com,Central,2022-03-08
C00146,Charles Wilson,charles.wilson497@example.com,Central,2022-09-11
C00147,Jessica Davis,jessica.davis6654@example.com,North,2021-11-20
C00148,Joseph Wilson,joseph.wilson7934@example.com,East,2022-10-03
C00149,David Lopez,david.lopez6533@example.com,East,2021-08-06
C00150,David Davis,david.davis7643@example.com,West,2021-07-18
C00151,Mary Martinez,mary.martinez6294@example.com,West,2021-11-24
C00152,David Jackson,david.jackson5124@example.com,South,2023-11-21
C00153,Joseph Thomas,joseph.thomas5056@example.com,North,2023-11-02
C00154,Joseph Davis,joseph.davis3525@example.com,North,2023-10-11
C00155,Karen Thomas,karen.thomas4682@example.com,North,2022-06-26
C00156,Barbara Gonzalez,barbara.gonzalez5996@example.com,North,2022-02-03
C00157,Barbara Moore,barbara.moore4729@example.com,Central,2022-07-27
C00158,Karen Martin,karen.martin1947@example.com,North,2022-11-26
C00159,Sarah Lopez,sarah.lopez2364@example.com,Central,2021-03-24
C00160,Mary Johnson,mary.johnson2246@example.com,West,2021-11-02
C00161,Karen Taylor,karen.taylor2291@example.com,Central,2023-03-16
C00162,Karen Martinez,karen.martinez9728@example.com,Central,2022-09-06
C00163,Jessica Smith,jessica.smith6036@example.com,North,2022-09-23
C00164,James Martin,james.martin7776@example.com,Central,2021-04-16
C00165,Charles Thomas,charles.thomas2794@example.com,Central,2023-02-18
C00166,Robert Davis,robert.davis518@example.com,North,2023-06-23
C00167,David Wilson,david.wilson2482@example.com,South,2023-08-24
C00168,Mary Jones,mary.jones8499@example.com,East,2023-09-07
C00169,Thomas Gonzalez,thomas.gonzalez5141@example.com,West,2022-12-03
C00170,Sarah Lopez,sarah.lopez4332@example.com,South,2022-07-26
C00171,Sarah Martinez,sarah.martinez3685@example.com,East,2022-03-01
C00172,Jessica Hernandez,jessica.hernandez7862@example.com,East,2023-02-17
C00173,Richard Lopez,richard.lopez2400@example.com,East,2021-06-11
C00174,Barbara Anderson,barbara.anderson4202@example.com,South,2022-07-10
C00175,Sarah Rodriguez,sarah.rodriguez2250@example.com,Central,2021-04-14
C00176,Thomas Davis,thomas.davis3815@example.com,West,2023-08-26
C00177,Patricia Jones,patricia.jones85@example.com,South,2023-09-02
C00178,Jessica Miller,jessica.miller4707@example.com,North,2021-07-03
C00179,Charles Davis,charles.davis8768@example.com,North,2021-12-25
C00180,Susan Garcia,susan.garcia596@example.com,West,2022-01-17
C00181,Elizabeth Johnson,elizabeth.johnson152@example.com,Central,2022-11-18
C00182,Elizabeth Anderson,elizabeth.anderson8902@example.com,South,2023-08-17
C00183,William Miller,william.miller1846@example.com,West,2022-01-17
C00184,James Hernandez,james.hernandez4834@example.com,South,2023-04-11
C00185,Susan Taylor,susan.taylor5373@example.com,North,2021-10-15
C00186,Jessica Hernandez,,West,2022-07-01
C00187,David Martinez,david.martinez9544@example.com,North,2023-01-07
C00188,Linda Johnson,linda.johnson1937@example.com,South,2023-10-27
C00189,Elizabeth Brown,elizabeth.brown4834@example.com,South,2021-10-01
C00190,Jessica Jones,jessica.jones7455@example.com,Central,2023-08-23
C00191,Sarah Miller,sarah.miller4055@example.com,Central,2021-06-17
C00192,Thomas Anderson,thomas.anderson8654@example.com,North,2021-08-18
C00193,Mary Moore,mary.moore8282@example.com,Central,2022-11-03
C00194,Thomas Anderson,thomas.anderson1905@example.com,Central,2023-11-12
C00195,Joseph Johnson,joseph.johnson7430@example.com,West,2021-04-29
C00196,Sarah Anderson,sarah.anderson5050@example.com,West,2021-01-07
C00197,Michael Jackson,michael.jackson1197@example.com,East,2021-05-04
C00198,John Thomas,john.thomas520@example.com,South,2023-05-11
C00199,Barbara Gonzalez,barbara.gonzalez7349@example.com,West,2021-09-30
C00200,Barbara Brown,barbara.brown2925@example.com,West,2022-04-02
C00201,James Smith,james.smith4889@example.com,Central,2023-02-16
C00202,Linda Davis,linda.davis7547@example.com,East,2021-08-20
C00203,Mary Wilson,mary.wilson257@example.com,North,2021-03-10
C00204,Joseph Martin,joseph.martin798@example.com,North,2022-04-25
C00205,Sarah Miller,sarah.miller925@example.com,East,2022-10-16
C00206,Charles Martin,charles.martin5254@example.com,South,2023-12-04
C00207,Linda Wilson,linda.wilson4924@example.com,Central,2021-12-25
C00208,Susan Moore,susan.moore8121@example.com,East,2023-02-20
C00209,Thomas Hernandez,thomas.hernandez6822@example.com,East,2023-08-28
C00210,Linda Davis,linda.davis4928@example.com,South,2021-04-29
C00211,Sarah Wilson,sarah.wilson6825@example.com,South,2022-06-07
C00212,Michael Hernandez,michael.hernandez1296@example.com,East,2022-01-26
C00213,Mary Rodriguez,mary.rodriguez6180@example.com,Central,2021-05-30
C00214,Michael Jackson,michael.jackson9157@example.com,South,2022-11-13
C00215,Elizabeth Smith,elizabeth.smith3471@example.com,North,2023-09-08
C00216,Linda Martin,linda.martin3351@example.com,South,2022-08-03
C00217,Richard Anderson,richard.anderson8744@example.com,East,2023-11-17
C00218,Jessica Anderson,jessica.anderson1616@example.com,West,2022-10-18
C00219,Michael Lopez,michael.lopez5127@example.com,Central,2021-10-26
C00220,James Rodriguez,james.rodriguez9066@example.com,Central,2022-08-28
C00221,Robert Miller,robert.miller5405@example.com,Central,2023-10-20
C00222,Sarah Hernandez,sarah.hernandez4217@example.com,West,2023-10-02
C00223,Joseph Garcia,joseph.garcia5771@example.com,Central,2021-05-01
C00224,Thomas Johnson,thomas.johnson1218@example.com,North,2023-04-25
C00225,Robert Davis,robert.davis1114@example.com,North,2023-07-23
C00226,Barbara Johnson,barbara.johnson7917@example.com,,2023-04-23
C00227,James Smith,james.smith8674@example.com,Central,2021-02-05
C00228,Thomas Wilson,thomas.wilson2938@example.com,North,2022-05-09
C00229,Michael Martin,michael.martin8626@example.com,East,2023-03-24
C00230,John Lopez,john.lopez6653@example.com,South,2022-04-08
C00231,Elizabeth Williams,elizabeth.williams520@example.com,West,2023-09-02
C00232,Mary Smith,mary.smith2808@example.com,West,2022-11-10
C00233,Charles Brown,charles.brown8654@example.com,South,2023-09-01
C00234,William Johnson,william.johnson1219@example.com,East,2021-03-09
C00235,Jennifer Hernandez,jennifer.hernandez257@example.com,Central,2023-03-27
C00236,John Martinez,john.martinez2662@example.com,Central,2023-03-08
C00237,Sarah Hernandez,sarah.hernandez6289@example.com,South,2021-06-10
C00238,Thomas Lopez,thomas.lopez880@example.com,South,2022-11-29
C00239,Karen Martin,karen.martin9759@example.com,East,2022-07-14
C00240,Joseph Thomas,joseph.thomas3738@example.com,West,2023-02-18
C00241,John Martin,john.martin4840@example.com,North,2021-11-12
C00242,Richard Jones,richard.jones6384@example.com,North,2022-09-24
C00243,Joseph Lopez,joseph.lopez4420@example.com,North,2023-07-09
C00244,Sarah Moore,sarah.moore8396@example.com,North,2021-07-10
C00245,Karen Martin,karen.martin5316@example.com,North,2023-03-06
C00246,John Moore,john.moore3978@example.com,South,2021-12-14
C00247,Robert Rodriguez,robert.rodriguez4934@example.com,South,2023-06-10
C00248,William Wilson,william.wilson4912@example.com,North,2022-05-21
C00249,Jessica Martin,jessica.martin3204@example.com,South,2023-03-22
C00250,David Martin,david.martin6225@example.com,East,2023-06-01
C00251,Karen Jones,karen.jones4923@example.com,South,2021-12-30
C00252,Richard Hernandez,richard.hernandez4776@example.com,West,2022-05-12
C00253,David Gonzalez,david.gonzalez4593@example.com,West,2022-02-14
C00254,Charles Moore,charles.moore2948@example.com,Central,2023-08-04
C00255,Michael Anderson,michael.anderson4774@example.com,North,2023-04-18
C00256,Jessica Jones,jessica.jones4962@example.com,South,2023-02-12
C00257,John Anderson,john.anderson9797@example.com,West,2023-05-07
C00258,Sarah Johnson,sarah.johnson5891@example.com,Central,2021-06-24
C00259,Patricia Davis,patricia.davis5817@example.com,Central,2023-03-30
C00260,David Wilson,,East,2023-11-29
C00261,Sarah Jackson,sarah.jackson9425@example.com,East,2023-10-22
C00262,Robert Lopez,robert.lopez403@example.com,East,2021-06-25
C00263,Patricia Jones,patricia.jones5708@example.com,West,2023-12-04
C00264,Jessica Lopez,jessica.lopez7802@example.com,West,2022-09-07
C00265,Mary Brown,mary.brown371@example.com,North,2021-12-03
C00266,Linda Taylor,linda.taylor2859@example.com,East,2023-08-05
C00267,Linda Gonzalez,linda.gonzalez3023@example.com,West,2022-02-09
C00268,Joseph Jackson,joseph.jackson7038@example.com,South,2021-05-09
C00269,Charles Brown,charles.brown8797@example.com,East,2021-08-22
C00270,William Thomas,william.thomas8647@example.com,East,2023-03-15
C00271,Charles Brown,charles.brown5701@example.com,West,2022-09-02
C00272,Karen Jackson,karen.jackson1389@example.com,East,2022-09-18
C00273,Patricia Garcia,patricia.garcia6117@example.com,Central,2021-10-10
C00274,Charles Gonzalez,charles.gonzalez6932@example.com,Central,2021-12-21
C00275,Sarah Garcia,sarah.garcia8023@example.com,South,2023-07-13
C00276,Karen Johnson,karen.johnson5883@example.com,West,2023-02-26
C00277,Sarah Taylor,sarah.taylor8110@example.com,West,2023-06-29
C00278,Jessica Garcia,jessica.garcia1355@example.com,South,2022-07-17
C00279,Linda Moore,linda.moore4730@example.com,West,2023-10-12
C00280,Sarah Taylor,sarah.taylor1855@example.com,East,2023-01-22
C00281,Sarah Johnson,sarah.johnson7232@example.com,West,2022-05-22
C00282,Elizabeth Johnson,elizabeth.johnson7369@example.com,North,2021-08-29
C00283,Linda Miller,linda.miller9633@example.com,Central,2021-12-06
C00284,Karen Jones,karen.jones3386@example.com,North,2023-12-27
C00285,William Martin,william.martin8828@example.com,East,2022-07-02
C00286,Thomas Brown,thomas.brown2222@example.com,West,2022-07-22
C00287,Robert Jones,robert.jones4091@example.com,East,2023-03-16
C00288,Jessica Jones,jessica.jones9461@example.com,West,2021-06-04
C00289,John Gonzalez,john.gonzalez8448@example.com,East,2023-09-27
C00290,David Jackson,david.jackson41@example.com,North,2023-07-28
C00291,Barbara Williams,barbara.williams8757@example.com,West,2023-10-11
C00292,William Hernandez,william.hernandez4647@example.com,Central,2023-09-21
C00293,David Johnson,david.johnson753@example.com,,2021-11-20
C00294,Joseph Anderson,joseph.anderson12@example.com,West,2021-09-28
C00295,Elizabeth Garcia,elizabeth.garcia4490@example.com,East,2023-02-01
C00296,Jennifer Johnson,jennifer.johnson6494@example.com,South,2021-07-06
C00297,Patricia Smith,patricia.smith3497@example.com,South,2023-11-30
C00298,Joseph Smith,joseph.smith133@example.com,North,2023-05-15
C00299,Robert Thomas,robert.thomas1161@example.com,North,2021-07-29
C00300,Patricia Hernandez,patricia.hernandez6023@example.com,South,2021-09-30
C00301,Robert Williams,robert.williams8692@example.com,Central,2023-06-21
C00302,Barbara Miller,barbara.miller2481@example.com,Central,2022-03-21
C00303,John Brown,john.brown2294@example.com,Central,2022-12-21
C00304,Susan Hernandez,susan.hernandez2291@example.com,North,2022-08-07
C00305,James Martinez,james.martinez3367@example.com,Central,2023-03-14
C00306,Elizabeth Johnson,elizabeth.johnson3922@example.com,North,2021-05-26
C00307,Thomas Smith,thomas.smith5917@example.com,South,2023-05-12
C00308,Barbara Moore,barbara.moore2831@example.com,,2021-05-19
C00309,James Rodriguez,,North,2023-03-27
C00310,Thomas Martinez,thomas.martinez8210@example.com,West,2021-06-18
C00311,Sarah Moore,sarah.moore2502@example.com,East,2022-02-21
C00312,Robert Moore,robert.moore5354@example.com,North,2023-06-15
C00313,Linda Johnson,linda.johnson4006@example.com,West,2021-04-23
C00314,Elizabeth Garcia,,South,2021-12-02
C00315,Jessica Lopez,jessica.lopez8569@example.com,East,2021-09-17
C00316,William Brown,william.brown481@example.com,West,2021-05-11
C00317,William Jackson,william.jackson1263@example.com,Central,2023-10-21
C00318,Charles Garcia,charles.garcia6025@example.com,North,2021-08-25
C00319,Linda Taylor,linda.taylor43@example.com,North,2023-08-25
C00320,Barbara Gonzalez,barbara.gonzalez2459@example.com,North,2023-05-09
C00321,Linda Hernandez,linda.hernandez4068@example.com,East,2021-06-09
C00322,Charles Lopez,charles.lopez1957@example.com,North,2023-11-23
C00323,Mary Gonzalez,mary.gonzalez1130@example.com,East,2022-09-29
C00324,David Williams,david.williams9062@example.com,East,2022-09-15
C00325,Karen Davis,karen.davis7601@example.com,West,2022-02-05
C00326,Sarah Davis,,West,2022-12-11
C00327,James Hernandez,james.hernandez24@example.com,West,2022-09-22
C00328,Patricia Miller,patricia.miller8681@example.com,West,2021-05-03
C00329,Robert Rodriguez,robert.rodriguez1525@example.com,South,2023-12-01
C00330,Susan Lopez,susan.lopez7512@example.com,North,2023-11-02
C00331,Robert Gonzalez,robert.gonzalez1227@example.com,North,2021-09-25
C00332,Linda Martinez,linda.martinez4277@example.com,West,2022-10-31
C00333,David Anderson,david.anderson4456@example.com,South,2021-08-12
C00334,Robert Brown,robert.brown2694@example.com,East,2023-01-04
C00335,Michael Anderson,michael.anderson5052@example.com,North,2022-09-16
C00336,Karen Johnson,karen.johnson3523@example.com,East,2022-05-24
C00337,Barbara Gonzalez,barbara.gonzalez8413@example.com,East,2021-12-23
C00338,James Gonzalez,james.gonzalez7409@example.com,Central,2023-08-05
C00339,Patricia Jones,,South,2023-04-01
C00340,Barbara Williams,barbara.williams9541@example.com,North,2021-05-13
C00341,Michael Anderson,michael.anderson2111@example.com,East,2023-08-03
C00342,Mary Garcia,mary.garcia9403@example.com,West,2023-02-23
C00343,Susan Garcia,susan.garcia5800@example.com,South,2023-07-03
C00344,Robert Johnson,robert.johnson4027@example.com,West,2023-09-09
C00345,Mary Williams,mary.williams4584@example.com,West,2023-12-13
C00346,Linda Moore,linda.moore320@example.com,East,2023-09-20
C00347,Barbara Jackson,barbara.jackson8232@example.com,East,2022-10-16
C00348,Karen Davis,karen.davis481@example.com,East,2023-08-25
C00349,Thomas Lopez,thomas.lopez9569@example.com,South,2022-05-09
C00350,William Moore,william.moore917@example.com,South,2023-03-07
C00351,Barbara Garcia,barbara.garcia2886@example.com,East,2023-01-05
C00352,Charles Smith,charles.smith5762@example.com,Central,2022-01-21
C00353,Jessica Moore,jessica.moore5064@example.com,North,2022-04-22
C00354,Karen Davis,karen.davis327@example.com,North,2022-02-17
C00355,Robert Hernandez,robert.hernandez2908@example.com,East,2021-10-30
C00356,Charles Jones,charles.jones1818@example.com,East,2023-02-05
C00357,Richard Jackson,richard.jackson1656@example.com,East,2021-11-19
C00358,Susan Thomas,susan.thomas5199@example.com,Central,2023-01-01
C00359,Linda Jackson,linda.jackson2873@example.com,East,2021-01-04
C00360,Charles Gonzalez,,Central,2022-03-29
C00361,Charles Brown,charles.brown8130@example.com,North,2022-10-17
C00362,Jennifer Williams,jennifer.williams5501@example.com,East,2021-05-19
C00363,Barbara Rodriguez,barbara.rodriguez1771@example.com,North,2023-05-10
C00364,Jennifer Wilson,jennifer.wilson8079@example.com,East,2021-07-27
C00365,Jessica Jackson,jessica.jackson3696@example.com,North,2021-03-10
C00366,Elizabeth Smith,elizabeth.smith5222@example.com,North,2021-12-15
C00367,Richard Garcia,richard.garcia1229@example.com,North,2023-09-16
C00368,James Wilson,james.wilson2704@example.com,West,2021-07-27
C00369,David Miller,david.miller3113@example.com,Central,2022-06-28
C00370,Elizabeth Martinez,elizabeth.martinez3892@example.com,West,2023-10-03
C00371,Robert Johnson,,North,2023-09-11
C00372,Michael Brown,michael.brown422@example.com,East,2023-08-28
C00373,Patricia Martinez,patricia.martinez6513@example.com,East,2023-03-05
C00374,Jennifer Lopez,jennifer.lopez6250@example.com,West,2023-06-20
C00375,Joseph Rodriguez,joseph.rodriguez3707@example.com,Central,2021-07-18
C00376,John Lopez,john.lopez8872@example.com,Central,2021-05-05
C00377,Richard Taylor,richard.taylor6859@example.com,West,2022-04-28
C00378,Jessica Martinez,jessica.martinez1294@example.com,North,2023-11-25
C00379,Charles Martin,charles.martin2416@example.com,West,2021-12-09
C00380,Michael Miller,michael.miller2068@example.com,North,2023-06-11
C00381,Michael Jones,michael.jones9750@example.com,North,2023-03-25
C00382,Sarah Hernandez,sarah.hernandez4526@example.com,North,2023-12-07
C00383,Susan Brown,susan.brown6791@example.com,Central,2021-07-25
C00384,Patricia Jackson,patricia.jackson1655@example.com,Central,2023-04-22
C00385,William Gonzalez,william.gonzalez7956@example.com,West,2022-07-19
C00386,Richard Jones,richard.jones9973@example.com,West,2022-11-10
C00387,Linda Johnson,linda.johnson7786@example.com,East,2022-09-13
C00388,Elizabeth Rodriguez,elizabeth.rodriguez8055@example.com,North,2022-04-12
C00389,Robert Martinez,robert.martinez7260@example.com,East,2023-05-04
C00390,Karen Williams,karen.williams3080@example.com,West,2023-11-24
C00391,Barbara Johnson,barbara.johnson8443@example.com,North,2023-11-04
C00392,Richard Jones,richard.jones8590@example.com,North,2022-02-16
C00393,Mary Davis,mary.davis542@example.com,East,2022-07-16
C00394,Barbara Anderson,barbara.anderson8276@example.com,North,2022-05-11
C00395,Barbara Thomas,barbara.thomas9733@example.com,West,2022-12-18
C00396,Barbara Garcia,barbara.garcia4238@example.com,North,2023-03-03
C00397,Mary Garcia,mary.garcia9376@example.com,South,2022-04-07
C00398,Michael Rodriguez,michael.rodriguez6710@example.com,North,2021-09-28
C00399,Jennifer Martin,jennifer.martin139@example.com,Central,2022-09-18
C00400,William Wilson,william.wilson6169@example.com,West,2023-08-14
C00401,Elizabeth Taylor,elizabeth.taylor6507@example.com,North,2023-02-06
C00402,Sarah Martin,sarah.martin9979@example.com,North,2022-11-20
C00403,William Hernandez,william.hernandez4537@example.com,East,2023-11-26
C00404,Linda Johnson,linda.johnson9831@example.com,East,2021-02-22
C00405,Jessica Martinez,jessica.martinez4251@example.com,West,2021-03-14
C00406,Charles Jackson,charles.jackson3112@example.com,South,2023-09-02
C00407,Barbara Taylor,barbara.taylor4919@example.com,Central,2021-07-19
C00408,Jessica Jones,jessica.jones4238@example.com,Central,2022-01-10
C00409,David Williams,david.williams3642@example.com,East,2022-11-10
C00410,Barbara Rodriguez,barbara.rodriguez9594@example.com,North,2021-05-26
C00411,Jessica Miller,jessica.miller8200@example.com,West,2023-04-27
C00412,Mary Jones,mary.jones2251@example.com,East,2023-07-27
C00413,Robert Hernandez,robert.hernandez2955@example.com,West,2021-12-29
C00414,David Johnson,david.johnson78@example.com,South,2021-12-12
C00415,Charles Garcia,charles.garcia8022@example.com,North,2023-06-08
C00416,Susan Gonzalez,susan.gonzalez7030@example.com,,2023-12-30
C00417,Michael Lopez,michael.lopez231@example.com,Central,2021-01-09
C00418,Linda Davis,linda.davis5642@example.com,North,2022-09-19
C00419,Jennifer Williams,jennifer.williams750@example.com,East,2023-12-02
C00420,Karen Taylor,karen.taylor5536@example.com,South,2023-10-01
C00421,Barbara Miller,barbara.miller2702@example.com,,2022-04-05
C00422,Robert Miller,robert.miller360@example.com,South,2021-03-18
C00423,Richard Rodriguez,richard.rodriguez8762@example.com,Central,2021-08-10
C00424,James Johnson,james.johnson1898@example.com,West,2022-06-02
C00425,Jessica Jones,jessica.jones3367@example.com,North,2021-07-26
C00426,Thomas Rodriguez,thomas.rodriguez9923@example.com,West,2021-08-03
C00427,Thomas Martin,thomas.martin1929@example.com,North,2022-02-14
C00428,William Taylor,william.taylor3305@example.com,West,2021-03-22
C00429,Sarah Thomas,sarah.thomas3403@example.com,West,2021-01-06
C00430,James Williams,james.williams1810@example.com,West,2021-07-04
C00431,Thomas Williams,thomas.williams1660@example.com,South,2022-08-30
C00432,William Anderson,william.anderson821@example.com,South,2022-08-19
C00433,Barbara Hernandez,barbara.hernandez6980@example.com,North,2021-04-04
C00434,James Jones,james.jones2794@example.com,West,2022-07-04
C00435,John Lopez,john.lopez5616@example.com,West,2023-07-24
C00436,William Gonzalez,william.gonzalez7836@example.com,South,2021-05-01
C00437,Jennifer Brown,jennifer.brown6817@example.com,West,2023-06-17
C00438,Jennifer Martin,jennifer.martin6222@example.com,Central,2021-09-25
C00439,Jessica Thomas,jessica.thomas1851@example.com,West,2022-06-20
C00440,David Smith,david.smith8599@example.com,Central,2022-04-04
C00441,David Taylor,david.taylor8571@example.com,Central,2022-05-25
C00442,Jessica Lopez,jessica.lopez6306@example.com,Central,2021-04-22
C00443,James Garcia,james.garcia8284@example.com,West,2021-06-03
C00444,Jessica Hernandez,jessica.hernandez3947@example.com,East,2022-04-02
C00445,Sarah Gonzalez,sarah.gonzalez6608@example.com,North,2023-07-07
C00446,John Thomas,john.thomas7325@example.com,West,2021-02-06
C00447,Patricia Gonzalez,,,2021-07-06
C00448,Karen Martin,karen.martin4991@example.com,Central,2023-07-24
C00449,David Lopez,david.lopez890@example.com,West,2023-08-27
C00450,Barbara Anderson,barbara.anderson1869@example.com,,2022-12-29
C00451,Elizabeth Moore,elizabeth.moore8553@example.com,North,2021-12-03
C00452,Jessica Jones,jessica.jones6705@example.com,Central,2021-09-05
C00453,Richard Miller,richard.miller7489@example.com,South,2021-08-09
C00454,Susan Johnson,susan.johnson9648@example.com,West,2023-10-30
C00455,Robert Thomas,robert.thomas72@example.com,North,2023-06-06
C00456,Charles Thomas,charles.thomas8329@example.com,South,2021-12-22
C00457,Robert Brown,robert.brown6348@example.com,Central,2023-10-30
C00458,Richard Wilson,richard.wilson9978@example.com,South,2022-12-04
C00459,Elizabeth Anderson,elizabeth.anderson2186@example.com,Central,2023-11-16
C00460,Elizabeth Moore,elizabeth.moore5144@example.com,Central,2022-02-16
C00461,Michael Martin,michael.martin4761@example.com,South,2021-12-31
C00462,Thomas Moore,thomas.moore5282@example.com,East,2023-05-05
C00463,Sarah Martinez,sarah.martinez6921@example.com,Central,2023-02-20
C00464,Robert Johnson,robert.johnson928@example.com,South,2022-05-29
C00465,Robert Johnson,robert.johnson4836@example.com,Central,2023-07-16
C00466,Patricia Martin,patricia.martin9206@example.com,Central,2023-11-13
C00467,Elizabeth Johnson,elizabeth.johnson6252@example.com,East,2021-04-21
C00468,James Rodriguez,james.rodriguez3328@example.com,West,2023-01-24
C00469,Charles Moore,charles.moore9886@example.com,South,2021-12-30
C00470,John Garcia,john.garcia2848@example.com,North,2023-05-28
C00471,William Moore,william.moore4330@example.com,Central,2021-01-12
C00472,David Anderson,,East,2022-09-09
C00473,Jessica Jackson,jessica.jackson9014@example.com,East,2022-01-12
C00474,Thomas Williams,thomas.williams8277@example.com,Central,2021-07-08
C00475,Barbara Davis,barbara.davis3496@example.com,East,2022-03-24
C00476,Karen Taylor,karen.taylor7781@example.com,North,2022-12-10
C00477,Joseph Davis,joseph.davis3995@example.com,East,2021-08-21
C00478,Richard Rodriguez,richard.rodriguez8852@example.com,North,2023-02-07
C00479,Thomas Taylor,thomas.taylor7301@example.com,East,2022-01-30
C00480,David Taylor,david.taylor1350@example.com,South,2023-12-29
C00481,James Williams,james.williams3454@example.com,South,2023-05-19
C00482,Patricia Miller,patricia.miller8811@example.com,West,2021-05-28
C00483,Robert Smith,robert.smith7524@example.com,North,2021-04-22
C00484,Jennifer Rodriguez,jennifer.rodriguez9144@example.com,South,2023-04-15
C00485,Richard Anderson,richard.anderson6627@example.com,North,2021-08-31
C00486,Sarah Smith,sarah.smith1037@example.com,Central,2021-05-29
C00487,Barbara Taylor,barbara.taylor1739@example.com,East,2022-07-31
C00488,Joseph Gonzalez,joseph.gonzalez6474@example.com,North,2023-12-29
C00489,Linda Jones,linda.jones6407@example.com,Central,2021-10-23
C00490,Elizabeth Lopez,elizabeth.lopez183@example.com,Central,2021-03-27
C00491,James Jackson,james.jackson9776@example.com,Central,2022-09-17
C00492,Michael Lopez,michael.lopez3470@example.com,Central,2022-01-12
C00493,Linda Martin,linda.martin4141@example.com,South,2021-04-22
C00494,Sarah Anderson,sarah.anderson9006@example.com,North,2022-02-09
C00495,Charles Thomas,charles.thomas5421@example.com,South,2021-05-23
C00496,Michael Hernandez,michael.hernandez7961@example.com,Central,2021-11-09
C00497,Charles Jackson,charles.jackson5972@example.com,West,2022-10-04
C00498,Linda Davis,linda.davis7146@example.com,East,2022-11-11
C00499,Jessica Anderson,jessica.anderson7297@example.com,East,2021-08-11
C00500,Jennifer Martin,jennifer.martin1344@example.com,South,2022-02-07
C00501,William Williams,william.williams1236@example.com,Central,2023-04-10
C00502,Charles Miller,charles.miller601@example.com,Central,2023-08-25
C00503,Robert Lopez,robert.lopez6431@example.com,Central,2022-08-19
C00504,Robert Anderson,robert.anderson8211@example.com,West,2021-01-22
C00505,Linda Martin,linda.martin2718@example.com,South,2022-01-02
C00506,Charles Jackson,charles.jackson2396@example.com,West,2021-03-24
C00507,Linda Thomas,linda.thomas3797@example.com,East,2022-02-28
C00508,Thomas Lopez,thomas.lopez6359@example.com,West,2021-03-23
C00509,David Brown,david.brown8543@example.com,East,2022-06-24
C00510,Charles Moore,charles.moore9342@example.com,West,2021-06-09
C00511,Thomas Rodriguez,thomas.rodriguez6166@example.com,South,2022-12-24
C00512,Barbara Thomas,barbara.thomas7899@example.com,North,2021-10-12
C00513,Joseph Garcia,joseph.garcia3769@example.com,East,2022-01-18
C00514,Jennifer Lopez,jennifer.lopez9864@example.com,North,2023-04-30
C00515,David Brown,david.brown7890@example.com,West,2021-11-27
C00516,Susan Smith,susan.smith3993@example.com,Central,2021-10-03
C00517,Thomas Johnson,thomas.johnson9377@example.com,South,2022-01-04
C00518,Thomas Gonzalez,thomas.gonzalez9820@example.com,North,2022-08-04
C00519,John Miller,john.miller7360@example.com,West,2021-12-16
C00520,Linda Wilson,linda.wilson9845@example.com,Central,2022-01-08
C00521,Karen Taylor,karen.taylor4334@example.com,East,2021-05-21
C00522,Linda Gonzalez,linda.gonzalez6316@example.com,North,2023-10-30
C00523,Susan Jones,susan.jones9921@example.com,West,2021-03-21
C00524,Sarah Taylor,sarah.taylor1926@example.com,South,2021-01-03
C00525,Susan Taylor,susan.taylor6893@example.com,North,2023-05-29
C00526,Linda Thomas,linda.thomas6247@example.com,Central,2021-10-02
C00527,William Thomas,william.thomas3810@example.com,North,2023-04-17
C00528,William Miller,william.miller90@example.com,North,2021-08-30
C00529,Thomas Smith,thomas.smith6145@example.com,East,2021-08-07
C00530,Robert Wilson,robert.wilson9591@example.com,Central,2023-01-19
C00531,Karen Rodriguez,karen.rodriguez6512@example.com,West,2023-09-16
C00532,Jennifer Lopez,jennifer.lopez9161@example.com,East,2022-12-07
C00533,Richard Jones,richard.jones1952@example.com,West,2021-11-28
C00534,Patricia Miller,patricia.miller8329@example.com,East,2021-04-17
C00535,Jennifer Gonzalez,jennifer.gonzalez87@example.com,South,2023-06-11
C00536,John Williams,john.williams4311@example.com,North,2023-02-27
C00537,Richard Martin,richard.martin8537@example.com,Central,2021-12-25
C00538,Jessica Anderson,jessica.anderson176@example.com,Central,2021-03-10
C00539,Karen Taylor,karen.taylor8452@example.com,Central,2021-03-15
C00540,Barbara Davis,barbara.davis5@example.com,North,2023-03-30
C00541,Barbara Gonzalez,barbara.gonzalez6643@example.com,,2021-05-21
C00542,John Moore,john.moore4662@example.com,Central,2022-12-14
C00543,Barbara Rodriguez,barbara.rodriguez3708@example.com,South,2023-04-08
C00544,Charles Smith,charles.smith4278@example.com,Central,2021-05-29
C00545,Thomas Martinez,thomas.martinez5571@example.com,Central,2022-05-28
C00546,Joseph Gonzalez,joseph.gonzalez9227@example.com,South,2023-07-29
C00547,Joseph Jackson,joseph.jackson449@example.com,East,2022-03-28
C00548,Linda Hernandez,linda.hernandez6758@example.com,Central,2022-06-24
C00549,Linda Martinez,linda.martinez1524@example.com,East,2022-01-01
C00550,Jessica Hernandez,jessica.hernandez5793@example.com,Central,2022-01-25
C00551,Jessica Miller,jessica.miller3848@example.com,East,2022-02-20
C00552,Linda Martin,linda.martin5834@example.com,North,2021-06-10
C00553,Jessica Martin,jessica.martin109@example.com,Central,2023-09-15
C00554,Barbara Martin,barbara.martin5168@example.com,Central,2023-10-03
C00555,Jennifer Taylor,jennifer.taylor4592@example.com,Central,2023-12-13
C00556,Susan Thomas,,East,2021-12-24
C00557,Joseph Brown,joseph.brown8491@example.com,,2022-03-08
C00558,Richard Jackson,richard.jackson1651@example.com,Central,2022-01-19
C00559,Sarah Rodriguez,sarah.rodriguez3886@example.com,Central,2022-01-12
C00560,Jessica Wilson,jessica.wilson3450@example.com,East,2023-04-01
C00561,William Anderson,william.anderson2948@example.com,Central,2021-07-24
C00562,William Davis,william.davis9099@example.com,West,2021-11-03
C00563,Jessica Smith,jessica.smith2894@example.com,South,2023-11-25
C00564,Sarah Hernandez,sarah.hernandez7973@example.com,Central,2021-04-08
C00565,Richard Brown,richard.brown2677@example.com,East,2021-07-17
C00566,Joseph Hernandez,joseph.hernandez4257@example.com,Central,2022-06-12
C00567,Barbara Smith,barbara.smith6747@example.com,Central,2021-12-24
C00568,Elizabeth Lopez,elizabeth.lopez5327@example.com,West,2023-07-05
C00569,John Gonzalez,john.gonzalez4695@example.com,South,2022-11-22
C00570,Susan Martin,susan.martin9366@example.com,North,2022-12-05
C00571,Linda Hernandez,linda.hernandez5192@example.com,East,2023-03-21
C00572,William Anderson,william.anderson5951@example.com,Central,2023-04-28
C00573,Jennifer Garcia,jennifer.garcia379@example.com,South,2021-06-13
C00574,Michael Garcia,michael.garcia6506@example.com,North,2023-08-28
C00575,Sarah Johnson,sarah.johnson432@example.com,Central,2021-06-20
C00576,Patricia Rodriguez,patricia.rodriguez2545@example.com,West,2022-05-22
C00577,Elizabeth Anderson,elizabeth.anderson2072@example.com,South,2023-01-01
C00578,David Thomas,david.thomas7655@example.com,Central,2023-07-01
C00579,Robert Moore,robert.moore2901@example.com,West,2023-06-10
C00580,Thomas Moore,thomas.moore5074@example.com,West,2021-07-03
C00581,Joseph Martinez,joseph.martinez5993@example.com,South,2021-01-01
C00582,Thomas Jones,thomas.jones5635@example.com,,2023-10-05
C00583,Jessica Martinez,jessica.martinez150@example.com,East,2021-01-15
C00584,Sarah Lopez,sarah.lopez3090@example.com,Central,2022-05-27
C00585,Jennifer Gonzalez,jennifer.gonzalez6200@example.com,North,2022-05-06
C00586,Thomas Martin,thomas.martin4455@example.com,Central,2023-04-26
C00587,Michael Williams,michael.williams2989@example.com,North,2023-07-17
C00588,William Martin,william.martin8061@example.com,North,2021-02-15
C00589,Jennifer Brown,jennifer.brown4623@example.com,West,2022-04-22
C00590,John Jones,john.jones242@example.com,East,2023-10-18
C00591,Barbara Anderson,barbara.anderson520@example.com,South,2023-03-15
C00592,John Moore,john.moore7703@example.com,East,2021-01-26
C00593,Patricia Davis,patricia.davis6305@example.com,West,2021-03-10
C00594,Michael Anderson,michael.anderson1540@example.com,South,2022-10-02
C00595,David Garcia,david.garcia692@example.com,Central,2022-06-03
C00596,Jessica Martinez,jessica.martinez3256@example.com,North,2022-03-23
C00597,Patricia Davis,patricia.davis7114@example.com,South,2021-09-03
C00598,Richard Davis,richard.davis147@example.com,Central,2023-09-01
C00599,Karen Jones,karen.jones6085@example.com,South,2021-07-07
C00600,Karen Hernandez,karen.hernandez984@example.com,South,2021-08-08
C00601,Robert Thomas,robert.thomas3813@example.com,Central,2022-12-13
C00602,Joseph Miller,joseph.miller350@example.com,East,2022-05-29
C00603,Mary Thomas,mary.thomas7169@example.com,Central,2022-01-24
C00604,Charles Garcia,charles.garcia8907@example.com,West,2021-11-25
C00605,John Taylor,john.taylor2540@example.com,East,2023-07-19
C00606,James Taylor,james.taylor6211@example.com,North,2023-01-16
C00607,Karen Davis,karen.davis5255@example.com,Central,2022-01-24
C00608,Thomas Thomas,thomas.thomas9036@example.com,East,2022-10-22
C00609,Patricia Brown,patricia.brown8573@example.com,North,2021-09-23
C00610,Jennifer Johnson,jennifer.johnson3311@example.com,South,2023-03-07
C00611,Jessica Taylor,jessica.taylor9672@example.com,East,2021-05-26
C00612,James Miller,james.miller8052@example.com,North,2021-05-05
C00613,Barbara Moore,barbara.moore6815@example.com,North,2022-06-29
C00614,Thomas Johnson,thomas.johnson1154@example.com,North,2023-11-30
C00615,Patricia Brown,patricia.brown3785@example.com,South,2022-05-25
C00616,Charles Garcia,charles.garcia9150@example.com,West,2023-01-04
C00617,Joseph Wilson,joseph.wilson1706@example.com,South,2023-10-31
C00618,David Garcia,david.garcia8748@example.com,West,2022-10-08
C00619,Sarah Hernandez,sarah.hernandez6091@example.com,West,2022-10-25
C00620,Karen Davis,karen.davis9227@example.com,West,2022-06-05
C00621,Barbara Anderson,barbara.anderson7332@example.com,North,2022-08-06
C00622,Karen Smith,karen.smith8481@example.com,,2022-03-31
C00623,Michael Hernandez,michael.hernandez356@example.com,East,2023-11-14
C00624,Sarah Jackson,sarah.jackson9366@example.com,North,2021-11-16
C00625,Robert Rodriguez,robert.rodriguez6015@example.com,South,2022-09-08
C00626,John Jackson,john.jackson6551@example.com,South,2022-10-27
C00627,Jessica Garcia,jessica.garcia8000@example.com,Central,2021-07-15
C00628,Karen Martinez,karen.martinez613@example.com,Central,2021-04-25
C00629,David Lopez,david.lopez7116@example.com,North,2022-04-10
C00630,Karen Smith,karen.smith6267@example.com,Central,2021-11-03
C00631,David Taylor,david.taylor3618@example.com,West,2023-10-31
C00632,John Davis,john.davis7077@example.com,West,2022-11-20
C00633,John Thomas,john.thomas9363@example.com,Central,2021-06-24
C00634,Richard Taylor,richard.taylor7119@example.com,South,2023-09-12
C00635,Sarah Miller,sarah.miller7994@example.com,Central,2023-12-10
C00636,Linda Davis,linda.davis1174@example.com,West,2021-07-03
C00637,Patricia Wilson,patricia.wilson6940@example.com,South,2021-02-19
C00638,Elizabeth Garcia,elizabeth.garcia5730@example.com,West,2023-06-22
C00639,Mary Davis,mary.davis3272@example.com,South,2021-06-25
C00640,Patricia Johnson,patricia.johnson3983@example.com,South,2022-08-13
C00641,James Hernandez,james.hernandez1824@example.com,West,2022-03-05
C00642,Sarah Miller,sarah.miller3340@example.com,East,2021-10-17
C00643,James Gonzalez,james.gonzalez9552@example.com,Central,2021-12-15
C00644,Mary Martinez,mary.martinez3289@example.com,Central,2023-08-11
C00645,James Williams,james.williams6368@example.com,East,2021-02-09
C00646,Elizabeth Gonzalez,elizabeth.gonzalez3788@example.com,Central,2021-07-23
C00647,David Thomas,david.thomas9783@example.com,South,2023-07-27
C00648,Sarah Smith,sarah.smith652@example.com,Central,2023-10-01
C00649,Richard Garcia,richard.garcia302@example.com,East,2022-09-12
C00650,Linda Taylor,linda.taylor4520@example.com,East,2021-03-02
C00651,Sarah Rodriguez,sarah.rodriguez3696@example.com,West,2021-06-29
C00652,Richard Taylor,richard.taylor3727@example.com,Central,2022-10-02
C00653,Karen Hernandez,karen.hernandez7360@example.com,South,2022-02-19
C00654,Robert Martinez,robert.martinez8583@example.com,West,2021-10-25
C00655,Charles Garcia,charles.garcia5202@example.com,Central,2021-08-31
C00656,Jennifer Hernandez,jennifer.hernandez2385@example.com,East,2023-04-28
C00657,Susan Martinez,susan.martinez7259@example.com,East,2022-01-20
C00658,Patricia Jones,,Central,2022-04-18
C00659,Karen Davis,karen.davis3784@example.com,East,2023-09-04
C00660,Robert Taylor,robert.taylor9908@example.com,East,2023-03-05
C00661,Jessica Thomas,jessica.thomas2254@example.com,South,2021-01-31
C00662,William Wilson,william.wilson3647@example.com,South,2021-05-16
C00663,Jennifer Anderson,jennifer.anderson8028@example.com,West,2023-05-26
C00664,Richard Johnson,richard.johnson9961@example.com,West,2023-03-19
C00665,Karen Jackson,karen.jackson9729@example.com,North,2023-07-14
C00666,Joseph Johnson,joseph.johnson4026@example.com,West,2021-03-22
C00667,Sarah Gonzalez,sarah.gonzalez8457@example.com,North,2023-06-20
C00668,Richard Martinez,richard.martinez4685@example.com,West,2021-04-22
C00669,Thomas Jones,thomas.jones7596@example.com,West,2023-10-23
C00670,Patricia Garcia,patricia.garcia9592@example.com,Central,2023-04-27
C00671,David Anderson,david.anderson409@example.com,Central,2022-02-18
C00672,Joseph Williams,joseph.williams4098@example.com,South,2021-09-11
C00673,John Brown,john.brown7363@example.com,North,2023-02-26
C00674,Thomas Martin,thomas.martin2620@example.com,West,2021-12-16
C00675,David Jackson,david.jackson2460@example.com,South,2021-04-16
C00676,Susan Martinez,susan.martinez5072@example.com,West,2022-01-06
C00677,Patricia Jones,,,2023-10-17
C00678,Jessica Moore,jessica.moore95@example.com,West,2023-09-02
C00679,Joseph Wilson,joseph.wilson7240@example.com,,2022-07-24
C00680,Karen Moore,karen.moore3402@example.com,South,2022-12-16
C00681,Mary Jones,mary.jones532@example.com,Central,2021-06-29
C00682,Mary Brown,mary.brown6832@example.com,South,2021-12-30
C00683,Joseph Jackson,joseph.jackson5902@example.com,North,2022-10-24
C00684,Barbara Gonzalez,barbara.gonzalez1109@example.com,Central,2023-08-23
C00685,Robert Brown,robert.brown4497@example.com,West,2022-03-05
C00686,Karen Johnson,karen.johnson1791@example.com,Central,2023-09-18
C00687,Karen Martinez,karen.martinez6997@example.com,East,2022-12-26
C00688,Robert Martin,robert.martin9219@example.com,West,2022-01-04
C00689,Karen Davis,karen.davis4760@example.com,North,2023-08-11
C00690,Patricia Miller,patricia.miller6794@example.com,East,2022-03-11
C00691,James Miller,james.miller4615@example.com,North,2023-11-04
C00692,Sarah Hernandez,sarah.hernandez101@example.com,East,2021-03-01
C00693,Jennifer Miller,jennifer.miller5416@example.com,West,2021-03-14
C00694,Robert Thomas,robert.thomas2546@example.com,Central,2023-08-06
C00695,Susan Johnson,susan.johnson8538@example.com,East,2021-02-08
C00696,Michael Jackson,michael.jackson5435@example.com,East,2021-11-02
C00697,William Smith,william.smith5557@example.com,Central,2023-03-09
C00698,Jennifer Martin,jennifer.martin1915@example.com,East,2022-10-07
C00699,Mary Rodriguez,mary.rodriguez6781@example.com,South,2022-09-12
C00700,Michael Taylor,michael.taylor4954@example.com,East,2022-02-18
C00701,John Anderson,,West,2021-11-12
C00702,Michael Hernandez,michael.hernandez7922@example.com,Central,2022-11-02
C00703,Robert Brown,robert.brown8457@example.com,South,2021-03-16
C00704,Joseph Gonzalez,joseph.gonzalez8559@example.com,East,2021-06-28
C00705,David Anderson,david.anderson756@example.com,East,2022-10-02
C00706,Michael Hernandez,michael.hernandez3286@example.com,East,2023-06-23
C00707,Patricia Rodriguez,patricia.rodriguez2447@example.com,,2023-11-19
C00708,Patricia Miller,patricia.miller8889@example.com,East,2022-08-04
C00709,Charles Davis,charles.davis2807@example.com,Central,2023-06-28
C00710,Mary Jones,mary.jones476@example.com,North,2021-04-21
C00711,John Wilson,john.wilson6422@example.com,Central,2023-07-03
C00712,Karen Lopez,karen.lopez5120@example.com,South,2023-12-29
C00713,John Anderson,john.anderson9303@example.com,West,2022-09-28
C00714,Joseph Thomas,joseph.thomas3797@example.com,South,2022-06-13
C00715,Barbara Gonzalez,barbara.gonzalez3005@example.com,East,2022-10-28
C00716,Joseph Thomas,joseph.thomas496@example.com,North,2023-08-03
C00717,Jennifer Martinez,jennifer.martinez5712@example.com,South,2023-04-11
C00718,Patricia Hernandez,patricia.hernandez9112@example.com,East,2023-04-01
C00719,Charles Wilson,charles.wilson3909@example.com,Central,2023-09-15
C00720,Richard Williams,richard.williams5583@example.com,Central,2023-06-11
C00721,Charles Hernandez,charles.hernandez8922@example.com,South,2021-06-09
C00722,Charles Thomas,charles.thomas1874@example.com,West,2021-07-19
C00723,Joseph Garcia,joseph.garcia5047@example.com,North,2023-02-16
C00724,David Thomas,david.thomas1008@example.com,South,2021-01-01
C00725,Robert Jones,robert.jones7422@example.com,West,2023-07-05
C00726,Michael Miller,michael.miller5188@example.com,East,2023-06-10
C00727,Barbara Williams,,Central,2021-09-19
C00728,Elizabeth Johnson,elizabeth.johnson6050@example.com,,2023-01-06
C00729,Patricia Martinez,patricia.martinez511@example.com,Central,2022-10-14
C00730,Richard Gonzalez,richard.gonzalez6252@example.com,South,2023-08-31
C00731,Robert Miller,robert.miller9101@example.com,East,2021-11-12
C00732,Elizabeth Jones,,North,2023-09-24
C00733,Susan Jones,susan.jones1388@example.com,West,2023-05-22
C00734,Karen Garcia,karen.garcia7445@example.com,Central,2023-02-27
C00735,Barbara Davis,barbara.davis3045@example.com,North,2022-04-30
C00736,Thomas Rodriguez,thomas.rodriguez6732@example.com,Central,2021-03-19
C00737,Charles Thomas,charles.thomas6039@example.com,West,2021-06-13
C00738,Robert Taylor,robert.taylor4579@example.com,North,2021-07-01
C00739,Linda Thomas,linda.thomas1280@example.com,Central,2022-10-02
C00740,Karen Johnson,karen.johnson5629@example.com,North,2023-11-16
C00741,Jessica Jackson,jessica.jackson5432@example.com,East,2021-03-14
C00742,Karen Martinez,karen.martinez9236@example.com,West,2021-04-16
C00743,Elizabeth Martin,elizabeth.martin448@example.com,North,2021-06-07
C00744,William Rodriguez,william.rodriguez2172@example.com,East,2021-01-30
C00745,Patricia Martin,patricia.martin2861@example.com,South,2023-01-28
C00746,Jennifer Rodriguez,jennifer.rodriguez3870@example.com,Central,2022-12-04
C00747,John Jones,john.jones9758@example.com,South,2023-04-26
C00748,Richard Davis,richard.davis7212@example.com,South,2022-12-08
C00749,Mary Rodriguez,mary.rodriguez1901@example.com,West,2022-09-10
C00750,Jessica Moore,jessica.moore3829@example.com,West,2021-10-25
C00751,Thomas Wilson,thomas.wilson195@example.com,West,2022-10-09
C00752,Thomas Johnson,thomas.johnson1596@example.com,East,2023-06-04
C00753,Karen Rodriguez,karen.rodriguez5489@example.com,North,2023-03-13
C00754,Joseph Davis,joseph.davis9646@example.com,Central,2022-01-04
C00755,David Moore,david.moore174@example.com,,2021-07-20
C00756,Thomas Brown,thomas.brown7307@example.com,East,2021-03-11
C00757,James Martin,james.martin1507@example.com,Central,2022-03-21
C00758,Karen Brown,karen.brown1966@example.com,Central,2022-01-14
C00759,Patricia Garcia,patricia.garcia4151@example.com,North,2022-07-21
C00760,Susan Hernandez,susan.hernandez4217@example.com,North,2021-05-08
C00761,Richard Gonzalez,richard.gonzalez5451@example.com,East,2022-06-27
C00762,Jennifer Anderson,jennifer.anderson1138@example.com,South,2022-01-01
C00763,Jessica Brown,jessica.brown2358@example.com,West,2021-08-06
C00764,Joseph Rodriguez,,North,2022-05-29
C00765,Joseph Smith,joseph.smith8155@example.com,North,2023-03-11
C00766,William Jones,william.jones5404@example.com,,2023-10-02
C00767,Jessica Wilson,jessica.wilson6618@example.com,North,2021-01-07
C00768,Richard Thomas,richard.thomas1986@example.com,East,2022-09-13
C00769,Richard Johnson,richard.johnson1486@example.com,East,2023-07-31
C00770,Elizabeth Miller,elizabeth.miller2894@example.com,West,2022-09-05
C00771,Richard Brown,richard.brown5887@example.com,West,2021-10-14
C00772,Mary Miller,mary.miller416@example.com,Central,2023-03-08
C00773,John Moore,john.moore5042@example.com,West,2021-02-03
C00774,Mary Hernandez,mary.hernandez919@example.com,North,2022-03-10
C00775,Thomas Anderson,thomas.anderson8792@example.com,Central,2021-05-28
C00776,Mary Jones,mary.jones8011@example.com,West,2021-04-04
C00777,Linda Jones,linda.jones236@example.com,North,2021-07-19
C00778,Joseph Martin,joseph.martin2797@example.com,North,2021-08-06
C00779,Patricia Thomas,patricia.thomas9749@example.com,South,2022-02-20
C00780,Susan Hernandez,susan.hernandez6587@example.com,Central,2022-10-21
C00781,Michael Johnson,michael.johnson9718@example.com,North,2021-10-17
C00782,Susan Garcia,susan.garcia6061@example.com,West,2021-03-25
C00783,Robert Brown,robert.brown6163@example.com,North,2021-06-15
C00784,James Smith,james.smith2940@example.com,Central,2023-05-03
C00785,Jessica Jones,jessica.jones3378@example.com,East,2023-04-24
C00786,Linda Garcia,linda.garcia617@example.com,West,2021-06-30
C00787,Elizabeth Lopez,,South,2023-12-22
C00788,Patricia Martin,patricia.martin5930@example.com,Central,2023-08-09
C00789,Michael Rodriguez,michael.rodriguez870@example.com,South,2023-08-30
C00790,Jessica Garcia,jessica.garcia2618@example.com,North,2023-01-16
C00791,Elizabeth Miller,elizabeth.miller7122@example.com,Central,2023-07-18
C00792,Mary Brown,mary.brown860@example.com,South,2021-03-01
C00793,Jessica Taylor,jessica.taylor1902@example.com,South,2022-10-30
C00794,Susan Miller,susan.miller5337@example.com,North,2021-07-20
C00795,Linda Wilson,linda.wilson3277@example.com,South,2023-09-20
C00796,Mary Wilson,mary.wilson2375@example.com,Central,2023-03-05
C00797,Barbara Jones,barbara.jones7500@example.com,East,2022-02-19
C00798,David Jones,david.jones526@example.com,North,2021-08-16
C00799,Joseph Anderson,joseph.anderson6853@example.com,East,2022-08-28
C00800,Karen Garcia,karen.garcia2785@example.com,Central,2021-06-27
C00801,Susan Taylor,susan.taylor8016@example.com,South,2023-08-06
C00802,William Smith,william.smith7015@example.com,South,2023-06-09
C00803,Charles Davis,charles.davis9696@example.com,Central,2023-05-06
C00804,Mary Johnson,mary.johnson7712@example.com,Central,2023-12-24
C00805,Richard Thomas,richard.thomas1606@example.com,South,2021-01-26
C00806,Susan Miller,susan.miller2175@example.com,South,2021-07-05
C00807,James Thomas,james.thomas4995@example.com,West,2021-02-19
C00808,Joseph Anderson,joseph.anderson2272@example.com,West,2023-01-29
C00809,Joseph Smith,joseph.smith1159@example.com,East,2022-08-31
C00810,Susan Rodriguez,susan.rodriguez8888@example.com,South,2021-06-15
C00811,Karen Hernandez,karen.hernandez899@example.com,East,2021-08-16
C00812,Richard Lopez,richard.lopez7625@example.com,East,2021-05-18
C00813,Sarah Miller,sarah.miller2268@example.com,South,2023-09-07
C00814,Charles Miller,charles.miller3694@example.com,East,2023-05-17
C00815,William Johnson,william.johnson1039@example.com,West,2023-12-15
C00816,Patricia Thomas,patricia.thomas8715@example.com,Central,2023-07-15
C00817,Karen Lopez,karen.lopez1076@example.com,West,2023-03-12
C00818,Jennifer Martinez,jennifer.martinez1261@example.com,East,2021-10-31
C00819,Jessica Jones,jessica.jones3347@example.com,North,2021-09-28
C00820,Jessica Lopez,jessica.lopez6884@example.com,North,2021-05-09
C00821,James Davis,james.davis8514@example.com,West,2022-10-31
C00822,Jessica Jackson,jessica.jackson8687@example.com,West,2021-09-28
C00823,Elizabeth Garcia,elizabeth.garcia4260@example.com,East,2021-04-07
C00824,Robert Lopez,robert.lopez4660@example.com,South,2021-11-26
C00825,Sarah Martinez,sarah.martinez2987@example.com,South,2021-08-28
C00826,Mary Hernandez,mary.hernandez9414@example.com,East,2022-02-25
C00827,Sarah Johnson,sarah.johnson5193@example.com,South,2021-11-29
C00828,Sarah Martinez,sarah.martinez1991@example.com,West,2021-10-25
C00829,Joseph Hernandez,,Central,2022-11-10
C00830,Elizabeth Thomas,elizabeth.thomas4749@example.com,Central,2023-06-25
C00831,David Brown,david.brown7848@example.com,South,2021-08-28
C00832,Elizabeth Smith,elizabeth.smith6581@example.com,South,2021-07-09
C00833,David Johnson,david.johnson9964@example.com,Central,2022-07-24
C00834,Michael Smith,michael.smith1370@example.com,West,2021-06-28
C00835,Thomas Gonzalez,thomas.gonzalez3186@example.com,Central,2021-04-25
C00836,Barbara Gonzalez,barbara.gonzalez2424@example.com,West,2023-02-03
C00837,James Martinez,james.martinez5652@example.com,West,2021-06-29
C00838,Michael Anderson,michael.anderson6810@example.com,East,2023-05-19
C00839,Susan Jones,susan.jones9621@example.com,South,2023-08-31
C00840,Thomas Hernandez,thomas.hernandez1084@example.com,Central,2021-07-01
C00841,James Wilson,james.wilson4479@example.com,Central,2021-10-08
C00842,Michael Garcia,michael.garcia6255@example.com,West,2022-09-11
C00843,Charles Martinez,charles.martinez8096@example.com,West,2021-01-06
C00844,Robert Rodriguez,robert.rodriguez4918@example.com,West,2022-08-13
C00845,Susan Garcia,susan.garcia8060@example.com,South,2022-07-22
C00846,Jessica Williams,jessica.williams9813@example.com,Central,2023-06-13
C00847,William Thomas,william.thomas1960@example.com,,2022-06-16
C00848,Jennifer Jackson,jennifer.jackson959@example.com,West,2021-10-05
C00849,Barbara Garcia,barbara.garcia867@example.com,West,2022-12-31
C00850,Mary Martinez,mary.martinez4779@example.com,North,2022-01-11
C00851,Patricia Martin,patricia.martin2739@example.com,East,2022-09-09
C00852,William Lopez,william.lopez1571@example.com,East,2021-01-27
C00853,Robert Taylor,robert.taylor4611@example.com,West,2021-11-30
C00854,Patricia Miller,patricia.miller2533@example.com,South,2023-12-13
C00855,Sarah Moore,sarah.moore1868@example.com,North,2021-09-26
C00856,James Thomas,james.thomas5706@example.com,East,2023-06-25
C00857,Karen Taylor,karen.taylor5605@example.com,East,2021-08-31
C00858,Linda Jones,linda.jones2333@example.com,East,2021-09-24
C00859,John Wilson,john.wilson1831@example.com,West,2021-03-29
C00860,Michael Brown,michael.brown538@example.com,Central,2023-08-19
C00861,Patricia Rodriguez,patricia.rodriguez710@example.com,North,2021-09-11
C00862,Karen Miller,karen.miller9628@example.com,South,2021-03-01
C00863,John Jones,john.jones4545@example.com,East,2023-10-23
C00864,Karen Davis,karen.davis8273@example.com,North,2021-01-29
C00865,Thomas Miller,thomas.miller3139@example.com,South,2021-01-09
C00866,Patricia Miller,patricia.miller8261@example.com,West,2022-01-15
C00867,Joseph Brown,joseph.brown2964@example.com,West,2023-11-20
C00868,Linda Wilson,linda.wilson1849@example.com,East,2021-08-14
C00869,Thomas Jones,thomas.jones8124@example.com,East,2021-03-25
C00870,John Hernandez,john.hernandez8089@example.com,East,2022-10-01
C00871,Joseph Davis,joseph.davis9076@example.com,West,2021-05-23
C00872,Jessica Lopez,,West,2023-03-23
C00873,Joseph Taylor,joseph.taylor1393@example.com,West,2021-07-28
C00874,Jennifer Williams,jennifer.williams5960@example.com,East,2023-04-08
C00875,Patricia Davis,patricia.davis6959@example.com,East,2022-07-14
C00876,Richard Lopez,richard.lopez7796@example.com,West,2023-11-14
C00877,William Jones,william.jones7449@example.com,East,2022-04-18
C00878,Robert Smith,robert.smith1632@example.com,North,2021-02-24
C00879,Jennifer Gonzalez,jennifer.gonzalez9906@example.com,South,2021-07-17
C00880,John Taylor,john.taylor8065@example.com,South,2023-10-17
C00881,Jessica Taylor,jessica.taylor4288@example.com,Central,2021-03-06
C00882,Susan Brown,susan.brown6286@example.com,West,2021-03-15
C00883,Mary Garcia,mary.garcia9121@example.com,East,2021-12-03
C00884,Jessica Wilson,jessica.wilson2204@example.com,West,2021-08-13
C00885,Charles Thomas,charles.thomas9074@example.com,Central,2021-11-17
C00886,Thomas Johnson,thomas.johnson6413@example.com,Central,2022-12-24
C00887,Elizabeth Hernandez,,North,2023-01-21
C00888,Barbara Jackson,barbara.jackson441@example.com,East,2023-05-27
C00889,Barbara Lopez,barbara.lopez6750@example.com,South,2022-10-02
C00890,Charles Williams,charles.williams1074@example.com,North,2021-02-10
C00891,Sarah Hernandez,sarah.hernandez613@example.com,West,2023-05-13
C00892,William Smith,william.smith7696@example.com,East,2023-03-11
C00893,David Jackson,david.jackson1602@example.com,North,2022-02-26
C00894,David Thomas,david.thomas8238@example.com,East,2022-09-06
C00895,Barbara Wilson,barbara.wilson3306@example.com,North,2022-03-15
C00896,Elizabeth Rodriguez,elizabeth.rodriguez779@example.com,Central,2022-04-08
C00897,Karen Williams,karen.williams9474@example.com,East,2023-12-24
C00898,Jessica Wilson,jessica.wilson3437@example.com,North,2022-09-11
C00899,Thomas Martinez,thomas.martinez7093@example.com,East,2023-04-04
C00900,William Martin,william.martin8444@example.com,Central,2021-02-08
C00901,Thomas Garcia,thomas.garcia9452@example.com,West,2023-12-28
C00902,Karen Wilson,karen.wilson9276@example.com,North,2023-01-17
C00903,Joseph Jones,joseph.jones3939@example.com,East,2023-04-21
C00904,David Williams,david.williams3336@example.com,East,2021-11-25
C00905,William Martin,william.martin3869@example.com,North,2021-02-26
C00906,Linda Martinez,linda.martinez7605@example.com,West,2021-03-17
C00907,Michael Garcia,michael.garcia4469@example.com,East,2022-07-23
C00908,Sarah Garcia,sarah.garcia692@example.com,West,2021-04-24
C00909,John Hernandez,john.hernandez9857@example.com,North,2023-04-14
C00910,Barbara Williams,barbara.williams6503@example.com,South,2023-10-22
C00911,Patricia Taylor,patricia.taylor9510@example.com,Central,2021-07-04
C00912,Linda Martin,linda.martin2004@example.com,East,2023-03-10
C00913,Linda Wilson,linda.wilson3572@example.com,South,2022-07-17
C00914,Joseph Wilson,joseph.wilson4167@example.com,North,2023-02-07
C00915,Patricia Hernandez,patricia.hernandez8942@example.com,South,2021-10-24
C00916,Barbara Thomas,barbara.thomas6026@example.com,North,2021-03-13
C00917,Mary Davis,mary.davis4145@example.com,East,2023-01-14
C00918,Patricia Moore,patricia.moore3873@example.com,,2023-03-16
C00919,William Martinez,william.martinez1479@example.com,South,2021-11-25
C00920,Joseph Hernandez,joseph.hernandez6657@example.com,East,2023-10-04
C00921,Jessica Wilson,jessica.wilson5452@example.com,North,2022-06-19
C00922,Thomas Williams,thomas.williams5765@example.com,Central,2023-07-18
C00923,James Johnson,james.johnson3011@example.com,,2022-02-14
C00924,Elizabeth Hernandez,elizabeth.hernandez9435@example.com,South,2021-09-24
C00925,Karen Wilson,karen.wilson5234@example.com,South,2022-11-02
C00926,Elizabeth Miller,elizabeth.miller1383@example.com,South,2023-02-12
C00927,Charles Davis,charles.davis340@example.com,Central,2022-04-14
C00928,John Anderson,john.anderson3249@example.com,South,2023-05-29
C00929,Karen Rodriguez,karen.rodriguez2446@example.com,East,2021-08-29
C00930,James Taylor,james.taylor7130@example.com,West,2023-10-10
C00931,Patricia Davis,patricia.davis3329@example.com,East,2023-10-10
C00932,Richard Jones,richard.jones7067@example.com,Central,2022-08-03
C00933,Michael Wilson,michael.wilson2956@example.com,South,2022-06-21
C00934,Linda Martin,linda.martin7389@example.com,East,2023-07-28
C00935,John Smith,john.smith7683@example.com,East,2023-03-26
C00936,Michael Gonzalez,michael.gonzalez6936@example.com,East,2021-05-01
C00937,Mary Hernandez,mary.hernandez3848@example.com,East,2021-04-04
C00938,James Rodriguez,james.rodriguez8267@example.com,East,2023-01-30
C00939,Robert Moore,robert.moore674@example.com,East,2023-10-07
C00940,David Anderson,david.anderson2162@example.com,Central,2022-06-18
C00941,Patricia Hernandez,patricia.hernandez724@example.com,West,2022-07-30
C00942,Barbara Wilson,barbara.wilson4636@example.com,East,2022-06-25
C00943,Thomas Hernandez,thomas.hernandez7140@example.com,East,2023-10-04
C00944,Robert Moore,robert.moore7209@example.com,South,2022-01-11
C00945,Mary Thomas,mary.thomas4264@example.com,West,2023-10-11
C00946,Mary Anderson,mary.anderson5842@example.com,Central,2023-10-07
C00947,Patricia Jones,patricia.jones2026@example.com,South,2022-01-05
C00948,Jennifer Taylor,jennifer.taylor4470@example.com,Central,2021-01-09
C00949,Thomas Jackson,thomas.jackson2959@example.com,North,2023-10-18
C00950,Patricia Hernandez,patricia.hernandez426@example.com,North,2021-08-06
C00951,David Jones,david.jones474@example.com,West,2022-07-06
C00952,Karen Smith,karen.smith5398@example.com,Central,2022-10-28
C00953,Charles Jones,charles.jones3464@example.com,East,2021-04-24
C00954,John Moore,john.moore9868@example.com,West,2022-05-07
C00955,Richard Williams,richard.williams337@example.com,South,2023-04-05
C00956,Elizabeth Jones,elizabeth.jones1976@example.com,West,2022-09-28
C00957,Karen Jones,karen.jones5883@example.com,East,2023-09-30
C00958,Joseph Gonzalez,joseph.gonzalez7806@example.com,Central,2023-05-16
C00959,Barbara Martin,barbara.martin3054@example.com,West,2023-11-18
C00960,David Anderson,david.anderson3674@example.com,South,2023-12-16
C00961,Thomas Williams,thomas.williams4763@example.com,North,2023-09-06
C00962,Elizabeth Jones,elizabeth.jones2094@example.com,East,2023-12-08
C00963,Susan Martinez,susan.martinez9315@example.com,North,2023-11-18
C00964,Patricia Taylor,patricia.taylor6962@example.com,West,2022-06-03
C00965,Barbara Rodriguez,barbara.rodriguez9594@example.com,,2023-08-06
C00966,Jennifer Garcia,jennifer.garcia6439@example.com,West,2022-09-02
C00967,David Jackson,david.jackson7455@example.com,West,2022-06-27
C00968,David Garcia,david.garcia3459@example.com,Central,2021-08-06
C00969,Susan Moore,,,2023-09-05
C00970,Joseph Gonzalez,joseph.gonzalez9862@example.com,East,2023-01-09
C00971,Richard Martinez,richard.martinez1436@example.com,North,2021-02-02
C00972,Michael Smith,michael.smith3429@example.com,South,2023-06-12
C00973,Sarah Miller,sarah.miller1411@example.com,West,2023-05-15
C00974,James Brown,james.brown2722@example.com,West,2023-08-24
C00975,James Anderson,james.anderson9589@example.com,East,2023-03-14
C00976,Mary Hernandez,mary.hernandez130@example.com,West,2023-10-13
C00977,Charles Martin,charles.martin9082@example.com,North,2023-09-23
C00978,Thomas Jackson,thomas.jackson7994@example.com,North,2023-05-15
C00979,Charles Hernandez,charles.hernandez9065@example.com,West,2021-08-28
C00980,Jessica Martin,jessica.martin5682@example.com,West,2022-08-13
C00981,Michael Thomas,michael.thomas5634@example.com,Central,2022-11-26
C00982,Karen Anderson,karen.anderson2149@example.com,West,2023-01-08
C00983,Jessica Garcia,jessica.garcia3395@example.com,North,2021-09-22
C00984,Jennifer Miller,jennifer.miller2562@example.com,North,2023-10-09
C00985,Elizabeth Davis,elizabeth.davis3432@example.com,North,2022-06-19
C00986,Barbara Garcia,barbara.garcia2863@example.com,Central,2021-05-11
C00987,David Wilson,david.wilson1868@example.com,North,2023-09-24
C00988,William Hernandez,william.hernandez5821@example.com,Central,2021-11-06
C00989,Thomas Martin,thomas.martin1707@example.com,West,2021-08-16
C00990,Patricia Martin,patricia.martin9989@example.com,North,2021-03-27
C00991,Thomas Brown,thomas.brown2737@example.com,South,2021-11-18
C00992,Elizabeth Anderson,elizabeth.anderson8289@example.com,North,2023-01-15
C00993,David Jones,david.jones2015@example.com,West,2021-01-14
C00994,Linda Thomas,linda.thomas5593@example.com,South,2023-02-02
C00995,Susan Lopez,susan.lopez4022@example.com,Central,2022-04-13
C00996,Robert Wilson,robert.wilson6774@example.com,West,2023-11-24
C00997,Barbara Smith,barbara.smith7252@example.com,North,2023-11-26
C00998,John Williams,john.williams5543@example.com,South,2023-03-17
C00999,Mary Jones,mary.jones9414@example.com,Central,2023-05-09
C01000,Richard Moore,richard.moore4987@example.com,East,2021-01-17
C01001,William Taylor,william.taylor2407@example.com,West,2023-06-25
C01002,Barbara Gonzalez,barbara.gonzalez3233@example.com,North,2022-11-17
C01003,Richard Jones,richard.jones8528@example.com,East,2023-11-14
C01004,Sarah Martinez,sarah.martinez8542@example.com,South,2022-06-14
C01005,Linda Martinez,linda.martinez6927@example.com,North,2023-02-03
C01006,William Taylor,william.taylor5808@example.com,North,2021-01-11
C01007,Joseph Hernandez,joseph.hernandez3869@example.com,Central,2023-12-29
C01008,Karen Davis,karen.davis5740@example.com,Central,2023-02-13
C01009,Thomas Davis,thomas.davis1725@example.com,Central,2023-01-10
C01010,Joseph Brown,joseph.brown2402@example.com,West,2021-05-08
C01011,Susan Jones,susan.jones7803@example.com,North,2023-12-14
C01012,Richard Jackson,richard.jackson9159@example.com,West,2023-10-19
C01013,Susan Anderson,susan.anderson8021@example.com,West,2021-10-23
C01014,Thomas Jones,thomas.jones7943@example.com,South,2023-11-18
C01015,Thomas Brown,thomas.brown3484@example.com,North,2023-01-27
C01016,Patricia Martin,patricia.martin6695@example.com,East,2021-03-24
C01017,Thomas Jones,thomas.jones1930@example.com,East,2023-09-23
C01018,James Jones,james.jones2329@example.com,West,2022-09-17
C01019,Elizabeth Miller,elizabeth.miller3000@example.com,,2022-12-16
C01020,John Johnson,john.johnson6842@example.com,East,2022-11-23
C01021,Richard Thomas,richard.thomas9924@example.com,South,2023-08-02
C01022,Joseph Anderson,joseph.anderson2441@example.com,East,2023-04-19
C01023,Richard Davis,richard.davis6479@example.com,North,2023-06-27
C01024,William Williams,william.williams2714@example.com,Central,2022-09-25
C01025,Sarah Brown,sarah.brown9165@example.com,Central,2021-04-19
C01026,Charles Taylor,charles.taylor3104@example.com,Central,2021-09-04
C01027,Sarah Garcia,sarah.garcia311@example.com,South,2023-06-29
C01028,John Moore,john.moore9943@example.com,Central,2021-02-17
C01029,David Wilson,david.wilson2958@example.com,Central,2022-06-11
C01030,John Brown,john.brown1628@example.com,East,2022-06-08
C01031,John Jones,john.jones5027@example.com,South,2022-10-29
C01032,Jennifer Smith,jennifer.smith959@example.com,North,2023-04-26
C01033,David Rodriguez,david.rodriguez6153@example.com,North,2022-05-06
C01034,Karen Jackson,karen.jackson3875@example.com,Central,2021-08-24
C01035,William Johnson,william.johnson5216@example.com,West,2021-03-01
C01036,Susan Davis,susan.davis306@example.com,Central,2022-05-20
C01037,Sarah Jones,sarah.jones4991@example.com,West,2023-10-22
C01038,Michael Jones,michael.jones6117@example.com,South,2023-05-18
C01039,Sarah Anderson,,West,2022-08-16
C01040,Jennifer Smith,jennifer.smith986@example.com,West,2022-05-29
C01041,Richard Lopez,richard.lopez3486@example.com,Central,2021-11-27
C01042,Sarah Jackson,sarah.jackson1146@example.com,West,2021-10-14
C01043,Sarah Rodriguez,sarah.rodriguez7078@example.com,Central,2022-10-14
C01044,David Rodriguez,david.rodriguez7418@example.com,East,2023-07-31
C01045,Karen Hernandez,karen.hernandez261@example.com,South,2021-01-05
C01046,Karen Thomas,karen.thomas71@example.com,South,2023-09-29
C01047,Richard Moore,richard.moore1330@example.com,North,2023-07-01
C01048,Patricia Lopez,patricia.lopez6167@example.com,East,2021-01-18
C01049,Patricia Anderson,patricia.anderson6070@example.com,,2021-02-10
C01050,William Lopez,william.lopez3138@example.com,Central,2022-03-29
C01051,Linda Thomas,,West,2022-03-05
C01052,James Miller,james.miller6490@example.com,East,2023-10-09
C01053,Jennifer Moore,jennifer.moore3175@example.com,Central,2021-12-26
C01054,John Jackson,john.jackson2102@example.com,South,2022-04-12
C01055,Thomas Rodriguez,thomas.rodriguez3144@example.com,North,2023-12-28
C01056,Karen Rodriguez,karen.rodriguez9177@example.com,North,2021-04-17
C01057,David Wilson,david.wilson6667@example.com,Central,2023-01-11
C01058,Thomas Johnson,thomas.johnson3679@example.com,West,2022-10-10
C01059,James Gonzalez,james.gonzalez3189@example.com,Central,2022-04-08
C01060,Susan Williams,susan.williams4096@example.com,East,2021-07-18
C01061,James Thomas,james.thomas7078@example.com,Central,2022-11-16
C01062,William Davis,william.davis1767@example.com,East,2022-11-15
C01063,Thomas Davis,thomas.davis1195@example.com,Central,2021-07-15
C01064,Joseph Jackson,joseph.jackson2046@example.com,North,2023-02-12
C01065,David Williams,david.williams2090@example.com,West,2023-06-04
C01066,John Brown,john.brown915@example.com,East,2023-04-03
C01067,Patricia Martin,patricia.martin6736@example.com,Central,2021-01-22
C01068,Joseph Gonzalez,joseph.gonzalez7606@example.com,Central,2022-11-27
C01069,James Anderson,james.anderson8475@example.com,South,2021-01-26
C01070,Karen Williams,karen.williams9714@example.com,South,2021-09-16
C01071,Thomas Rodriguez,thomas.rodriguez5823@example.com,Central,2022-05-13
C01072,Robert Johnson,robert.johnson992@example.com,Central,2023-01-03
C01073,Elizabeth Jackson,elizabeth.jackson8867@example.com,South,2022-12-04
C01074,Elizabeth Lopez,elizabeth.lopez133@example.com,South,2023-11-05
C01075,Sarah Johnson,sarah.johnson6916@example.com,South,2022-02-17
C01076,John Hernandez,john.hernandez3103@example.com,West,2022-11-10
C01077,Charles Jackson,charles.jackson5500@example.com,West,2021-08-03
C01078,Joseph Johnson,joseph.johnson8126@example.com,North,2022-04-17
C01079,Joseph Martin,joseph.martin3493@example.com,East,2023-02-09
C01080,Michael Gonzalez,michael.gonzalez3019@example.com,North,2021-06-01
C01081,Barbara Smith,barbara.smith9089@example.com,East,2023-01-08
C01082,Mary Smith,mary.smith3263@example.com,South,2022-06-21
C01083,Jennifer Hernandez,jennifer.hernandez9086@example.com,South,2022-06-21
C01084,Patricia Smith,patricia.smith2249@example.com,North,2022-03-07
C01085,Elizabeth Anderson,elizabeth.anderson3935@example.com,East,2023-12-16
C01086,Karen Wilson,karen.wilson1072@example.com,South,2022-01-28
C01087,Sarah Gonzalez,sarah.gonzalez6132@example.com,West,2022-05-16
C01088,Mary Martin,mary.martin9623@example.com,Central,2021-11-01
C01089,David Davis,david.davis873@example.com,East,2023-11-07
C01090,Charles Thomas,charles.thomas3429@example.com,West,2021-05-13
C01091,Jennifer Taylor,jennifer.taylor6359@example.com,Central,2023-11-29
C01092,Joseph Garcia,joseph.garcia5273@example.com,Central,2023-10-11
C01093,Jessica Rodriguez,jessica.rodriguez9523@example.com,Central,2022-03-01
C01094,Linda Miller,linda.miller7407@example.com,West,2023-05-21
C01095,Richard Jackson,richard.jackson2576@example.com,East,2021-06-23
C01096,Robert Williams,robert.williams4835@example.com,East,2021-03-26
C01097,Joseph Taylor,joseph.taylor5512@example.com,West,2023-01-23
C01098,Jessica Hernandez,jessica.hernandez4474@example.com,South,2022-06-28
C01099,John Lopez,john.lopez1351@example.com,Central,2021-06-10
C01100,William Davis,william.davis1613@example.com,East,2022-02-15
C01101,David Miller,david.miller5395@example.com,East,2021-10-10
C01102,Sarah Rodriguez,sarah.rodriguez140@example.com,East,2023-04-08
C01103,Richard Jackson,richard.jackson195@example.com,Central,2021-11-02
C01104,Richard Davis,richard.davis3718@example.com,South,2023-11-23
C01105,Charles Moore,charles.moore7680@example.com,West,2021-06-25
C01106,David Miller,david.miller7026@example.com,West,2023-07-11
C01107,Sarah Smith,sarah.smith6140@example.com,South,2021-01-20
C01108,Jessica Lopez,jessica.lopez5568@example.com,West,2023-04-07
C01109,Sarah Martinez,sarah.martinez5343@example.com,Central,2021-10-12
C01110,Robert Hernandez,robert.hernandez9310@example.com,Central,2023-03-12
C01111,Richard Miller,richard.miller6401@example.com,West,2021-08-11
C01112,David Jackson,david.jackson7398@example.com,East,2021-08-02
C01113,Sarah Garcia,sarah.garcia526@example.com,Central,2022-01-18
C01114,Michael Williams,michael.williams6323@example.com,South,2023-12-10
C01115,John Anderson,john.anderson942@example.com,North,2023-04-22
C01116,Richard Garcia,richard.garcia1815@example.com,West,2021-05-21
C01117,Richard Miller,richard.miller2129@example.com,East,2023-08-31
C01118,Jennifer Martin,jennifer.martin9423@example.com,Central,2023-07-29
C01119,William Miller,william.miller122@example.com,West,2023-03-29
C01120,Karen Davis,karen.davis8616@example.com,Central,2023-08-01
C01121,Joseph Jackson,joseph.jackson641@example.com,East,2023-07-24
C01122,Barbara Martinez,barbara.martinez6408@example.com,South,2022-01-03
C01123,Karen Wilson,karen.wilson7502@example.com,South,2021-07-15
C01124,Richard Johnson,richard.johnson3928@example.com,South,2022-08-21
C01125,John Miller,john.miller8086@example.com,Central,2023-01-26
C01126,John Brown,john.brown8265@example.com,East,2021-12-04
C01127,William Miller,william.miller8292@example.com,North,2023-08-04
C01128,Richard Hernandez,richard.hernandez6543@example.com,West,2022-05-29
C01129,Patricia Jones,patricia.jones5360@example.com,West,2021-05-20
C01130,John Moore,john.moore3970@example.com,West,2022-07-26
C01131,Jennifer Garcia,jennifer.garcia296@example.com,South,2023-03-12
C01132,Jennifer Williams,jennifer.williams184@example.com,South,2021-12-31
C01133,Michael Johnson,michael.johnson8722@example.com,North,2023-12-07
C01134,Patricia Gonzalez,patricia.gonzalez5052@example.com,,2023-02-12
C01135,Michael Davis,michael.davis6139@example.com,South,2023-05-14
C01136,James Smith,james.smith5524@example.com,North,2021-07-17
C01137,Jennifer Garcia,jennifer.garcia722@example.com,North,2022-10-23
C01138,Sarah Miller,sarah.miller3394@example.com,West,2021-09-05
C01139,Linda Miller,linda.miller1735@example.com,,2022-10-10
C01140,James Gonzalez,james.gonzalez3486@example.com,North,2022-07-25
C01141,Karen Lopez,karen.lopez720@example.com,South,2023-10-21
C01142,Patricia Moore,patricia.moore9326@example.com,North,2023-03-07
C01143,Robert Hernandez,robert.hernandez2873@example.com,East,2023-09-15
C01144,John Hernandez,john.hernandez290@example.com,Central,2023-11-13
C01145,Linda Taylor,linda.taylor9626@example.com,North,2021-09-12
C01146,Elizabeth Davis,elizabeth.davis7021@example.com,Central,2021-10-09
C01147,Barbara Thomas,barbara.thomas4860@example.com,West,2021-03-19
C01148,Linda Martin,linda.martin7271@example.com,East,2022-10-13
C01149,Mary Taylor,mary.taylor6798@example.com,East,2022-04-15
C01150,David Hernandez,david.hernandez3970@example.com,North,2022-05-24
C01151,Linda Martin,linda.martin6251@example.com,South,2021-01-13
C01152,John Thomas,john.thomas1147@example.com,North,2021-10-17
C01153,Michael Jones,michael.jones1504@example.com,Central,2022-02-23
C01154,Linda Taylor,linda.taylor1281@example.com,West,2022-02-09
C01155,Linda Wilson,linda.wilson2891@example.com,East,2023-07-08
C01156,Michael Rodriguez,michael.rodriguez7884@example.com,East,2021-12-10
C01157,Jessica Anderson,jessica.anderson6926@example.com,West,2023-09-15
C01158,James Gonzalez,james.gonzalez7003@example.com,East,2021-11-09
C01159,Sarah Garcia,sarah.garcia4216@example.com,East,2023-02-08
C01160,Sarah Martin,sarah.martin7879@example.com,South,2022-02-05
C01161,Robert Miller,,Central,2023-02-06
C01162,Jessica Gonzalez,jessica.gonzalez6813@example.com,East,2022-09-23
C01163,Charles Williams,charles.williams6698@example.com,North,2021-11-29
C01164,Michael Wilson,michael.wilson4183@example.com,East,2023-09-28
C01165,Barbara Johnson,barbara.johnson6314@example.com,South,2021-03-12
C01166,Barbara Smith,barbara.smith2423@example.com,West,2021-10-29
C01167,William Davis,william.davis9866@example.com,,2021-07-09
C01168,Richard Gonzalez,richard.gonzalez9604@example.com,North,2022-01-22
C01169,Susan Garcia,susan.garcia6994@example.com,East,2023-12-28
C01170,Richard Jackson,richard.jackson5046@example.com,North,2022-12-07
C01171,Robert Rodriguez,robert.rodriguez3433@example.com,West,2021-01-14
C01172,Jennifer Thomas,jennifer.thomas26@example.com,West,2022-08-14
C01173,Susan Garcia,susan.garcia2891@example.com,South,2022-01-08
C01174,Thomas Brown,thomas.brown7384@example.com,South,2021-05-01
C01175,Jennifer Miller,jennifer.miller4250@example.com,West,2021-08-12
C01176,Jennifer Williams,jennifer.williams4803@example.com,North,2022-12-02
C01177,James Jackson,james.jackson3847@example.com,,2022-06-29
C01178,James Jackson,james.jackson686@example.com,Central,2023-02-09
C01179,Karen Taylor,karen.taylor4356@example.com,West,2023-05-30
C01180,David Lopez,david.lopez5621@example.com,South,2023-03-28
C01181,Richard Martin,richard.martin938@example.com,East,2021-01-07
C01182,Joseph Gonzalez,,North,2022-07-27
C01183,Linda Lopez,linda.lopez7405@example.com,West,2022-01-20
C01184,James Hernandez,james.hernandez273@example.com,North,2022-10-29
C01185,Joseph Davis,joseph.davis9942@example.com,Central,2022-12-15
C01186,Susan Thomas,susan.thomas1646@example.com,East,2021-10-21
C01187,Thomas Jackson,,West,2022-09-10
C01188,Sarah Anderson,sarah.anderson2754@example.com,North,2022-05-09
C01189,Linda Miller,linda.miller2793@example.com,North,2021-03-01
C01190,Jennifer Hernandez,jennifer.hernandez6284@example.com,South,2023-09-03
C01191,Patricia Jones,patricia.jones8758@example.com,West,2022-11-13
C01192,Linda Jackson,linda.jackson9842@example.com,East,2023-02-21
C01193,Sarah Wilson,sarah.wilson3824@example.com,North,2021-08-17
C01194,John Hernandez,john.hernandez9703@example.com,North,2021-09-18
C01195,David Gonzalez,david.gonzalez9453@example.com,East,2022-01-24
C01196,Richard Wilson,richard.wilson5238@example.com,South,2022-03-31
C01197,Patricia Gonzalez,patricia.gonzalez151@example.com,West,2022-08-31
C01198,Linda Thomas,linda.thomas7468@example.com,East,2021-03-12
C01199,Karen Hernandez,karen.hernandez5061@example.com,North,2023-09-07
C01200,Michael Thomas,michael.thomas4776@example.com,West,2022-11-14
C01201,Robert Miller,robert.miller3688@example.com,North,2022-01-02
C01202,Jessica Gonzalez,jessica.gonzalez4901@example.com,South,2023-03-15
C01203,David Wilson,david.wilson7757@example.com,West,2023-12-18
C01204,Elizabeth Martinez,elizabeth.martinez3197@example.com,Central,2021-09-26
C01205,David Jackson,david.jackson887@example.com,East,2021-12-02
C01206,Charles Jones,charles.jones7240@example.com,East,2022-03-06
C01207,Michael Miller,michael.miller150@example.com,Central,2021-10-30
C01208,Richard Wilson,richard.wilson2757@example.com,North,2023-08-29
C01209,Jennifer Johnson,jennifer.johnson1923@example.com,East,2021-11-01
C01210,Richard Davis,richard.davis557@example.com,West,2021-12-20
C01211,Richard Williams,richard.williams7597@example.com,West,2023-07-01
C01212,Barbara Smith,barbara.smith1967@example.com,North,2023-11-10
C01213,Linda Smith,linda.smith9615@example.com,Central,2021-07-13
C01214,Charles Garcia,charles.garcia6291@example.com,West,2021-09-14
C01215,Patricia Hernandez,patricia.hernandez1041@example.com,Central,2021-02-10
C01216,Richard Moore,richard.moore8789@example.com,Central,2023-11-29
C01217,Charles Moore,charles.moore2034@example.com,South,2021-08-29
C01218,Jennifer Martin,,West,2021-09-09
C01219,Mary Jones,mary.jones9423@example.com,South,2022-06-10
C01220,Mary Williams,mary.williams2044@example.com,East,2021-12-18
C01221,Susan Smith,susan.smith4069@example.com,Central,2022-08-24
C01222,Sarah Anderson,sarah.anderson2292@example.com,East,2022-12-23
C01223,Karen Moore,karen.moore8366@example.com,North,2021-04-02
C01224,Linda Johnson,linda.johnson3082@example.com,South,2022-03-19
C01225,Charles Lopez,charles.lopez4545@example.com,Central,2022-06-07
C01226,William Gonzalez,william.gonzalez2676@example.com,North,2023-05-22
C01227,Robert Moore,robert.moore3339@example.com,East,2022-01-30
C01228,Barbara Jackson,barbara.jackson8380@example.com,West,2022-10-10
C01229,Susan Gonzalez,susan.gonzalez425@example.com,South,2021-09-13
C01230,Sarah Brown,sarah.brown8985@example.com,East,2023-01-14
C01231,David Rodriguez,david.rodriguez2398@example.com,South,2021-07-20
C01232,Richard Davis,richard.davis6204@example.com,North,2022-09-20
C01233,Charles Thomas,charles.thomas1566@example.com,Central,2022-07-10
C01234,Karen Brown,karen.brown786@example.com,West,2023-12-25
C01235,Sarah Martin,sarah.martin6598@example.com,South,2023-11-18
C01236,Robert Jones,robert.jones2338@example.com,East,2023-01-29
C01237,Linda Martin,linda.martin6853@example.com,South,2022-12-26
C01238,Joseph Taylor,joseph.taylor4700@example.com,West,2022-04-14
C01239,Elizabeth Williams,elizabeth.williams5008@example.com,East,2021-06-12
C01240,John Davis,john.davis1535@example.com,North,2022-08-09
C01241,Sarah Thomas,sarah.thomas176@example.com,West,2021-10-07
C01242,Jessica Thomas,jessica.thomas8438@example.com,Central,2023-04-11
C01243,James Martin,james.martin3116@example.com,North,2022-12-08
C01244,Linda Taylor,linda.taylor9982@example.com,West,2023-12-09
C01245,Linda Garcia,linda.garcia1231@example.com,South,2021-04-15
C01246,Susan Thomas,susan.thomas6212@example.com,North,2022-05-27
C01247,Sarah Brown,sarah.brown4753@example.com,East,2021-01-05
C01248,Charles Gonzalez,charles.gonzalez3563@example.com,Central,2021-03-14
C01249,Joseph Martin,joseph.martin8000@example.com,North,2022-11-04
C01250,Elizabeth Lopez,,South,2021-01-19
C01251,Patricia Wilson,patricia.wilson8062@example.com,Central,2021-11-11
C01252,Susan Brown,,East,2023-03-21
C01253,Barbara Martinez,barbara.martinez5972@example.com,South,2022-07-06
C01254,Patricia Anderson,patricia.anderson7199@example.com,East,2021-01-12
C01255,Barbara Miller,barbara.miller1814@example.com,North,2023-05-13
C01256,David Johnson,david.johnson2627@example.com,West,2022-06-29
C01257,Patricia Wilson,patricia.wilson8013@example.com,South,2023-03-30
C01258,Thomas Gonzalez,thomas.gonzalez2154@example.com,North,2021-09-16
C01259,Robert Lopez,,South,2022-12-02
C01260,Susan Martin,susan.martin132@example.com,East,2021-06-19
C01261,Susan Davis,susan.davis2499@example.com,South,2021-08-24
C01262,William Davis,william.davis7032@example.com,North,2023-10-26
C01263,Karen Garcia,karen.garcia3092@example.com,Central,2021-11-01
C01264,Linda Brown,linda.brown2168@example.com,East,2021-10-27
C01265,Susan Smith,susan.smith3271@example.com,North,2023-12-12
C01266,Elizabeth Davis,elizabeth.davis3634@example.com,West,2023-05-25
C01267,Mary Martinez,mary.martinez1804@example.com,East,2023-05-07
C01268,Linda Hernandez,linda.hernandez780@example.com,North,2022-10-21
C01269,Michael Martinez,michael.martinez7735@example.com,Central,2022-01-14
C01270,William Thomas,william.thomas5957@example.com,North,2021-01-28
C01271,Sarah Jones,sarah.jones5427@example.com,East,2023-12-20
C01272,Karen Lopez,karen.lopez3904@example.com,South,2021-06-28
C01273,Patricia Jones,patricia.jones9861@example.com,Central,2022-01-26
C01274,Michael Anderson,michael.anderson1617@example.com,Central,2022-09-10
C01275,Jessica Miller,jessica.miller8742@example.com,North,2023-05-07
C01276,Sarah Rodriguez,sarah.rodriguez9181@example.com,East,2021-08-29
C01277,Susan Williams,susan.williams7911@example.com,Central,2021-12-08
C01278,Karen Rodriguez,karen.rodriguez2113@example.com,Central,2022-01-25
C01279,Richard Thomas,richard.thomas8724@example.com,North,2023-11-10
C01280,Richard Moore,richard.moore6394@example.com,East,2021-01-08
C01281,Jennifer Jackson,jennifer.jackson3569@example.com,North,2023-11-17
C01282,Joseph Taylor,joseph.taylor8603@example.com,South,2022-07-04
C01283,Sarah Brown,sarah.brown2804@example.com,Central,2021-03-22
C01284,Robert Rodriguez,robert.rodriguez2179@example.com,North,2022-05-25
C01285,Michael Moore,,East,2023-01-26
C01286,David Williams,david.williams9000@example.com,South,2022-08-27
C01287,David Johnson,david.johnson171@example.com,South,2022-07-27
C01288,Jennifer Rodriguez,jennifer.rodriguez257@example.com,Central,2023-02-22
C01289,William Martin,william.martin9026@example.com,West,2022-07-05
C01290,Michael Jackson,michael.jackson6480@example.com,South,2023-06-08
C01291,Barbara Jones,barbara.jones7849@example.com,South,2021-12-27
C01292,Michael Jackson,michael.jackson8037@example.com,South,2021-02-13
C01293,Elizabeth Garcia,elizabeth.garcia2912@example.com,Central,2021-10-21
C01294,John Wilson,john.wilson4019@example.com,West,2023-12-15
C01295,Robert Smith,robert.smith9885@example.com,West,2021-01-28
C01296,Mary Jones,mary.jones4069@example.com,East,2021-01-28
C01297,James Brown,james.brown8887@example.com,East,2021-06-24
C01298,Michael Jones,michael.jones7872@example.com,West,2022-09-22
C01299,David Thomas,david.thomas2532@example.com,Central,2021-09-10
C01300,James Johnson,james.johnson1685@example.com,North,2023-05-01
C01301,Robert Smith,,West,2022-12-25
C01302,Elizabeth Davis,elizabeth.davis6304@example.com,North,2021-08-14
C01303,Linda Brown,linda.brown4618@example.com,Central,2023-01-09
C01304,John Johnson,john.johnson9905@example.com,West,2022-01-07
C01305,Susan Jones,susan.jones4941@example.com,East,2021-08-01
C01306,William Thomas,william.thomas6048@example.com,North,2021-11-01
C01307,Robert Hernandez,robert.hernandez2422@example.com,West,2021-08-20
C01308,Charles Wilson,charles.wilson4563@example.com,East,2022-01-08
C01309,Richard Lopez,richard.lopez5232@example.com,West,2023-04-28
C01310,Karen Hernandez,karen.hernandez2265@example.com,South,2023-10-16
C01311,Sarah Moore,sarah.moore8071@example.com,South,2023-05-14
C01312,Thomas Jackson,thomas.jackson3594@example.com,South,2022-02-21
C01313,James Lopez,james.lopez9149@example.com,South,2021-05-03
C01314,Barbara Lopez,barbara.lopez2284@example.com,South,2023-05-13
C01315,Linda Miller,linda.miller3680@example.com,South,2021-10-21
C01316,Richard Smith,richard.smith6959@example.com,North,2021-06-01
C01317,Jessica Martin,,East,2022-05-17
C01318,John Smith,john.smith9326@example.com,West,2022-01-09
C01319,Jessica Jones,jessica.jones8642@example.com,East,2022-11-22
C01320,Joseph Smith,joseph.smith4699@example.com,North,2021-03-07
C01321,Karen Garcia,karen.garcia8246@example.com,West,2023-07-20
C01322,Sarah Rodriguez,sarah.rodriguez9373@example.com,South,2021-11-18
C01323,William Williams,william.williams8545@example.com,South,2023-04-01
C01324,Karen Johnson,karen.johnson3587@example.com,Central,2021-06-08
C01325,Joseph Thomas,joseph.thomas5132@example.com,West,2021-12-04
C01326,Mary Lopez,mary.lopez6951@example.com,North,2023-01-13
C01327,Karen Hernandez,karen.hernandez460@example.com,South,2021-05-14
C01328,Michael Martin,michael.martin180@example.com,East,2022-02-18
C01329,Mary Davis,mary.davis4411@example.com,Central,2023-09-18
C01330,Mary Johnson,mary.johnson5155@example.com,,2023-01-01
C01331,Elizabeth Gonzalez,elizabeth.gonzalez8196@example.com,West,2021-09-23
C01332,Patricia Hernandez,patricia.hernandez6673@example.com,Central,2021-11-04
C01333,James Jackson,james.jackson6261@example.com,North,2021-11-07
C01334,Joseph Williams,joseph.williams1529@example.com,South,2021-10-16
C01335,Jennifer Taylor,jennifer.taylor8460@example.com,Central,2022-12-01
C01336,Joseph Jones,joseph.jones5555@example.com,Central,2023-06-02
C01337,Mary Gonzalez,mary.gonzalez3918@example.com,Central,2021-11-09
C01338,Charles Thomas,charles.thomas1596@example.com,South,2022-09-26
C01339,Sarah Williams,sarah.williams8175@example.com,East,2022-08-29
C01340,Jennifer Williams,jennifer.williams4590@example.com,East,2022-01-02
C01341,Joseph Rodriguez,joseph.rodriguez7754@example.com,West,2021-10-15
C01342,Patricia Jackson,,East,2021-09-22
C01343,Joseph Lopez,joseph.lopez8397@example.com,East,2023-04-27
C01344,Thomas Anderson,thomas.anderson4307@example.com,North,2021-04-27
C01345,Linda Moore,linda.moore131@example.com,North,2021-11-21
C01346,Charles Gonzalez,charles.gonzalez1196@example.com,West,2022-12-16
C01347,Joseph Anderson,joseph.anderson8768@example.com,West,2022-01-05
C01348,Patricia Gonzalez,patricia.gonzalez7097@example.com,East,2022-12-03
C01349,Karen Thomas,karen.thomas3484@example.com,West,2023-07-20
C01350,Mary Moore,mary.moore2552@example.com,South,2022-10-18
C01351,Charles Johnson,charles.johnson9849@example.com,North,2023-01-11
C01352,Susan Thomas,susan.thomas3497@example.com,North,2023-05-17
C01353,William Rodriguez,william.rodriguez2886@example.com,North,2021-06-17
C01354,Elizabeth Anderson,elizabeth.anderson6877@example.com,East,2021-04-21
C01355,John Wilson,john.wilson5604@example.com,East,2022-12-17
C01356,Susan Thomas,susan.thomas7791@example.com,South,2023-06-14
C01357,Barbara Jackson,barbara.jackson6376@example.com,Central,2022-02-11
C01358,John Jackson,john.jackson2370@example.com,,2023-07-29
C01359,Robert Thomas,robert.thomas5185@example.com,West,2021-01-08
C01360,Joseph Jones,joseph.jones7362@example.com,Central,2022-03-24
C01361,Michael Wilson,michael.wilson8948@example.com,Central,2022-12-14
C01362,Michael Miller,michael.miller9451@example.com,East,2021-02-03
C01363,Elizabeth Martinez,elizabeth.martinez8227@example.com,North,2023-07-23
C01364,Susan Wilson,susan.wilson5763@example.com,Central,2022-11-19
C01365,Patricia Garcia,patricia.garcia7518@example.com,South,2021-11-30
C01366,Sarah Wilson,sarah.wilson6252@example.com,West,2021-07-23
C01367,John Brown,john.brown1469@example.com,Central,2021-08-01
C01368,Jessica Martin,jessica.martin8925@example.com,West,2021-03-08
C01369,Elizabeth Wilson,elizabeth.wilson3472@example.com,West,2021-08-23
C01370,Michael Thomas,michael.thomas2039@example.com,West,2023-03-22
C01371,James Lopez,james.lopez3669@example.com,East,2022-06-26
C01372,Elizabeth Wilson,,West,2021-02-23
C01373,Robert Lopez,robert.lopez8503@example.com,Central,2021-12-16
C01374,Charles Wilson,charles.wilson3963@example.com,West,2023-03-17
C01375,Mary Jackson,mary.jackson7031@example.com,West,2021-12-22
C01376,Richard Hernandez,richard.hernandez8476@example.com,South,2021-09-16
C01377,Thomas Brown,thomas.brown9453@example.com,East,2021-11-22
C01378,David Miller,david.miller1528@example.com,,2021-11-10
C01379,James Martin,james.martin8908@example.com,North,2021-02-21
C01380,Robert Anderson,robert.anderson5868@example.com,South,2022-05-18
C01381,Richard Rodriguez,richard.rodriguez848@example.com,South,2021-07-31
C01382,Patricia Anderson,patricia.anderson9764@example.com,South,2022-01-05
C01383,John Williams,john.williams8098@example.com,South,2023-10-03
C01384,James Wilson,james.wilson1206@example.com,North,2023-05-10
C01385,Richard Hernandez,richard.hernandez7388@example.com,South,2022-01-01
C01386,Charles Martin,charles.martin516@example.com,East,2023-09-19
C01387,Karen Martin,,Central,2021-09-07
C01388,Michael Martin,michael.martin485@example.com,Central,2021-11-09
C01389,Michael Lopez,michael.lopez1881@example.com,North,2022-03-27
C01390,John Jones,john.jones4385@example.com,South,2022-12-15
C01391,Sarah Martinez,sarah.martinez7653@example.com,West,2023-03-31
C01392,Michael Rodriguez,michael.rodriguez2834@example.com,East,2021-07-30
C01393,Charles Jackson,charles.jackson5106@example.com,South,2023-09-27
C01394,Susan Anderson,susan.anderson6943@example.com,East,2021-08-09
C01395,Karen Gonzalez,karen.gonzalez7034@example.com,East,2021-05-12
C01396,Joseph Garcia,joseph.garcia554@example.com,East,2022-08-25
C01397,Karen Taylor,karen.taylor5772@example.com,North,2022-10-23
C01398,Susan Garcia,susan.garcia5862@example.com,South,2023-02-01
C01399,Robert Hernandez,,North,2022-03-14
C01400,Joseph Jackson,joseph.jackson5269@example.com,Central,2022-08-04
C01401,Karen Miller,karen.miller8639@example.com,Central,2021-06-03
C01402,Charles Wilson,charles.wilson7131@example.com,East,2021-04-12
C01403,Jessica Thomas,jessica.thomas767@example.com,West,2023-07-17
C01404,Jennifer Martin,jennifer.martin5356@example.com,South,2022-08-07
C01405,James Jackson,james.jackson77@example.com,East,2023-04-05
C01406,Mary Moore,,North,2021-07-14
C01407,Susan Martinez,susan.martinez4501@example.com,East,2022-10-04
C01408,Jessica Martin,jessica.martin772@example.com,West,2021-09-06
C01409,Barbara Martin,,North,2021-10-12
C01410,Patricia Hernandez,patricia.hernandez7139@example.com,North,2023-01-26
C01411,Sarah Smith,sarah.smith861@example.com,North,2022-09-16
C01412,John Rodriguez,john.rodriguez5396@example.com,West,2021-12-15
C01413,Robert Jackson,robert.jackson7549@example.com,East,2023-04-27
C01414,Joseph Brown,joseph.brown8549@example.com,Central,2023-10-01
C01415,William Hernandez,william.hernandez7909@example.com,East,2021-06-19
C01416,Barbara Moore,barbara.moore3972@example.com,South,2021-06-03
C01417,Jessica Johnson,,South,2023-02-28
C01418,Michael Thomas,michael.thomas1713@example.com,Central,2023-11-19
C01419,David Martinez,david.martinez7439@example.com,Central,2021-09-24
C01420,Linda Lopez,linda.lopez6318@example.com,Central,2023-03-31
C01421,Michael Williams,michael.williams4553@example.com,East,2021-07-29
C01422,Robert Anderson,robert.anderson1756@example.com,,2023-08-02
C01423,Jennifer Rodriguez,jennifer.rodriguez469@example.com,Central,2022-06-28
C01424,Patricia Moore,patricia.moore1378@example.com,South,2023-10-26
C01425,Susan Taylor,susan.taylor5468@example.com,East,2021-04-11
C01426,Richard Wilson,richard.wilson3178@example.com,West,2022-07-20
C01427,Thomas Martin,thomas.martin8088@example.com,North,2022-05-25
C01428,Patricia Davis,patricia.davis1888@example.com,North,2022-05-04
C01429,John Moore,john.moore1656@example.com,Central,2023-04-09
C01430,Richard Gonzalez,richard.gonzalez1660@example.com,East,2021-12-17
C01431,Michael Lopez,michael.lopez4719@example.com,East,2021-07-13
C01432,Jennifer Taylor,jennifer.taylor7812@example.com,South,2021-05-23
C01433,Jennifer Garcia,jennifer.garcia5443@example.com,South,2023-08-30
C01434,Susan Hernandez,susan.hernandez342@example.com,East,2021-12-16
C01435,James Martin,james.martin5770@example.com,,2022-05-22
C01436,Jessica Brown,jessica.brown741@example.com,Central,2022-08-19
C01437,Linda Taylor,linda.taylor8244@example.com,South,2021-07-24
C01438,Elizabeth Hernandez,elizabeth.hernandez7416@example.com,East,2022-06-12
C01439,Jessica Rodriguez,jessica.rodriguez5969@example.com,East,2022-11-15
C01440,Thomas Martin,thomas.martin7936@example.com,Central,2021-02-12
C01441,Robert Wilson,robert.wilson3609@example.com,South,2021-03-05
C01442,Linda Jackson,linda.jackson7057@example.com,North,2023-02-13
C01443,Patricia Rodriguez,patricia.rodriguez8928@example.com,West,2023-12-16
C01444,Jennifer Rodriguez,jennifer.rodriguez5716@example.com,West,2022-07-20
C01445,Elizabeth Miller,elizabeth.miller674@example.com,East,2021-09-09
C01446,Susan Anderson,susan.anderson9285@example.com,East,2021-01-18
C01447,Jessica Jones,jessica.jones7641@example.com,Central,2021-11-30
C01448,Elizabeth Thomas,elizabeth.thomas4723@example.com,,2021-03-25
C01449,Michael Martinez,michael.martinez9717@example.com,West,2023-06-01
C01450,Barbara Smith,barbara.smith818@example.com,East,2023-10-26
C01451,Sarah Jones,sarah.jones1410@example.com,South,2022-02-07
C01452,Susan Jackson,susan.jackson1323@example.com,North,2022-12-28
C01453,Linda Gonzalez,linda.gonzalez6924@example.com,North,2022-09-11
C01454,Karen Martinez,karen.martinez2840@example.com,East,2021-10-13
C01455,Michael Rodriguez,michael.rodriguez2224@example.com,South,2021-06-25
C01456,Elizabeth Jackson,elizabeth.jackson7556@example.com,West,2023-06-14
C01457,Patricia Jones,patricia.jones8628@example.com,East,2023-01-03
C01458,Joseph Lopez,joseph.lopez7007@example.com,West,2021-02-24
C01459,Susan Williams,susan.williams2304@example.com,East,2023-11-15
C01460,Barbara Jones,barbara.jones8901@example.com,East,2023-03-16
C01461,Robert Gonzalez,robert.gonzalez98@example.com,Central,2021-04-22
C01462,John Johnson,john.johnson4427@example.com,North,2021-07-19
C01463,Elizabeth Jackson,elizabeth.jackson7889@example.com,North,2023-11-13
C01464,Mary Miller,mary.miller8459@example.com,West,2021-11-13
C01465,Elizabeth Martinez,elizabeth.martinez106@example.com,Central,2021-08-23
C01466,John Smith,john.smith2508@example.com,North,2022-05-22
C01467,Michael Brown,,Central,2021-04-24
C01468,Patricia Martinez,patricia.martinez6629@example.com,South,2022-06-18
C01469,Karen Anderson,karen.anderson2019@example.com,North,2022-05-08
C01470,Jennifer Taylor,jennifer.taylor8957@example.com,West,2021-07-24
C01471,Charles Thomas,charles.thomas6019@example.com,West,2021-08-08
C01472,Joseph Wilson,joseph.wilson6961@example.com,East,2023-03-09
C01473,James Jackson,,Central,2022-12-28
C01474,Robert Anderson,robert.anderson7510@example.com,South,2023-10-28
C01475,Michael Lopez,michael.lopez8603@example.com,North,2021-11-07
C01476,Barbara Jackson,barbara.jackson5559@example.com,South,2022-09-13
C01477,Richard Williams,richard.williams7926@example.com,West,2022-01-05
C01478,Charles Taylor,charles.taylor8609@example.com,East,2022-12-14
C01479,Charles Martin,charles.martin6616@example.com,North,2021-11-22
C01480,Linda Brown,linda.brown1741@example.com,West,2022-04-20
C01481,Linda Brown,linda.brown2851@example.com,West,2023-05-11
C01482,John Johnson,john.johnson4104@example.com,North,2023-02-06
C01483,Karen Smith,karen.smith2852@example.com,West,2022-02-14
C01484,Michael Rodriguez,michael.rodriguez8047@example.com,East,2021-11-28
C01485,Susan Taylor,susan.taylor3151@example.com,North,2021-07-17
C01486,Michael Johnson,michael.johnson2303@example.com,East,2021-05-28
C01487,David Garcia,david.garcia8654@example.com,South,2023-08-29
C01488,Thomas Lopez,thomas.lopez5841@example.com,Central,2021-05-18
C01489,Joseph Wilson,joseph.wilson6163@example.com,Central,2023-11-26
C01490,Elizabeth Brown,elizabeth.brown1933@example.com,North,2022-11-09
C01491,James Davis,james.davis4750@example.com,East,2023-01-03
C01492,John Garcia,john.garcia4720@example.com,Central,2023-11-27
C01493,Karen Taylor,karen.taylor5116@example.com,North,2021-08-16
C01494,Charles Thomas,charles.thomas4310@example.com,North,2022-06-19
C01495,Michael Hernandez,michael.hernandez974@example.com,Central,2022-11-07
C01496,Mary Davis,mary.davis8087@example.com,Central,2021-03-14
C01497,Barbara Williams,barbara.williams6820@example.com,Central,2023-09-08
C01498,Robert Rodriguez,robert.rodriguez684@example.com,West,2022-12-19
C01499,Susan Thomas,susan.thomas4972@example.com,South,2021-04-24
C01500,James Miller,james.miller8753@example.com,West,2021-02-07
C01501,Sarah Thomas,sarah.thomas855@example.com,West,2023-05-31
C01502,Susan Moore,susan.moore2258@example.com,North,2023-01-24
C01503,Barbara Miller,barbara.miller5622@example.com,North,2021-07-08
C01504,Charles Smith,charles.smith3722@example.com,Central,2021-01-31
C01505,Linda Johnson,linda.johnson1256@example.com,West,2021-03-31
C01506,David Lopez,david.lopez9870@example.com,South,2021-09-23
C01507,Karen Gonzalez,karen.gonzalez7844@example.com,North,2022-02-26
C01508,Jessica Lopez,jessica.lopez3610@example.com,East,2022-08-23
C01509,Linda Taylor,linda.taylor4384@example.com,Central,2021-04-21
C01510,Barbara Wilson,barbara.wilson7967@example.com,South,2023-12-03
C01511,Linda Martinez,linda.martinez9060@example.com,East,2021-10-18
C01512,Mary Davis,mary.davis7214@example.com,West,2021-02-13
C01513,Jessica Johnson,jessica.johnson4429@example.com,West,2021-06-23
C01514,Mary Rodriguez,mary.rodriguez9991@example.com,North,2023-02-27
C01515,Joseph Johnson,joseph.johnson3678@example.com,South,2023-12-27
C01516,Mary Martinez,mary.martinez513@example.com,East,2022-11-20
C01517,William Jackson,william.jackson3548@example.com,East,2023-06-08
C01518,Susan Johnson,susan.johnson1790@example.com,East,2023-08-08
C01519,Susan Jackson,susan.jackson9312@example.com,East,2023-02-20
C01520,Joseph Davis,joseph.davis2161@example.com,East,2022-07-16
C01521,John Davis,john.davis8894@example.com,Central,2022-07-16
C01522,Barbara Rodriguez,barbara.rodriguez4105@example.com,,2022-09-21
C01523,Charles Hernandez,charles.hernandez4334@example.com,West,2023-06-20
C01524,James Anderson,james.anderson607@example.com,West,2022-03-23
C01525,Susan Johnson,susan.johnson9496@example.com,East,2022-10-06
C01526,John Anderson,john.anderson2946@example.com,East,2023-10-11
C01527,Robert Davis,robert.davis2859@example.com,Central,2022-04-22
C01528,Patricia Johnson,patricia.johnson3019@example.com,West,2021-03-27
C01529,Sarah Davis,sarah.davis997@example.com,East,2021-02-03
C01530,Barbara Moore,barbara.moore733@example.com,East,2023-11-05
C01531,Joseph Brown,joseph.brown8373@example.com,South,2023-01-31
C01532,Susan Williams,susan.williams6988@example.com,South,2023-01-08
C01533,David Wilson,david.wilson6140@example.com,East,2021-11-25
C01534,Barbara Johnson,barbara.johnson4766@example.com,Central,2022-03-10
C01535,David Taylor,david.taylor8327@example.com,East,2023-02-15
C01536,Charles Johnson,charles.johnson2459@example.com,North,2022-04-05
C01537,Charles Taylor,charles.taylor9412@example.com,West,2021-09-06
C01538,Thomas Johnson,thomas.johnson9947@example.com,Central,2022-10-12
C01539,William Miller,william.miller9425@example.com,South,2023-01-12
C01540,Linda Anderson,linda.anderson5158@example.com,North,2023-07-01
C01541,Susan Lopez,susan.lopez1306@example.com,Central,2023-01-12
C01542,Jessica Martin,jessica.martin3775@example.com,West,2021-09-14
C01543,Sarah Davis,sarah.davis6679@example.com,South,2022-08-11
C01544,David Hernandez,david.hernandez1933@example.com,West,2021-10-31
C01545,Charles Thomas,charles.thomas3246@example.com,,2021-09-05
C01546,Susan Rodriguez,susan.rodriguez9087@example.com,West,2021-09-16
C01547,Mary Wilson,mary.wilson393@example.com,North,2023-12-21
C01548,Richard Wilson,richard.wilson5806@example.com,Central,2022-08-24
C01549,Patricia Hernandez,patricia.hernandez5516@example.com,Central,2021-04-03
C01550,John Lopez,john.lopez7355@example.com,West,2023-06-12
C01551,Elizabeth Thomas,elizabeth.thomas2206@example.com,Central,2023-11-10
C01552,John Jones,john.jones128@example.com,East,2023-07-18
C01553,Richard Hernandez,richard.hernandez7186@example.com,Central,2021-07-18
C01554,Linda Martinez,linda.martinez8083@example.com,Central,2023-12-12
C01555,Charles Taylor,charles.taylor6991@example.com,West,2022-01-01
C01556,Robert Johnson,robert.johnson3452@example.com,East,2022-10-06
C01557,Patricia Lopez,patricia.lopez4667@example.com,East,2023-06-18
C01558,Linda Garcia,linda.garcia4727@example.com,East,2021-08-06
C01559,Linda Rodriguez,linda.rodriguez2311@example.com,Central,2021-12-12
C01560,James Martin,james.martin652@example.com,Central,2022-02-04
C01561,James Thomas,james.thomas423@example.com,East,2023-05-24
C01562,Joseph Taylor,joseph.taylor2068@example.com,East,2021-09-03
C01563,Joseph Wilson,joseph.wilson8082@example.com,South,2021-08-27
C01564,Barbara Williams,barbara.williams3645@example.com,East,2022-11-18
C01565,William Anderson,william.anderson8403@example.com,North,2022-10-07
C01566,Mary Wilson,mary.wilson1646@example.com,Central,2021-03-14
C01567,James Davis,james.davis2243@example.com,South,2022-06-28
C01568,Jessica Jones,jessica.jones7939@example.com,West,2022-02-11
C01569,John Taylor,,North,2022-03-04
C01570,Jennifer Johnson,jennifer.johnson6852@example.com,Central,2022-04-26
C01571,Barbara Thomas,barbara.thomas8692@example.com,South,2022-04-20
C01572,Elizabeth Thomas,elizabeth.thomas8032@example.com,West,2023-09-13
C01573,Elizabeth Brown,elizabeth.brown3587@example.com,East,2023-07-05
C01574,David Davis,david.davis6961@example.com,West,2021-08-21
C01575,Barbara Gonzalez,barbara.gonzalez2099@example.com,West,2023-09-29
C01576,Karen Wilson,,East,2023-04-18
C01577,Mary Moore,mary.moore5296@example.com,East,2023-06-25
C01578,Susan Gonzalez,susan.gonzalez4272@example.com,East,2022-03-25
C01579,David Johnson,david.johnson5055@example.com,South,2021-12-08
C01580,Sarah Miller,sarah.miller1808@example.com,Central,2021-09-22
C01581,Karen Moore,karen.moore327@example.com,North,2021-07-04
C01582,David Lopez,david.lopez9059@example.com,North,2023-01-12
C01583,Sarah Miller,sarah.miller2573@example.com,West,2022-04-15
C01584,Elizabeth Garcia,elizabeth.garcia6126@example.com,South,2022-05-25
C01585,James Johnson,james.johnson329@example.com,Central,2023-03-26
C01586,Jessica Johnson,jessica.johnson2572@example.com,North,2022-05-22
C01587,Mary Rodriguez,mary.rodriguez2026@example.com,West,2021-09-26
C01588,William Williams,william.williams1254@example.com,West,2021-11-07
C01589,Patricia Jackson,patricia.jackson6409@example.com,Central,2022-10-25
C01590,Susan Taylor,susan.taylor384@example.com,West,2022-06-26
C01591,Charles Thomas,charles.thomas6170@example.com,North,2023-04-13
C01592,Sarah Rodriguez,sarah.rodriguez7920@example.com,Central,2023-02-23
C01593,James Thomas,james.thomas6450@example.com,Central,2023-07-16
C01594,Linda Jackson,linda.jackson408@example.com,South,2023-09-04
C01595,Charles Brown,charles.brown5090@example.com,North,2021-12-13
C01596,Michael Thomas,michael.thomas9723@example.com,South,2023-08-28
C01597,Thomas Jackson,thomas.jackson3809@example.com,West,2022-09-30
C01598,David Jones,david.jones599@example.com,Central,2021-01-12
C01599,William Miller,william.miller9215@example.com,Central,2022-04-28
C01600,David Anderson,david.anderson7914@example.com,North,2023-05-22
C01601,John Gonzalez,john.gonzalez2086@example.com,South,2021-09-06
C01602,Jennifer Miller,jennifer.miller7170@example.com,North,2023-05-19
C01603,Jessica Garcia,jessica.garcia8595@example.com,Central,2021-01-19
C01604,Elizabeth Brown,elizabeth.brown7135@example.com,East,2023-02-01
C01605,Charles Garcia,charles.garcia2319@example.com,South,2023-01-31
C01606,Thomas Martin,thomas.martin4117@example.com,South,2021-10-05
C01607,Jennifer Taylor,,West,2023-08-22
C01608,John Smith,john.smith5110@example.com,South,2023-07-29
C01609,David Brown,david.brown1002@example.com,Central,2022-12-19
C01610,Sarah Davis,sarah.davis5652@example.com,South,2023-05-23
C01611,Charles Martinez,charles.martinez6018@example.com,West,2022-02-19
C01612,John Jackson,john.jackson2498@example.com,South,2022-06-23
C01613,Charles Brown,charles.brown2076@example.com,Central,2023-02-24
C01614,David Jackson,david.jackson9703@example.com,Central,2023-08-28
C01615,Michael Garcia,michael.garcia44@example.com,South,2021-10-28
C01616,Robert Garcia,robert.garcia7791@example.com,East,2021-04-17
C01617,Robert Taylor,robert.taylor7204@example.com,West,2023-10-22
C01618,Patricia Davis,patricia.davis9178@example.com,West,2022-12-29
C01619,Elizabeth Taylor,elizabeth.taylor5194@example.com,Central,2021-12-07
C01620,William Jones,william.jones7164@example.com,West,2022-05-29
C01621,Patricia Moore,patricia.moore7134@example.com,South,2023-01-19
C01622,Joseph Lopez,joseph.lopez6949@example.com,Central,2022-01-27
C01623,Richard Lopez,richard.lopez2933@example.com,North,2023-01-10
C01624,Thomas Miller,thomas.miller92@example.com,East,2023-01-26
C01625,William Taylor,william.taylor213@example.com,North,2023-09-08
C01626,Richard Johnson,richard.johnson4146@example.com,North,2021-03-04
C01627,Jessica Martin,jessica.martin7447@example.com,West,2021-08-01
C01628,Mary Lopez,mary.lopez473@example.com,South,2021-12-29
C01629,Robert Williams,robert.williams6875@example.com,North,2021-05-08
C01630,David Brown,david.brown8915@example.com,South,2021-02-04
C01631,David Hernandez,david.hernandez2773@example.com,Central,2023-01-21
C01632,Thomas Smith,thomas.smith6606@example.com,North,2023-10-25
C01633,Robert Rodriguez,robert.rodriguez1376@example.com,North,2022-02-11
C01634,Thomas Wilson,thomas.wilson2834@example.com,North,2022-12-20
C01635,Patricia Hernandez,patricia.hernandez7640@example.com,North,2023-08-07
C01636,John Brown,john.brown1484@example.com,North,2021-02-11
C01637,Jennifer Smith,jennifer.smith3564@example.com,West,2022-05-21
C01638,Elizabeth Miller,elizabeth.miller2175@example.com,West,2021-12-31
C01639,William Jones,william.jones9258@example.com,South,2022-07-13
C01640,Michael Garcia,michael.garcia4833@example.com,West,2023-10-01
C01641,Barbara Jackson,barbara.jackson5958@example.com,Central,2021-12-16
C01642,Mary Jackson,mary.jackson6319@example.com,Central,2023-06-08
C01643,Barbara Martinez,barbara.martinez3399@example.com,Central,2022-07-05
C01644,John Taylor,john.taylor3453@example.com,West,2021-08-25
C01645,Thomas Garcia,thomas.garcia7786@example.com,Central,2023-02-13
C01646,Charles Johnson,charles.johnson5282@example.com,East,2021-01-17
C01647,Jennifer Wilson,jennifer.wilson7791@example.com,North,2023-01-04
C01648,Elizabeth Garcia,elizabeth.garcia7649@example.com,North,2023-07-24
C01649,Charles Jackson,charles.jackson7127@example.com,West,2022-06-02
C01650,Barbara Martin,barbara.martin5536@example.com,West,2022-04-25
C01651,Thomas Brown,thomas.brown6898@example.com,East,2023-04-01
C01652,Charles Smith,charles.smith2688@example.com,East,2023-12-10
C01653,Michael Jackson,michael.jackson2287@example.com,East,2021-04-21
C01654,John Martinez,john.martinez2318@example.com,West,2023-08-02
C01655,James Jones,james.jones3284@example.com,East,2022-01-14
C01656,Linda Miller,linda.miller7153@example.com,South,2023-02-06
C01657,James Thomas,james.thomas2611@example.com,West,2023-03-19
C01658,Michael Thomas,michael.thomas6166@example.com,South,2021-07-16
C01659,Richard Jones,richard.jones5216@example.com,South,2022-11-01
C01660,Elizabeth Wilson,elizabeth.wilson9781@example.com,North,2021-02-25
C01661,Linda Martin,linda.martin2919@example.com,East,2023-10-24
C01662,James Martin,james.martin9817@example.com,North,2021-10-10
C01663,Jessica Miller,jessica.miller725@example.com,West,2023-02-26
C01664,Jennifer Wilson,jennifer.wilson2470@example.com,West,2023-09-12
C01665,Mary Rodriguez,mary.rodriguez6910@example.com,West,2021-08-06
C01666,Joseph Williams,joseph.williams5674@example.com,North,2023-04-09
C01667,James Garcia,james.garcia5227@example.com,Central,2023-07-21
C01668,James Thomas,james.thomas6582@example.com,North,2022-06-14
C01669,Patricia Martin,patricia.martin7378@example.com,West,2023-01-18
C01670,Patricia Garcia,patricia.garcia6948@example.com,West,2021-06-13
C01671,Robert Smith,robert.smith5524@example.com,Central,2023-11-21
C01672,Karen Anderson,karen.anderson7126@example.com,East,2023-09-30
C01673,Joseph Lopez,joseph.lopez821@example.com,East,2022-11-23
C01674,Elizabeth Smith,elizabeth.smith8893@example.com,East,2021-02-05
C01675,Joseph Hernandez,joseph.hernandez4878@example.com,Central,2021-03-16
C01676,Sarah Gonzalez,sarah.gonzalez4074@example.com,Central,2021-10-24
C01677,Jessica Wilson,jessica.wilson4501@example.com,West,2022-05-15
C01678,Thomas Jackson,thomas.jackson7511@example.com,East,2021-10-28
C01679,Karen Brown,karen.brown6258@example.com,North,2022-09-11
C01680,Susan Gonzalez,susan.gonzalez367@example.com,East,2021-06-12
C01681,Susan Brown,susan.brown3140@example.com,East,2022-05-15
C01682,Mary Lopez,mary.lopez9394@example.com,West,2022-01-16
C01683,William Taylor,william.taylor750@example.com,South,2022-07-13
C01684,James Wilson,,West,2022-07-17
C01685,William Anderson,william.anderson9816@example.com,East,2022-04-06
C01686,James Hernandez,james.hernandez3622@example.com,East,2023-08-02
C01687,Charles Wilson,charles.wilson9753@example.com,West,2021-01-26
C01688,David Hernandez,david.hernandez5238@example.com,West,2023-10-19
C01689,Michael Moore,michael.moore2786@example.com,East,2021-06-10
C01690,Jessica Moore,jessica.moore5658@example.com,Central,2022-08-21
C01691,David Anderson,,Central,2022-12-22
C01692,Charles Wilson,charles.wilson6806@example.com,North,2022-08-05
C01693,Sarah Thomas,sarah.thomas3846@example.com,Central,2021-09-10
C01694,Patricia Gonzalez,patricia.gonzalez3577@example.com,North,2022-01-01
C01695,Jennifer Gonzalez,jennifer.gonzalez9013@example.com,South,2022-07-26
C01696,David Lopez,david.lopez1731@example.com,East,2023-12-27
C01697,Richard Davis,richard.davis6619@example.com,West,2023-07-10
C01698,Jennifer Garcia,jennifer.garcia6555@example.com,Central,2023-08-09
C01699,Jennifer Brown,jennifer.brown6281@example.com,West,2023-04-21
C01700,Michael Smith,michael.smith3674@example.com,Central,2021-06-14
C01701,Karen Jackson,karen.jackson6698@example.com,East,2021-12-07
C01702,Charles Thomas,charles.thomas1491@example.com,North,2023-03-09
C01703,Sarah Taylor,sarah.taylor3163@example.com,South,2022-05-06
C01704,Jennifer Thomas,jennifer.thomas3274@example.com,East,2021-03-05
C01705,Michael Jackson,michael.jackson7556@example.com,Central,2022-05-11
C01706,Jennifer Anderson,jennifer.anderson8196@example.com,Central,2021-11-23
C01707,Linda Anderson,,North,2023-04-13
C01708,Thomas Thomas,thomas.thomas6314@example.com,West,2021-09-05
C01709,Karen Moore,karen.moore389@example.com,North,2023-03-27
C01710,Mary Lopez,mary.lopez6545@example.com,Central,2023-06-21
C01711,Susan Brown,susan.brown1698@example.com,East,2021-08-17
C01712,Jennifer Lopez,jennifer.lopez6765@example.com,South,2023-09-16
C01713,Michael Rodriguez,michael.rodriguez1592@example.com,North,2023-10-04
C01714,Linda Rodriguez,linda.rodriguez5611@example.com,West,2023-07-12
C01715,William Jackson,william.jackson4511@example.com,South,2022-08-14
C01716,James Davis,james.davis6077@example.com,East,2021-11-21
C01717,Charles Martinez,charles.martinez7788@example.com,East,2021-09-21
C01718,Robert Martin,robert.martin4790@example.com,East,2021-02-27
C01719,Michael Jackson,michael.jackson4964@example.com,North,2023-11-08
C01720,Thomas Gonzalez,thomas.gonzalez7815@example.com,South,2021-11-16
C01721,Charles Taylor,charles.taylor5150@example.com,West,2023-09-21
C01722,Jennifer Taylor,jennifer.taylor7898@example.com,,2021-05-13
C01723,David Davis,david.davis5068@example.com,South,2021-09-02
C01724,Michael Lopez,michael.lopez8173@example.com,North,2023-12-10
C01725,Linda Miller,linda.miller5957@example.com,West,2022-11-06
C01726,Thomas Williams,thomas.williams4448@example.com,Central,2021-06-12
C01727,Mary Anderson,mary.anderson9285@example.com,South,2022-01-10
C01728,Linda Davis,linda.davis7473@example.com,Central,2022-07-23
C01729,John Miller,john.miller1044@example.com,South,2021-05-05
C01730,Michael Davis,michael.davis3997@example.com,Central,2021-07-21
C01731,Sarah Johnson,sarah.johnson5225@example.com,North,2021-08-27
C01732,Joseph Williams,joseph.williams7800@example.com,Central,2023-09-25
C01733,Elizabeth Jackson,elizabeth.jackson158@example.com,North,2023-06-26
C01734,Michael Jackson,michael.jackson7476@example.com,East,2022-07-09
C01735,Jessica Garcia,jessica.garcia5385@example.com,Central,2022-09-06
C01736,William Moore,william.moore4080@example.com,Central,2023-06-21
C01737,Patricia Garcia,,Central,2021-12-01
C01738,Jennifer Williams,jennifer.williams7079@example.com,North,2023-06-27
C01739,David Moore,david.moore2993@example.com,North,2022-03-13
C01740,Elizabeth Taylor,elizabeth.taylor5004@example.com,Central,2022-09-07
C01741,Karen Miller,karen.miller9356@example.com,East,2023-03-23
C01742,Jennifer Garcia,jennifer.garcia9997@example.com,East,2023-08-29
C01743,Karen Wilson,karen.wilson4414@example.com,East,2022-09-14
C01744,Barbara Jones,barbara.jones5018@example.com,East,2022-10-08
C01745,Joseph Martinez,joseph.martinez6969@example.com,,2023-04-08
C01746,Mary Wilson,mary.wilson5794@example.com,South,2022-07-16
C01747,James Miller,james.miller3418@example.com,East,2023-02-04
C01748,James Hernandez,james.hernandez7005@example.com,East,2022-02-13
C01749,Michael Martin,michael.martin8241@example.com,East,2022-05-13
C01750,Jennifer Hernandez,jennifer.hernandez7860@example.com,Central,2021-04-05
C01751,Richard Thomas,richard.thomas4094@example.com,Central,2021-05-02
C01752,Patricia Johnson,patricia.johnson5615@example.com,East,2022-08-06
C01753,Patricia Thomas,patricia.thomas2201@example.com,North,2023-04-28
C01754,Robert Jones,robert.jones9664@example.com,South,2023-06-17
C01755,Linda Hernandez,linda.hernandez9384@example.com,East,2022-08-20
C01756,James Jones,james.jones1115@example.com,East,2023-01-10
C01757,Joseph Miller,joseph.miller3017@example.com,South,2022-11-14
C01758,Michael Rodriguez,michael.rodriguez4184@example.com,North,2023-04-22
C01759,Susan Gonzalez,susan.gonzalez7969@example.com,Central,2023-11-16
C01760,Barbara Smith,barbara.smith9269@example.com,North,2022-11-01
C01761,Sarah Thomas,sarah.thomas4631@example.com,North,2021-07-08
C01762,Sarah Brown,sarah.brown8713@example.com,Central,2021-06-29
C01763,Charles Anderson,charles.anderson9995@example.com,South,2023-06-02
C01764,William Anderson,william.anderson7394@example.com,South,2021-05-30
C01765,Jennifer Jackson,jennifer.jackson5568@example.com,West,2023-04-03
C01766,Charles Martinez,charles.martinez105@example.com,,2022-04-07
C01767,David Wilson,david.wilson2466@example.com,South,2022-10-31
C01768,Sarah Anderson,sarah.anderson3283@example.com,Central,2021-11-09
C01769,Michael Jones,michael.jones3378@example.com,North,2021-03-22
C01770,Robert Moore,robert.moore5711@example.com,East,2022-04-17
C01771,Michael Miller,michael.miller4964@example.com,East,2022-03-21
C01772,Barbara Smith,barbara.smith2250@example.com,West,2023-02-08
C01773,James Anderson,james.anderson3418@example.com,West,2022-02-11
C01774,Michael Gonzalez,michael.gonzalez9671@example.com,North,2023-11-04
C01775,Charles Taylor,charles.taylor1994@example.com,South,2023-09-29
C01776,Karen Lopez,karen.lopez5192@example.com,South,2023-11-05
C01777,Barbara Thomas,barbara.thomas4183@example.com,,2023-02-18
C01778,Susan Gonzalez,susan.gonzalez1640@example.com,East,2023-06-09
C01779,Elizabeth Davis,elizabeth.davis1384@example.com,West,2021-02-02
C01780,William Hernandez,william.hernandez744@example.com,South,2021-01-19
C01781,Robert Taylor,robert.taylor2552@example.com,West,2021-05-06
C01782,Karen Miller,karen.miller4802@example.com,West,2023-05-09
C01783,Jennifer Garcia,jennifer.garcia8497@example.com,South,2021-08-13
C01784,Jennifer Smith,jennifer.smith8152@example.com,West,2022-06-28
C01785,Karen Hernandez,karen.hernandez467@example.com,East,2023-08-22
C01786,Mary Jones,mary.jones6680@example.com,West,2023-12-12
C01787,Jennifer Garcia,,South,2021-05-16
C01788,Patricia Thomas,patricia.thomas7610@example.com,Central,2021-01-02
C01789,Elizabeth Thomas,elizabeth.thomas7693@example.com,East,2023-01-19
C01790,Karen Brown,karen.brown7829@example.com,Central,2022-03-26
C01791,Thomas Jones,thomas.jones2337@example.com,North,2023-04-08
C01792,Elizabeth Martin,elizabeth.martin1725@example.com,East,2022-09-09
C01793,David Anderson,david.anderson9680@example.com,Central,2022-07-01
C01794,Robert Hernandez,robert.hernandez6915@example.com,South,2021-03-12
C01795,Richard Johnson,richard.johnson3243@example.com,North,2021-03-11
C01796,Linda Garcia,linda.garcia6501@example.com,Central,2022-12-06
C01797,Michael Jackson,michael.jackson6647@example.com,South,2022-06-23
C01798,Sarah Anderson,sarah.anderson1931@example.com,Central,2022-11-22
C01799,Jennifer Rodriguez,jennifer.rodriguez5587@example.com,West,2023-07-24
C01800,Patricia Hernandez,patricia.hernandez8505@example.com,East,2021-02-22
C01801,Sarah Jones,sarah.jones1550@example.com,West,2021-09-04
C01802,Sarah Martinez,sarah.martinez2070@example.com,East,2021-06-19
C01803,Thomas Garcia,thomas.garcia6514@example.com,Central,2022-03-31
C01804,James Miller,james.miller5799@example.com,South,2023-12-23
C01805,Thomas Johnson,thomas.johnson8736@example.com,South,2023-12-24
C01806,Jennifer Lopez,jennifer.lopez2601@example.com,South,2022-04-09
C01807,Robert Moore,robert.moore9989@example.com,South,2023-04-01
C01808,Elizabeth Gonzalez,elizabeth.gonzalez8549@example.com,West,2021-10-06
C01809,Elizabeth Smith,elizabeth.smith1227@example.com,Central,2022-03-04
C01810,Karen Martin,karen.martin1095@example.com,West,2023-09-12
C01811,Jennifer Davis,jennifer.davis6411@example.com,West,2022-02-01
C01812,Linda Lopez,linda.lopez1156@example.com,East,2023-04-03
C01813,Patricia Jackson,patricia.jackson2488@example.com,South,2022-11-02
C01814,James Brown,james.brown8530@example.com,North,2023-08-23
C01815,Linda Anderson,linda.anderson4896@example.com,Central,2023-07-20
C01816,Robert Williams,robert.williams5594@example.com,North,2022-06-08
C01817,Patricia Anderson,patricia.anderson6979@example.com,West,2022-04-06
C01818,Thomas Brown,thomas.brown1452@example.com,Central,2023-01-13
C01819,Linda Thomas,linda.thomas7086@example.com,North,2022-07-28
C01820,William Rodriguez,william.rodriguez8321@example.com,East,2021-06-20
C01821,James Brown,james.brown7956@example.com,West,2023-06-08
C01822,William Brown,william.brown7994@example.com,Central,2023-11-29
C01823,Richard Johnson,richard.johnson9858@example.com,North,2021-08-29
C01824,Linda Lopez,linda.lopez9505@example.com,Central,2023-03-18
C01825,Mary Lopez,mary.lopez7213@example.com,Central,2021-03-18
C01826,Richard Wilson,richard.wilson421@example.com,South,2022-11-05
C01827,Patricia Martinez,patricia.martinez6753@example.com,West,2022-06-04
C01828,Barbara Lopez,barbara.lopez5774@example.com,South,2021-04-08
C01829,David Anderson,david.anderson4312@example.com,South,2022-10-22
C01830,Richard Lopez,richard.lopez2819@example.com,North,2022-04-12
C01831,David Martinez,david.martinez1660@example.com,North,2022-10-03
C01832,Karen Thomas,karen.thomas3051@example.com,South,2023-09-22
C01833,Barbara Hernandez,barbara.hernandez7173@example.com,South,2022-10-24
C01834,James Brown,james.brown3110@example.com,Central,2022-08-30
C01835,Sarah Moore,sarah.moore2915@example.com,North,2021-07-05
C01836,Karen Gonzalez,karen.gonzalez4316@example.com,East,2023-03-24
C01837,Robert Gonzalez,robert.gonzalez1698@example.com,East,2021-06-18
C01838,David Davis,david.davis7251@example.com,South,2022-07-15
C01839,James Thomas,james.thomas3678@example.com,South,2022-04-08
C01840,Joseph Miller,,South,2023-09-17
C01841,Joseph Wilson,joseph.wilson9115@example.com,Central,2022-01-17
C01842,Thomas Jackson,thomas.jackson6548@example.com,West,2023-01-16
C01843,William Wilson,william.wilson6066@example.com,South,2023-01-02
C01844,John Jones,john.jones5271@example.com,South,2021-09-21
C01845,Patricia Taylor,patricia.taylor7795@example.com,North,2022-04-12
C01846,Barbara Moore,barbara.moore3670@example.com,Central,2023-08-01
C01847,Karen Anderson,karen.anderson8146@example.com,North,2021-12-17
C01848,James Moore,james.moore7348@example.com,North,2023-09-04
C01849,Robert Williams,robert.williams5807@example.com,East,2021-02-26
C01850,Karen Thomas,karen.thomas7059@example.com,South,2022-03-17
C01851,Joseph Martinez,joseph.martinez8822@example.com,East,2023-11-07
C01852,Susan Jones,susan.jones8842@example.com,Central,2021-01-14
C01853,Karen Johnson,karen.johnson5872@example.com,North,2023-12-21
C01854,Susan Garcia,susan.garcia3189@example.com,Central,2022-01-03
C01855,Jennifer Smith,jennifer.smith8110@example.com,East,2023-04-07
C01856,Charles Gonzalez,charles.gonzalez6678@example.com,West,2022-12-05
C01857,Jennifer Brown,jennifer.brown5099@example.com,West,2023-10-21
C01858,John Garcia,john.garcia4269@example.com,South,2021-06-17
C01859,David Anderson,david.anderson1541@example.com,North,2021-05-05
C01860,Sarah Johnson,sarah.johnson6114@example.com,North,2023-12-20
C01861,James Smith,james.smith5356@example.com,North,2023-02-07
C01862,John Garcia,john.garcia3089@example.com,West,2022-03-24
C01863,Barbara Brown,barbara.brown2535@example.com,Central,2023-06-22
C01864,Jennifer Taylor,jennifer.taylor2439@example.com,West,2021-03-21
C01865,Sarah Brown,sarah.brown5107@example.com,North,2022-01-05
C01866,Charles Taylor,charles.taylor2743@example.com,West,2021-11-14
C01867,Karen Hernandez,karen.hernandez7450@example.com,Central,2023-07-07
C01868,Patricia Moore,patricia.moore1073@example.com,East,2023-10-03
C01869,Michael Gonzalez,michael.gonzalez682@example.com,West,2021-07-22
C01870,Thomas Williams,thomas.williams5252@example.com,Central,2023-12-26
C01871,Thomas Gonzalez,thomas.gonzalez8952@example.com,East,2023-07-07
C01872,Michael Martinez,michael.martinez6985@example.com,West,2021-02-18
C01873,Jessica Brown,jessica.brown5268@example.com,Central,2023-10-17
C01874,Elizabeth Johnson,elizabeth.johnson8644@example.com,South,2022-09-21
C01875,Charles Jackson,charles.jackson8894@example.com,East,2021-02-27
C01876,Mary Martinez,mary.martinez6307@example.com,Central,2023-06-08
C01877,Thomas Taylor,thomas.taylor2922@example.com,North,2021-07-22
C01878,Joseph Garcia,joseph.garcia3631@example.com,North,2023-10-12
C01879,Michael Jackson,michael.jackson256@example.com,West,2021-08-27
C01880,Elizabeth Smith,elizabeth.smith3939@example.com,East,2023-03-10
C01881,Linda Lopez,linda.lopez6586@example.com,South,2022-06-13
C01882,Susan Jackson,susan.jackson5075@example.com,East,2021-01-21
C01883,Susan Wilson,susan.wilson6179@example.com,South,2023-09-27
C01884,William Martin,william.martin171@example.com,West,2023-07-09
C01885,Robert Davis,robert.davis1156@example.com,North,2023-09-28
C01886,John Garcia,john.garcia8798@example.com,East,2023-03-27
C01887,Elizabeth Moore,elizabeth.moore4694@example.com,Central,2021-09-02
C01888,Richard Miller,richard.miller1418@example.com,West,2023-11-28
C01889,Mary Thomas,mary.thomas7845@example.com,South,2023-03-06
C01890,Jennifer Williams,jennifer.williams1105@example.com,Central,2021-10-20
C01891,Joseph Martin,joseph.martin673@example.com,Central,2022-01-23
C01892,Michael Hernandez,michael.hernandez717@example.com,South,2022-05-29
C01893,Jennifer Lopez,jennifer.lopez7570@example.com,North,2021-11-10
C01894,Elizabeth Taylor,elizabeth.taylor1043@example.com,South,2023-06-18
C01895,James Anderson,james.anderson1137@example.com,Central,2021-11-26
C01896,Robert Moore,robert.moore5203@example.com,North,2021-02-05
C01897,Karen Garcia,karen.garcia5271@example.com,South,2022-04-24
C01898,James Gonzalez,james.gonzalez57@example.com,West,2021-09-03
C01899,Linda Johnson,linda.johnson9235@example.com,North,2023-09-03
C01900,Charles Gonzalez,charles.gonzalez4628@example.com,West,2022-05-02
C01901,Jessica Martin,jessica.martin4097@example.com,West,2021-11-10
C01902,Joseph Moore,joseph.moore5901@example.com,East,2021-12-24
C01903,Richard Rodriguez,richard.rodriguez2627@example.com,North,2022-09-07
C01904,Robert Johnson,robert.johnson7536@example.com,Central,2023-04-04
C01905,Robert Lopez,robert.lopez3410@example.com,West,2023-08-02
C01906,Joseph Anderson,joseph.anderson6365@example.com,East,2023-03-28
C01907,Robert Taylor,robert.taylor3374@example.com,South,2023-01-15
C01908,Joseph Moore,joseph.moore6689@example.com,East,2021-10-17
C01909,Jessica Brown,jessica.brown8894@example.com,East,2023-04-25
C01910,Mary Miller,mary.miller3559@example.com,South,2023-11-26
C01911,Susan Garcia,,South,2021-12-19
C01912,William Jackson,william.jackson2554@example.com,Central,2022-02-10
C01913,Robert Wilson,robert.wilson5186@example.com,South,2023-09-24
C01914,David Martin,david.martin8694@example.com,North,2021-05-14
C01915,John Smith,john.smith143@example.com,North,2021-07-04
C01916,David Lopez,david.lopez3327@example.com,South,2021-05-16
C01917,Barbara Martin,barbara.martin5170@example.com,West,2021-12-25
C01918,Elizabeth Martinez,elizabeth.martinez1663@example.com,South,2021-11-08
C01919,Jennifer Wilson,jennifer.wilson1941@example.com,Central,2023-08-20
C01920,William Davis,william.davis1858@example.com,South,2021-07-18
C01921,Mary Jones,mary.jones6242@example.com,West,2021-02-10
C01922,Charles Lopez,charles.lopez7225@example.com,South,2021-02-10
C01923,Jessica Jackson,jessica.jackson5634@example.com,North,2021-05-22
C01924,Jennifer Jones,jennifer.jones4917@example.com,South,2022-02-08
C01925,David Martinez,david.martinez1362@example.com,,2023-05-06
C01926,Jennifer Lopez,jennifer.lopez4141@example.com,East,2021-02-18
C01927,Jessica Hernandez,jessica.hernandez2735@example.com,South,2022-06-23
C01928,Joseph Wilson,joseph.wilson5530@example.com,West,2022-11-13
C01929,Sarah Johnson,sarah.johnson2141@example.com,,2021-02-09
C01930,Elizabeth Gonzalez,elizabeth.gonzalez3271@example.com,West,2022-07-08
C01931,Richard Hernandez,richard.hernandez6010@example.com,West,2022-12-02
C01932,Robert Lopez,robert.lopez4286@example.com,West,2021-06-20
C01933,Joseph Williams,joseph.williams5221@example.com,North,2021-09-21
C01934,Patricia Davis,patricia.davis1220@example.com,North,2022-05-01
C01935,John Williams,john.williams159@example.com,East,2021-05-25
C01936,Robert Jackson,robert.jackson7550@example.com,East,2021-08-05
C01937,Karen Brown,karen.brown921@example.com,South,2021-06-16
C01938,Jennifer Williams,,South,2021-06-12
C01939,Richard Hernandez,richard.hernandez8673@example.com,South,2023-10-12
C01940,Karen Garcia,karen.garcia7688@example.com,Central,2021-05-06
C01941,Joseph Garcia,,South,2022-06-24
C01942,Robert Moore,robert.moore9428@example.com,North,2021-06-05
C01943,Michael Garcia,michael.garcia5266@example.com,South,2022-08-31
C01944,Karen Wilson,karen.wilson8302@example.com,South,2022-12-08
C01945,Linda Taylor,linda.taylor115@example.com,East,2021-11-27
C01946,John Johnson,john.johnson1029@example.com,North,2023-05-31
C01947,John Anderson,john.anderson197@example.com,North,2023-01-11
C01948,Karen Williams,karen.williams9326@example.com,East,2023-09-11
C01949,Barbara Thomas,barbara.thomas4920@example.com,East,2022-01-25
C01950,Linda Jackson,linda.jackson2795@example.com,East,2023-08-04
C01951,David Gonzalez,david.gonzalez7597@example.com,West,2021-10-18
C01952,Richard Wilson,richard.wilson402@example.com,East,2021-11-02
C01953,Richard Lopez,richard.lopez229@example.com,South,2022-01-12
C01954,Michael Brown,michael.brown269@example.com,South,2022-02-10
C01955,James Thomas,james.thomas6427@example.com,Central,2022-01-25
C01956,Jessica Martin,jessica.martin8178@example.com,South,2021-05-03
C01957,Barbara Brown,barbara.brown1097@example.com,West,2021-10-17
C01958,Linda Taylor,linda.taylor8098@example.com,West,2022-09-23
C01959,Jennifer Hernandez,jennifer.hernandez5090@example.com,West,2021-09-23
C01960,Thomas Martinez,thomas.martinez5589@example.com,South,2023-08-28
C01961,John Smith,john.smith7325@example.com,South,2022-10-31
C01962,Linda Hernandez,linda.hernandez7802@example.com,Central,2022-11-10
C01963,Michael Jones,michael.jones5273@example.com,Central,2022-04-14
C01964,Charles Martin,charles.martin3884@example.com,South,2023-08-21
C01965,James Hernandez,james.hernandez8372@example.com,West,2022-10-21
C01966,John Taylor,john.taylor8044@example.com,East,2023-03-09
C01967,Michael Rodriguez,michael.rodriguez2345@example.com,North,2022-04-03
C01968,James Hernandez,james.hernandez5836@example.com,West,2022-07-13
C01969,David Thomas,david.thomas5148@example.com,Central,2022-01-21
C01970,Karen Martin,karen.martin1973@example.com,North,2022-02-04
C01971,Thomas Taylor,thomas.taylor4628@example.com,West,2021-01-23
C01972,Elizabeth Rodriguez,elizabeth.rodriguez3347@example.com,North,2023-05-14
C01973,John Lopez,john.lopez7618@example.com,South,2023-02-22
C01974,Sarah Garcia,sarah.garcia9730@example.com,East,2022-07-15
C01975,Joseph Rodriguez,joseph.rodriguez3241@example.com,West,2021-09-21
C01976,David Smith,david.smith2031@example.com,East,2023-01-26
C01977,Robert Hernandez,robert.hernandez6145@example.com,West,2023-03-22
C01978,Jennifer Hernandez,jennifer.hernandez566@example.com,East,2021-03-22
C01979,Thomas Johnson,thomas.johnson2161@example.com,North,2021-07-29
C01980,Thomas Garcia,thomas.garcia3851@example.com,East,2022-11-24
C01981,John Wilson,john.wilson5630@example.com,West,2021-05-08
C01982,Thomas Wilson,thomas.wilson6488@example.com,Central,2022-03-01
C01983,Joseph Garcia,joseph.garcia1889@example.com,East,2021-04-26
C01984,Sarah Smith,sarah.smith860@example.com,South,2021-03-28
C01985,Linda Davis,linda.davis2501@example.com,South,2022-10-24
C01986,Richard Gonzalez,richard.gonzalez316@example.com,East,2023-04-30
C01987,Sarah Williams,sarah.williams658@example.com,North,2023-10-04
C01988,James Lopez,james.lopez1321@example.com,East,2021-12-03
C01989,Richard Miller,richard.miller2495@example.com,Central,2023-02-06
C01990,Thomas Gonzalez,thomas.gonzalez2620@example.com,Central,2022-02-05
C01991,David Rodriguez,david.rodriguez6433@example.com,East,2023-07-02
C01992,Karen Taylor,karen.taylor6647@example.com,North,2021-08-07
C01993,Michael Miller,michael.miller9343@example.com,East,2022-03-15
C01994,Charles Martinez,charles.martinez5914@example.com,South,2022-06-01
C01995,Michael Taylor,michael.taylor391@example.com,South,2022-11-15
C01996,Michael Thomas,michael.thomas6367@example.com,West,2021-12-05
C01997,Jessica Thomas,jessica.thomas9189@example.com,South,2021-08-08
C01998,James Smith,james.smith820@example.com,East,2022-09-14
C01999,Joseph Gonzalez,joseph.gonzalez9308@example.com,North,2022-03-17
C02000,Michael Wilson,michael.wilson6109@example.com,West,2022-09-02
C02001,Mary Brown,mary.brown4949@example.com,West,2022-02-24
C02002,Patricia Smith,patricia.smith7808@example.com,North,2022-04-26
C02003,Joseph Jackson,joseph.jackson9134@example.com,North,2023-09-10
C02004,John Jones,john.jones3531@example.com,West,2023-10-16
C02005,Susan Anderson,susan.anderson6758@example.com,North,2021-04-01
C02006,John Rodriguez,john.rodriguez4614@example.com,South,2021-02-19
C02007,William Miller,william.miller3848@example.com,North,2021-04-01
C02008,Charles Wilson,charles.wilson9158@example.com,West,2021-04-07
C02009,Elizabeth Lopez,elizabeth.lopez1449@example.com,West,2021-12-02
C02010,Barbara Lopez,barbara.lopez9028@example.com,East,2022-12-12
C02011,Susan Garcia,susan.garcia9507@example.com,West,2022-08-22
C02012,Robert Thomas,robert.thomas8885@example.com,West,2022-06-03
C02013,Robert Hernandez,robert.hernandez5877@example.com,West,2021-12-03
C02014,Mary Hernandez,mary.hernandez8297@example.com,South,2021-11-23
C02015,Charles Jones,charles.jones3373@example.com,West,2023-05-09
C02016,Patricia Taylor,patricia.taylor8913@example.com,North,2022-06-06
C02017,Sarah Garcia,sarah.garcia3716@example.com,East,2022-10-29
C02018,Barbara Moore,barbara.moore6472@example.com,West,2022-12-21
C02019,Susan Brown,susan.brown3700@example.com,West,2022-01-21
C02020,James Taylor,james.taylor1767@example.com,North,2022-09-20
C02021,Linda Gonzalez,linda.gonzalez4963@example.com,Central,2022-01-27
C02022,James Smith,james.smith510@example.com,South,2021-05-27
C02023,John Rodriguez,john.rodriguez7416@example.com,West,2023-04-06
C02024,James Martin,james.martin4919@example.com,East,2023-05-28
C02025,Karen Jackson,karen.jackson7839@example.com,Central,2023-10-04
C02026,Mary Thomas,mary.thomas5237@example.com,East,2023-02-25
C02027,Sarah Brown,sarah.brown6926@example.com,Central,2023-10-02
C02028,James Gonzalez,james.gonzalez634@example.com,North,2021-07-08
C02029,John Davis,john.davis1541@example.com,East,2023-08-20
C02030,Mary Hernandez,mary.hernandez5076@example.com,West,2023-04-21
C02031,Patricia Smith,patricia.smith2104@example.com,North,2023-06-30
C02032,John Taylor,john.taylor2970@example.com,Central,2021-04-10
C02033,William Jackson,william.jackson1928@example.com,West,2023-07-15
C02034,Elizabeth Garcia,elizabeth.garcia653@example.com,East,2021-11-14
C02035,John Miller,john.miller7900@example.com,North,2021-12-28
C02036,Richard Johnson,richard.johnson4953@example.com,East,2023-10-08
C02037,Linda Anderson,linda.anderson1903@example.com,South,2021-02-18
C02038,Joseph Thomas,joseph.thomas6008@example.com,West,2023-12-12
C02039,Barbara Moore,barbara.moore1743@example.com,North,2023-05-15
C02040,John Williams,john.williams1430@example.com,East,2023-11-05
C02041,Linda Jones,,North,2022-02-07
C02042,Joseph Moore,joseph.moore6117@example.com,West,2022-01-15
C02043,Charles Wilson,charles.wilson1899@example.com,South,2022-09-08
C02044,Robert Gonzalez,robert.gonzalez184@example.com,Central,2021-08-19
C02045,Thomas Rodriguez,thomas.rodriguez9595@example.com,East,2021-10-08
C02046,David Davis,david.davis7871@example.com,South,2023-09-07
C02047,Jessica Miller,jessica.miller1623@example.com,Central,2021-05-26
C02048,Robert Jones,robert.jones8354@example.com,North,2021-05-29
C02049,Charles Garcia,charles.garcia4048@example.com,West,2023-01-11
C02050,Linda Rodriguez,linda.rodriguez6659@example.com,West,2022-10-19
C02051,Richard Smith,richard.smith3156@example.com,East,2022-04-06
C02052,Robert Thomas,robert.thomas8349@example.com,South,2023-12-04
C02053,Elizabeth Thomas,elizabeth.thomas1230@example.com,North,2021-06-23
C02054,Robert Johnson,robert.johnson6055@example.com,East,2022-12-01
C02055,Elizabeth Moore,elizabeth.moore9918@example.com,East,2023-08-21
C02056,Thomas Thomas,thomas.thomas6326@example.com,Central,2021-10-09
C02057,Jessica Hernandez,jessica.hernandez1491@example.com,East,2021-05-09
C02058,William Rodriguez,william.rodriguez4445@example.com,Central,2022-10-04
C02059,David Davis,david.davis9274@example.com,East,2022-11-18
C02060,Thomas Wilson,thomas.wilson4564@example.com,West,2022-01-21
C02061,Karen Jones,karen.jones4834@example.com,East,2022-10-20
C02062,Michael Anderson,michael.anderson9532@example.com,North,2022-08-20
C02063,Linda Miller,linda.miller9800@example.com,East,2023-10-15
C02064,Barbara Davis,barbara.davis6417@example.com,East,2023-07-30
C02065,Sarah Hernandez,sarah.hernandez2398@example.com,North,2023-02-11
C02066,Sarah Gonzalez,sarah.gonzalez54@example.com,East,2023-07-21
C02067,Sarah Jackson,sarah.jackson4540@example.com,West,2021-04-15
C02068,Susan Thomas,susan.thomas9753@example.com,West,2021-09-02
C02069,Robert Garcia,robert.garcia2014@example.com,North,2021-05-24
C02070,William Brown,william.brown8987@example.com,South,2023-05-17
C02071,Michael Johnson,michael.johnson9283@example.com,North,2022-07-22
C02072,Elizabeth Wilson,elizabeth.wilson3944@example.com,Central,2022-07-01
C02073,Sarah Lopez,sarah.lopez3873@example.com,Central,2022-03-27
C02074,Jennifer Gonzalez,jennifer.gonzalez3329@example.com,North,2021-07-06
C02075,Charles Martin,charles.martin4420@example.com,North,2023-04-13
C02076,Linda Davis,linda.davis7529@example.com,South,2022-07-27
C02077,Patricia Smith,patricia.smith3913@example.com,West,2023-03-03
C02078,Joseph Miller,joseph.miller3805@example.com,North,2023-06-29
C02079,Joseph Jones,joseph.jones6300@example.com,West,2022-07-11
C02080,Michael Thomas,michael.thomas7155@example.com,Central,2021-02-12
C02081,Jessica Taylor,jessica.taylor6356@example.com,Central,2021-10-23
C02082,John Martin,john.martin6188@example.com,West,2022-10-06
C02083,Barbara Gonzalez,barbara.gonzalez4492@example.com,East,2023-02-17
C02084,Karen Thomas,karen.thomas398@example.com,Central,2021-05-13
C02085,Joseph Smith,joseph.smith6372@example.com,East,2023-10-03
C02086,Susan Anderson,susan.anderson6950@example.com,East,2022-07-06
C02087,Barbara Rodriguez,barbara.rodriguez7841@example.com,South,2023-11-26
C02088,Karen Taylor,karen.taylor3207@example.com,West,2022-04-14
C02089,John Garcia,john.garcia1514@example.com,Central,2021-06-12
C02090,Thomas Rodriguez,thomas.rodriguez7424@example.com,South,2022-07-25
C02091,Jennifer Davis,jennifer.davis6709@example.com,Central,2021-07-08
C02092,Karen Johnson,karen.johnson9382@example.com,South,2023-08-22
C02093,Susan Garcia,,South,2021-06-07
C02094,John Brown,john.brown4409@example.com,South,2023-08-06
C02095,Sarah Lopez,sarah.lopez2932@example.com,South,2021-01-18
C02096,David Garcia,david.garcia4462@example.com,North,2021-04-27
C02097,Richard Jones,richard.jones2737@example.com,South,2022-05-11
C02098,Karen Lopez,karen.lopez9403@example.com,West,2021-12-25
C02099,Patricia Davis,patricia.davis2656@example.com,North,2023-02-12
C02100,Robert Smith,robert.smith4706@example.com,West,2023-03-20
C02101,Sarah Moore,sarah.moore6618@example.com,West,2023-12-01
C02102,Barbara Martin,barbara.martin9462@example.com,West,2023-12-09
C02103,Susan Garcia,susan.garcia8244@example.com,South,2022-02-28
C02104,John Martin,john.martin6022@example.com,North,2023-04-25
C02105,Richard Gonzalez,richard.gonzalez4908@example.com,East,2021-02-02
C02106,Michael Wilson,michael.wilson2412@example.com,Central,2021-10-14
C02107,Elizabeth Gonzalez,elizabeth.gonzalez4006@example.com,South,2022-06-02
C02108,Jessica Gonzalez,jessica.gonzalez7641@example.com,East,2023-08-07
C02109,Robert Wilson,robert.wilson842@example.com,South,2021-07-27
C02110,Elizabeth Lopez,elizabeth.lopez871@example.com,West,2023-06-07
C02111,John Martin,john.martin4817@example.com,Central,2021-03-24
C02112,Jessica Williams,jessica.williams5776@example.com,East,2021-12-06
C02113,James Brown,james.brown2392@example.com,Central,2021-02-20
C02114,Thomas Miller,thomas.miller8538@example.com,West,2023-08-01
C02115,Barbara Martin,barbara.martin5351@example.com,North,2021-09-10
C02116,Joseph Thomas,joseph.thomas7101@example.com,North,2023-11-03
C02117,John Jones,john.jones6192@example.com,West,2022-07-02
C02118,Robert Jones,robert.jones3217@example.com,West,2022-03-28
C02119,Mary Johnson,,South,2022-02-01
C02120,Susan Jones,susan.jones6995@example.com,East,2022-03-08
C02121,James Williams,james.williams2678@example.com,East,2021-05-16
C02122,Linda Anderson,linda.anderson2714@example.com,West,2023-07-31
C02123,David Martin,david.martin6097@example.com,East,2022-11-09
C02124,David Taylor,david.taylor2550@example.com,Central,2022-07-26
C02125,Karen Davis,karen.davis3707@example.com,West,2022-11-04
C02126,Thomas Martinez,thomas.martinez8174@example.com,West,2022-09-08
C02127,William Brown,william.brown2425@example.com,South,2022-05-25
C02128,Joseph Jones,joseph.jones1616@example.com,Central,2023-03-30
C02129,Susan Jackson,susan.jackson5427@example.com,South,2023-09-13
C02130,John Hernandez,john.hernandez933@example.com,West,2023-08-28
C02131,James Hernandez,james.hernandez6069@example.com,South,2023-10-05
C02132,Richard Jackson,richard.jackson3507@example.com,South,2021-12-04
C02133,David Garcia,david.garcia9798@example.com,West,2021-07-26
C02134,John Williams,john.williams140@example.com,West,2021-07-09
C02135,Robert Johnson,robert.johnson35@example.com,North,2023-01-22
C02136,Barbara Jackson,barbara.jackson1434@example.com,East,2021-03-21
C02137,Charles Williams,charles.williams648@example.com,South,2023-03-12
C02138,Jessica Brown,jessica.brown4380@example.com,Central,2021-05-27
C02139,Karen Martinez,karen.martinez2272@example.com,Central,2021-11-19
C02140,Thomas Brown,thomas.brown8134@example.com,East,2022-11-25
C02141,Jennifer Thomas,jennifer.thomas7414@example.com,Central,2023-04-02
C02142,Susan Davis,susan.davis5068@example.com,South,2021-11-01
C02143,Robert Johnson,robert.johnson1302@example.com,North,2023-07-09
C02144,Robert Jones,robert.jones1204@example.com,East,2022-05-05
C02145,Jessica Wilson,jessica.wilson6716@example.com,Central,2022-09-12
C02146,Michael Thomas,michael.thomas555@example.com,West,2021-05-16
C02147,Mary Johnson,mary.johnson4132@example.com,West,2023-03-26
C02148,David Anderson,david.anderson2178@example.com,West,2022-01-12
C02149,James Garcia,james.garcia4106@example.com,West,2022-11-17
C02150,Robert Johnson,robert.johnson2300@example.com,Central,2022-07-24
C02151,Michael Garcia,,North,2022-12-04
C02152,Karen Lopez,,West,2023-10-24
C02153,Michael Miller,michael.miller2422@example.com,Central,2023-03-12
C02154,Thomas Jackson,thomas.jackson3223@example.com,North,2022-08-18
C02155,Sarah Anderson,sarah.anderson730@example.com,North,2021-05-09
C02156,Jessica Wilson,jessica.wilson7595@example.com,Central,2022-10-08
C02157,Charles Davis,charles.davis7361@example.com,North,2022-06-05
C02158,Richard Rodriguez,richard.rodriguez71@example.com,North,2023-07-10
C02159,Linda Gonzalez,linda.gonzalez37@example.com,North,2022-07-15
C02160,Sarah Moore,,East,2021-04-15
C02161,Jessica Jackson,jessica.jackson3497@example.com,Central,2021-08-26
C02162,Linda Gonzalez,linda.gonzalez9188@example.com,South,2022-02-15
C02163,James Wilson,james.wilson1306@example.com,South,2021-02-12
C02164,Patricia Jones,patricia.jones4231@example.com,East,2023-05-02
C02165,Jennifer Wilson,jennifer.wilson3344@example.com,East,2022-08-15
C02166,Elizabeth Moore,elizabeth.moore8990@example.com,North,2021-09-06
C02167,James Davis,james.davis1082@example.com,East,2021-08-21
C02168,Joseph Hernandez,joseph.hernandez1990@example.com,Central,2021-09-08
C02169,Jessica Martin,jessica.martin4560@example.com,East,2022-12-25
C02170,Jennifer Gonzalez,jennifer.gonzalez3102@example.com,East,2021-06-26
C02171,John Garcia,john.garcia2389@example.com,Central,2022-02-02
C02172,Jessica Lopez,jessica.lopez489@example.com,West,2023-06-05
C02173,Patricia Taylor,patricia.taylor6594@example.com,South,2023-09-18
C02174,Charles Williams,charles.williams3716@example.com,West,2023-07-27
C02175,Richard Hernandez,richard.hernandez6044@example.com,North,2022-01-21
C02176,James Jackson,,East,2023-05-02
C02177,James Hernandez,james.hernandez7594@example.com,North,2021-08-27
C02178,Charles Jones,charles.jones7757@example.com,Central,2022-11-29
C02179,Patricia Martin,patricia.martin533@example.com,East,2023-05-22
C02180,Elizabeth Johnson,elizabeth.johnson1747@example.com,East,2021-10-08
C02181,William Gonzalez,william.gonzalez2508@example.com,West,2023-12-24
C02182,Barbara Williams,barbara.williams8164@example.com,East,2021-02-23
C02183,Elizabeth Hernandez,elizabeth.hernandez3028@example.com,South,2021-07-25
C02184,Barbara Brown,barbara.brown1560@example.com,East,2021-09-11
C02185,Jennifer Jackson,jennifer.jackson3479@example.com,North,2022-07-21
C02186,Elizabeth Moore,elizabeth.moore8869@example.com,North,2022-09-01
C02187,Sarah Martinez,sarah.martinez1646@example.com,North,2023-05-11
C02188,John Hernandez,john.hernandez4409@example.com,South,2021-01-09
C02189,Patricia Thomas,patricia.thomas697@example.com,East,2021-08-07
C02190,William Garcia,william.garcia9681@example.com,South,2021-12-11
C02191,Jennifer Jackson,jennifer.jackson1702@example.com,North,2021-09-17
C02192,Jennifer Taylor,jennifer.taylor3910@example.com,North,2022-07-14
C02193,Charles Miller,charles.miller8072@example.com,North,2023-03-07
C02194,Michael Taylor,michael.taylor4796@example.com,West,2023-04-23
C02195,Charles Martinez,charles.martinez4414@example.com,North,2022-06-07
C02196,Karen Thomas,karen.thomas24@example.com,West,2022-06-03
C02197,Robert Jackson,robert.jackson3021@example.com,Central,2022-05-25
C02198,Robert Johnson,robert.johnson3783@example.com,North,2023-03-20
C02199,Robert Miller,robert.miller4531@example.com,,2022-03-07
C02200,Patricia Smith,patricia.smith6773@example.com,South,2021-10-29
C02201,Patricia Lopez,patricia.lopez5327@example.com,West,2022-07-18
C02202,Joseph Miller,joseph.miller2391@example.com,East,2022-05-13
C02203,Jessica Thomas,jessica.thomas4488@example.com,,2023-08-08
C02204,Jennifer Johnson,jennifer.johnson977@example.com,Central,2023-04-27
C02205,Patricia Martinez,patricia.martinez2306@example.com,South,2021-01-29
C02206,Jessica Taylor,jessica.taylor1070@example.com,East,2022-04-05
C02207,Joseph Miller,joseph.miller4516@example.com,West,2023-09-11
C02208,Linda Anderson,,South,2023-02-27
C02209,Linda Moore,linda.moore8351@example.com,South,2023-01-30
C02210,Thomas Rodriguez,thomas.rodriguez1620@example.com,Central,2023-04-07
C02211,James Williams,james.williams9293@example.com,North,2022-08-03
C02212,William Davis,william.davis9109@example.com,Central,2023-12-22
C02213,Jennifer Thomas,,North,2023-05-10
C02214,Charles Hernandez,charles.hernandez24@example.com,South,2022-09-20
C02215,Susan Rodriguez,susan.rodriguez4456@example.com,West,2023-01-01
C02216,Patricia Gonzalez,patricia.gonzalez7731@example.com,South,2022-11-20
C02217,Barbara Thomas,barbara.thomas3952@example.com,West,2021-02-03
C02218,John Brown,john.brown9260@example.com,South,2021-03-31
C02219,Michael Anderson,michael.anderson6757@example.com,North,2023-06-23
C02220,Robert Davis,robert.davis3515@example.com,North,2021-01-24
C02221,Charles Wilson,charles.wilson1971@example.com,Central,2022-03-05
C02222,John Hernandez,john.hernandez3879@example.com,North,2022-05-09
C02223,Mary Thomas,mary.thomas4540@example.com,North,2023-09-30
C02224,Michael Wilson,michael.wilson5419@example.com,Central,2022-07-23
C02225,James Wilson,james.wilson5718@example.com,West,2021-12-03
C02226,James Brown,,East,2021-11-18
C02227,Linda Johnson,linda.johnson2940@example.com,South,2022-08-28
C02228,Joseph Johnson,joseph.johnson7365@example.com,South,2022-02-23
C02229,Barbara Martinez,barbara.martinez7075@example.com,North,2021-11-22
C02230,Jessica Gonzalez,jessica.gonzalez125@example.com,North,2023-05-11
C02231,Patricia Williams,patricia.williams2582@example.com,South,2023-06-10
C02232,Linda Garcia,linda.garcia4361@example.com,Central,2023-12-24
C02233,Charles Jackson,charles.jackson5408@example.com,South,2023-12-28
C02234,Charles Miller,charles.miller7358@example.com,Central,2023-07-01
C02235,William Hernandez,william.hernandez4264@example.com,North,2022-08-29
C02236,Richard Moore,richard.moore7617@example.com,Central,2021-09-17
C02237,Mary Davis,mary.davis8742@example.com,North,2023-03-20
C02238,Charles Jones,charles.jones866@example.com,Central,2021-09-16
C02239,Linda Johnson,linda.johnson8330@example.com,Central,2022-05-10
C02240,Sarah Moore,sarah.moore1370@example.com,Central,2022-06-19
C02241,David Moore,david.moore2232@example.com,North,2022-02-25
C02242,Robert Davis,robert.davis1465@example.com,Central,2023-05-15
C02243,Sarah Williams,sarah.williams5274@example.com,East,2022-11-23
C02244,James Johnson,james.johnson189@example.com,North,2021-03-04
C02245,John Hernandez,john.hernandez2703@example.com,Central,2022-01-25
C02246,Jessica Brown,jessica.brown7193@example.com,Central,2021-04-28
C02247,Karen Smith,karen.smith2454@example.com,East,2021-08-24
C02248,Thomas Martinez,thomas.martinez4787@example.com,North,2021-10-30
C02249,Karen Jackson,karen.jackson8848@example.com,West,2021-06-06
C02250,Robert Garcia,robert.garcia4735@example.com,North,2023-08-19
C02251,Mary Taylor,mary.taylor7122@example.com,North,2021-01-06
C02252,William Davis,william.davis6192@example.com,East,2023-11-23
C02253,William Taylor,william.taylor2457@example.com,Central,2023-04-26
C02254,Robert Rodriguez,robert.rodriguez8384@example.com,East,2021-04-11
C02255,Barbara Martinez,barbara.martinez2790@example.com,West,2021-03-22
C02256,Jessica Johnson,jessica.johnson6664@example.com,West,2023-08-01
C02257,Karen Lopez,karen.lopez279@example.com,Central,2021-05-13
C02258,Mary Rodriguez,mary.rodriguez770@example.com,West,2023-12-19
C02259,Patricia Moore,patricia.moore8672@example.com,East,2022-06-14
C02260,Jennifer Moore,jennifer.moore7761@example.com,South,2023-02-14
C02261,Michael Taylor,michael.taylor1052@example.com,South,2021-05-15
C02262,Robert Gonzalez,robert.gonzalez4836@example.com,Central,2022-09-22
C02263,Susan Martinez,,West,2021-09-25
C02264,Barbara Taylor,barbara.taylor7060@example.com,East,2022-05-31
C02265,John Anderson,john.anderson669@example.com,East,2023-03-10
C02266,Jennifer Lopez,jennifer.lopez6123@example.com,North,2022-04-15
C02267,Barbara Hernandez,barbara.hernandez8905@example.com,East,2021-02-17
C02268,John Thomas,john.thomas6182@example.com,East,2023-11-17
C02269,Charles Taylor,charles.taylor8278@example.com,North,2021-08-12
C02270,Barbara Davis,barbara.davis9111@example.com,Central,2022-07-19
C02271,David Jones,david.jones7630@example.com,North,2022-11-28
C02272,Mary Martinez,mary.martinez943@example.com,East,2022-03-19
C02273,Michael Lopez,michael.lopez3184@example.com,East,2021-09-08
C02274,Richard Davis,richard.davis2317@example.com,North,2023-07-21
C02275,Thomas Anderson,thomas.anderson2028@example.com,Central,2022-05-09
C02276,Charles Williams,charles.williams3244@example.com,South,2022-10-24
C02277,Linda Johnson,linda.johnson6663@example.com,North,2023-11-01
C02278,Jessica Hernandez,jessica.hernandez6379@example.com,Central,2023-12-11
C02279,James Smith,james.smith3029@example.com,North,2021-03-02
C02280,Charles Brown,charles.brown5482@example.com,North,2023-12-09
C02281,James Davis,james.davis6182@example.com,West,2022-08-04
C02282,Karen Brown,karen.brown6808@example.com,Central,2023-03-14
C02283,Barbara Martin,barbara.martin5666@example.com,North,2021-05-26
C02284,Patricia Taylor,patricia.taylor9422@example.com,Central,2022-04-19
C02285,Richard Taylor,richard.taylor7821@example.com,North,2023-04-15
C02286,Michael Garcia,michael.garcia2584@example.com,Central,2021-10-30
C02287,John Davis,john.davis7394@example.com,East,2021-07-08
C02288,William Johnson,william.johnson4817@example.com,Central,2021-03-29
C02289,Barbara Smith,barbara.smith5530@example.com,West,2021-04-05
C02290,Thomas Brown,thomas.brown1909@example.com,West,2021-02-06
C02291,Mary Miller,mary.miller908@example.com,South,2023-03-26
C02292,Karen Williams,karen.williams447@example.com,West,2022-03-12
C02293,Patricia Garcia,patricia.garcia3582@example.com,East,2023-05-31
C02294,Thomas Moore,thomas.moore3005@example.com,North,2023-09-21
C02295,Susan Moore,susan.moore2337@example.com,Central,2022-08-18
C02296,Mary Brown,mary.brown3967@example.com,,2023-12-17
C02297,Joseph Miller,joseph.miller5614@example.com,West,2023-12-19
C02298,Robert Wilson,robert.wilson756@example.com,East,2021-09-12
C02299,Mary Brown,mary.brown6072@example.com,North,2021-04-08
C02300,Thomas Lopez,thomas.lopez9249@example.com,North,2022-08-09
C02301,Charles Garcia,charles.garcia259@example.com,West,2021-12-06
C02302,Richard Martin,richard.martin9385@example.com,West,2023-02-09
C02303,Elizabeth Moore,elizabeth.moore9907@example.com,West,2023-12-06
C02304,Elizabeth Jones,elizabeth.jones8770@example.com,Central,2022-05-24
C02305,Robert Hernandez,robert.hernandez9263@example.com,North,2022-09-27
C02306,Charles Martin,charles.martin3186@example.com,South,2022-04-02
C02307,Elizabeth Jones,elizabeth.jones7044@example.com,Central,2021-04-23
C02308,Susan Martin,susan.martin377@example.com,West,2021-08-30
C02309,Joseph Wilson,joseph.wilson501@example.com,South,2022-09-26
C02310,Sarah Davis,sarah.davis8520@example.com,East,2023-01-11
C02311,Linda Taylor,linda.taylor2270@example.com,Central,2022-08-07
C02312,James Lopez,james.lopez6677@example.com,North,2023-06-09
C02313,David Smith,david.smith8999@example.com,South,2023-01-05
C02314,Sarah Jones,sarah.jones7114@example.com,North,2023-02-23
C02315,Charles Gonzalez,charles.gonzalez5648@example.com,North,2022-03-20
C02316,James Moore,james.moore7896@example.com,North,2021-10-26
C02317,Michael Taylor,michael.taylor5140@example.com,North,2022-01-29
C02318,William Gonzalez,william.gonzalez8872@example.com,Central,2022-09-29
C02319,Thomas Rodriguez,thomas.rodriguez665@example.com,South,2022-04-04
C02320,James Smith,james.smith8420@example.com,West,2023-03-09
C02321,John Johnson,john.johnson1914@example.com,West,2021-06-03
C02322,John Miller,john.miller5487@example.com,North,2021-05-16
C02323,Richard Taylor,richard.taylor918@example.com,East,2021-05-30
C02324,David Johnson,david.johnson7425@example.com,South,2023-12-05
C02325,Michael Jackson,michael.jackson7264@example.com,South,2023-01-25
C02326,Linda Rodriguez,,West,2022-07-31
C02327,Richard Garcia,richard.garcia954@example.com,West,2023-04-06
C02328,Susan Jones,susan.jones9770@example.com,North,2021-07-08
C02329,Jessica Thomas,jessica.thomas6300@example.com,South,2021-05-17
C02330,William Smith,william.smith6510@example.com,Central,2022-02-04
C02331,Michael Miller,michael.miller7437@example.com,South,2022-10-06
C02332,Barbara Garcia,barbara.garcia3320@example.com,West,2021-06-12
C02333,Joseph Smith,joseph.smith3358@example.com,South,2021-06-10
C02334,Karen Garcia,karen.garcia8@example.com,South,2022-05-03
C02335,Thomas Hernandez,thomas.hernandez2169@example.com,Central,2022-12-08
C02336,Richard Brown,richard.brown3120@example.com,North,2022-08-31
C02337,Elizabeth Rodriguez,elizabeth.rodriguez9709@example.com,South,2022-10-24
C02338,Mary Jones,mary.jones6482@example.com,North,2021-07-13
C02339,Susan Rodriguez,susan.rodriguez4666@example.com,South,2022-05-28
C02340,Patricia Gonzalez,patricia.gonzalez7708@example.com,South,2023-10-21
C02341,Thomas Garcia,thomas.garcia3059@example.com,South,2023-10-04
C02342,Charles Moore,charles.moore2989@example.com,South,2023-05-10
C02343,Jennifer Jackson,jennifer.jackson8948@example.com,West,2023-06-16
C02344,Linda Wilson,linda.wilson3796@example.com,Central,2021-08-24
C02345,Thomas Garcia,thomas.garcia8905@example.com,East,2022-11-25
C02346,Linda Jackson,linda.jackson7367@example.com,North,2023-05-28
C02347,Richard Brown,richard.brown7432@example.com,North,2023-10-14
C02348,Linda Gonzalez,linda.gonzalez8492@example.com,South,2021-02-01
C02349,Barbara Smith,barbara.smith6163@example.com,North,2021-12-17
C02350,Jennifer Davis,jennifer.davis5723@example.com,South,2023-03-17
C02351,Barbara Smith,barbara.smith5490@example.com,West,2022-06-27
C02352,Richard Jackson,richard.jackson2464@example.com,Central,2021-12-23
C02353,John Jackson,john.jackson2274@example.com,West,2021-03-22
C02354,Sarah Jackson,sarah.jackson8754@example.com,East,2022-08-15
C02355,Sarah Smith,sarah.smith2595@example.com,North,2021-03-11
C02356,Karen Davis,karen.davis8885@example.com,Central,2022-05-29
C02357,Thomas Martinez,thomas.martinez2130@example.com,Central,2023-11-15
C02358,Sarah Williams,sarah.williams1377@example.com,West,2023-11-06
C02359,Joseph Johnson,joseph.johnson7232@example.com,South,2023-04-03
C02360,Joseph Gonzalez,joseph.gonzalez7826@example.com,South,2023-07-15
C02361,William Gonzalez,william.gonzalez1278@example.com,North,2023-08-03
C02362,Jessica Martin,jessica.martin8720@example.com,Central,2023-06-13
C02363,Thomas Thomas,thomas.thomas2522@example.com,South,2022-02-06
C02364,Jessica Johnson,jessica.johnson8719@example.com,,2022-01-17
C02365,Linda Lopez,linda.lopez850@example.com,North,2023-01-09
C02366,Richard Gonzalez,richard.gonzalez5438@example.com,Central,2021-09-13
C02367,Jennifer Rodriguez,jennifer.rodriguez8877@example.com,East,2022-07-04
C02368,William Garcia,william.garcia8579@example.com,Central,2021-10-15
C02369,Barbara Martin,barbara.martin4820@example.com,South,2021-09-30
C02370,Sarah Jackson,sarah.jackson4412@example.com,South,2022-02-03
C02371,Sarah Jackson,sarah.jackson1690@example.com,South,2022-11-03
C02372,Jennifer Moore,jennifer.moore5536@example.com,West,2022-12-05
C02373,Richard Garcia,richard.garcia9429@example.com,Central,2022-04-01
C02374,David Taylor,david.taylor9961@example.com,East,2023-10-31
C02375,Patricia Moore,patricia.moore6410@example.com,North,2023-09-30
C02376,Thomas Rodriguez,thomas.rodriguez6329@example.com,Central,2022-10-19
C02377,Jessica Martinez,jessica.martinez4288@example.com,South,2021-09-03
C02378,Thomas Jackson,thomas.jackson1221@example.com,North,2023-09-19
C02379,Jennifer Johnson,jennifer.johnson3263@example.com,East,2022-07-06
C02380,Mary Williams,mary.williams5968@example.com,East,2022-08-25
C02381,Joseph Brown,joseph.brown5354@example.com,South,2021-12-22
C02382,Barbara Martin,barbara.martin3514@example.com,West,2023-12-11
C02383,Patricia Davis,patricia.davis6984@example.com,East,2022-06-29
C02384,Robert Brown,robert.brown4645@example.com,North,2022-12-26
C02385,Jennifer Anderson,jennifer.anderson6274@example.com,North,2023-12-09
C02386,Jessica Moore,jessica.moore986@example.com,South,2021-01-14
C02387,William Lopez,william.lopez2127@example.com,Central,2022-12-15
C02388,Richard Garcia,richard.garcia2243@example.com,Central,2023-05-27
C02389,Susan Johnson,susan.johnson5316@example.com,Central,2023-07-11
C02390,Sarah Anderson,sarah.anderson4580@example.com,South,2022-11-23
C02391,Thomas Hernandez,thomas.hernandez4582@example.com,East,2023-05-15
C02392,Barbara Hernandez,barbara.hernandez4720@example.com,South,2021-09-01
C02393,John Wilson,,North,2021-03-29
C02394,Robert Martinez,robert.martinez6104@example.com,Central,2022-04-21
C02395,John Davis,john.davis2149@example.com,North,2022-10-12
C02396,John Miller,john.miller92@example.com,West,2022-02-22
C02397,Susan Moore,susan.moore2985@example.com,East,2023-12-01
C02398,Thomas Martin,thomas.martin6277@example.com,Central,2023-10-02
C02399,Robert Thomas,robert.thomas3639@example.com,West,2022-08-23
C02400,Susan Jones,susan.jones105@example.com,Central,2021-12-10
C02401,Barbara Martinez,barbara.martinez3427@example.com,North,2021-12-21
C02402,Sarah Brown,sarah.brown2191@example.com,North,2021-10-21
C02403,James Martinez,james.martinez1518@example.com,North,2023-12-01
C02404,Linda Wilson,linda.wilson4300@example.com,South,2023-08-07
C02405,Barbara Smith,barbara.smith8725@example.com,West,2021-06-28
C02406,Joseph Garcia,joseph.garcia2961@example.com,West,2022-06-18
C02407,Barbara Moore,barbara.moore4353@example.com,West,2021-03-08
C02408,David Jones,david.jones1479@example.com,West,2022-05-09
C02409,Patricia Gonzalez,patricia.gonzalez870@example.com,South,2021-09-05
C02410,Jessica Garcia,jessica.garcia1038@example.com,South,2022-03-21
C02411,Charles Jackson,charles.jackson3050@example.com,North,2021-12-20
C02412,Robert Jackson,robert.jackson9288@example.com,South,2021-12-17
C02413,Patricia Wilson,patricia.wilson5357@example.com,Central,2022-09-13
C02414,Linda Moore,linda.moore9022@example.com,South,2023-01-15
C02415,Linda Jackson,linda.jackson8851@example.com,Central,2022-07-01
C02416,Susan Brown,susan.brown8014@example.com,West,2023-10-07
C02417,Linda Garcia,linda.garcia6441@example.com,North,2022-06-19
C02418,William Jackson,william.jackson8162@example.com,North,2023-07-05
C02419,Karen Jackson,,Central,2021-05-24
C02420,Jennifer Johnson,jennifer.johnson5425@example.com,Central,2023-12-16
C02421,Jessica Brown,jessica.brown3511@example.com,East,2023-11-29
C02422,Linda Jones,,North,2023-01-17
C02423,Richard Johnson,richard.johnson8979@example.com,North,2022-06-28
C02424,Sarah Thomas,sarah.thomas9939@example.com,West,2023-11-03
C02425,Charles Anderson,charles.anderson5724@example.com,East,2023-01-02
C02426,Jennifer Davis,jennifer.davis8766@example.com,North,2021-03-24
C02427,Michael Smith,michael.smith4557@example.com,South,2021-06-17
C02428,Charles Jackson,charles.jackson5255@example.com,North,2021-11-30
C02429,Michael Jackson,,South,2021-12-09
C02430,Charles Lopez,charles.lopez394@example.com,South,2023-11-14
C02431,Michael Johnson,michael.johnson3217@example.com,Central,2023-08-21
C02432,John Miller,john.miller9724@example.com,Central,2021-10-25
C02433,Richard Johnson,richard.johnson2473@example.com,North,2021-08-30
C02434,Joseph Wilson,joseph.wilson7645@example.com,South,2021-07-02
C02435,Patricia Brown,patricia.brown6269@example.com,South,2021-03-27
C02436,Patricia Martin,patricia.martin523@example.com,East,2023-12-20
C02437,Joseph Davis,joseph.davis3244@example.com,South,2022-01-30
C02438,Susan Gonzalez,susan.gonzalez5527@example.com,North,2023-07-22
C02439,Elizabeth Taylor,elizabeth.taylor1698@example.com,East,2021-07-04
C02440,Elizabeth Smith,elizabeth.smith9149@example.com,Central,2022-11-22
C02441,James Jackson,james.jackson5352@example.com,South,2023-02-09
C02442,Robert Smith,robert.smith9690@example.com,East,2022-12-18
C02443,Richard Williams,richard.williams21@example.com,South,2022-12-09
C02444,Robert Jackson,robert.jackson8136@example.com,North,2023-07-19
C02445,Patricia Jones,patricia.jones4514@example.com,East,2023-01-21
C02446,Richard Martinez,richard.martinez2136@example.com,North,2021-06-03
C02447,Robert Smith,robert.smith2308@example.com,North,2023-01-12
C02448,Karen Garcia,karen.garcia7854@example.com,West,2021-12-07
C02449,Karen Martin,karen.martin1008@example.com,North,2021-02-15
C02450,Susan Davis,susan.davis2130@example.com,East,2021-08-08
C02451,David Hernandez,david.hernandez4278@example.com,South,2021-01-16
C02452,Linda Martinez,linda.martinez531@example.com,,2023-01-14
C02453,Richard Thomas,richard.thomas9248@example.com,West,2022-09-24
C02454,Karen Williams,karen.williams6077@example.com,East,2023-05-21
C02455,Jennifer Davis,jennifer.davis4117@example.com,North,2022-05-30
C02456,Joseph Wilson,joseph.wilson45@example.com,Central,2021-08-31
C02457,Thomas Brown,thomas.brown635@example.com,West,2021-07-25
C02458,Joseph Gonzalez,joseph.gonzalez4525@example.com,North,2023-05-18
C02459,Thomas Johnson,,North,2023-01-21
C02460,Joseph Brown,joseph.brown2427@example.com,North,2021-05-05
C02461,Joseph Williams,joseph.williams3203@example.com,West,2022-05-20
C02462,Mary Anderson,mary.anderson3756@example.com,North,2022-08-13
C02463,Barbara Taylor,barbara.taylor4515@example.com,South,2021-12-25
C02464,Patricia Miller,,West,2023-12-25
C02465,Thomas Lopez,thomas.lopez7321@example.com,West,2023-10-14
C02466,James Miller,james.miller1975@example.com,East,2022-02-15
C02467,Karen Gonzalez,karen.gonzalez2566@example.com,West,2023-06-15
C02468,Richard Wilson,richard.wilson2440@example.com,Central,2022-05-08
C02469,Robert Thomas,,East,2023-05-22
C02470,Patricia Martinez,patricia.martinez5413@example.com,North,2021-08-27
C02471,Mary Anderson,mary.anderson9643@example.com,West,2022-06-01
C02472,Mary Smith,mary.smith4304@example.com,Central,2021-05-20
C02473,Charles Rodriguez,,South,2021-05-15
C02474,David Garcia,david.garcia693@example.com,Central,2022-09-02
C02475,Karen Thomas,karen.thomas6472@example.com,Central,2022-04-04
C02476,John Miller,john.miller7590@example.com,North,2023-02-22
C02477,Karen Moore,karen.moore4795@example.com,West,2021-11-01
C02478,Michael Thomas,michael.thomas4697@example.com,West,2022-06-30
C02479,Linda Davis,linda.davis2855@example.com,West,2023-11-22
C02480,Charles Martin,charles.martin4737@example.com,North,2023-07-03
C02481,James Williams,james.williams4328@example.com,West,2021-10-13
C02482,James Miller,james.miller7656@example.com,West,2021-12-18
C02483,Patricia Williams,patricia.williams6730@example.com,South,2021-02-26
C02484,William Brown,william.brown8942@example.com,North,2023-11-17
C02485,Karen Taylor,karen.taylor9580@example.com,South,2021-06-21
C02486,Joseph Smith,joseph.smith8807@example.com,Central,2023-11-07
C02487,James Williams,james.williams8956@example.com,East,2021-10-11
C02488,Jennifer Brown,jennifer.brown7394@example.com,East,2022-04-23
C02489,Charles Anderson,charles.anderson8305@example.com,North,2021-05-07
C02490,James Rodriguez,james.rodriguez8849@example.com,West,2021-07-11
C02491,Jennifer Miller,jennifer.miller6231@example.com,East,2021-07-07
C02492,John Garcia,john.garcia8371@example.com,Central,2021-12-05
C02493,Karen Wilson,karen.wilson9170@example.com,South,2023-03-15
C02494,Charles Thomas,charles.thomas820@example.com,Central,2021-08-30
C02495,William Williams,william.williams9519@example.com,East,2023-10-10
C02496,Sarah Davis,sarah.davis2901@example.com,Central,2022-11-14
C02497,Richard Lopez,richard.lopez1754@example.com,West,2023-03-27
C02498,Jennifer Martinez,jennifer.martinez741@example.com,West,2022-08-03
C02499,Karen Gonzalez,karen.gonzalez6288@example.com,East,2023-05-30
C02500,James Rodriguez,james.rodriguez7423@example.com,South,2021-01-24
C02501,Robert Moore,robert.moore5539@example.com,South,2022-12-30
C02502,Charles Davis,charles.davis6663@example.com,Central,2023-10-27
C02503,Charles Davis,charles.davis4357@example.com,Central,2022-04-12
C02504,Karen Johnson,karen.johnson7142@example.com,East,2021-11-06
C02505,Thomas Anderson,thomas.anderson9863@example.com,West,2021-05-10
C02506,John Martinez,john.martinez1211@example.com,North,2022-05-24
C02507,Barbara Martin,barbara.martin2675@example.com,South,2021-08-10
C02508,Linda Miller,linda.miller7785@example.com,North,2022-05-25
C02509,Mary Rodriguez,mary.rodriguez5263@example.com,North,2021-02-14
C02510,Jennifer Lopez,jennifer.lopez4562@example.com,West,2021-09-13
C02511,Karen Brown,karen.brown7028@example.com,North,2022-08-16
C02512,William Smith,william.smith9294@example.com,North,2023-09-19
C02513,John Taylor,john.taylor2078@example.com,Central,2021-03-27
C02514,Sarah Moore,sarah.moore47@example.com,West,2021-10-25
C02515,Patricia Rodriguez,patricia.rodriguez1305@example.com,West,2021-08-03
C02516,Linda Hernandez,linda.hernandez3027@example.com,West,2023-05-15
C02517,Karen Moore,karen.moore4080@example.com,Central,2023-06-21
C02518,Elizabeth Taylor,elizabeth.taylor6245@example.com,North,2022-06-19
C02519,David Johnson,david.johnson1813@example.com,South,2022-01-05
C02520,Mary Thomas,mary.thomas5920@example.com,West,2021-04-02
C02521,Barbara Brown,barbara.brown1154@example.com,West,2021-05-07
C02522,Linda Martin,linda.martin8812@example.com,Central,2022-03-01
C02523,Susan Hernandez,susan.hernandez4073@example.com,South,2022-06-17
C02524,David Lopez,david.lopez9823@example.com,,2021-02-20
C02525,Karen Jackson,karen.jackson4934@example.com,East,2022-05-28
C02526,Jennifer Johnson,jennifer.johnson4806@example.com,West,2022-07-16
C02527,Sarah Martin,sarah.martin7126@example.com,West,2023-06-12
C02528,William Garcia,william.garcia236@example.com,East,2023-01-16
C02529,Jessica Anderson,jessica.anderson5570@example.com,North,2022-09-24
C02530,David Davis,david.davis3151@example.com,Central,2021-09-25
C02531,Linda Lopez,linda.lopez4229@example.com,West,2022-01-13
C02532,Susan Hernandez,susan.hernandez4739@example.com,West,2022-12-12
C02533,Linda Johnson,linda.johnson151@example.com,West,2022-01-18
C02534,Patricia Garcia,patricia.garcia2493@example.com,West,2023-09-07
C02535,Jessica Martinez,jessica.martinez6574@example.com,East,2023-03-11
C02536,James Brown,james.brown1296@example.com,North,2023-10-28
C02537,William Moore,william.moore8472@example.com,,2021-01-31
C02538,Patricia Thomas,patricia.thomas9648@example.com,West,2023-10-10
C02539,Sarah Jones,sarah.jones3210@example.com,South,2023-01-04
C02540,Joseph Smith,joseph.smith4477@example.com,West,2021-12-03
C02541,Susan Williams,susan.williams2413@example.com,South,2023-12-19
C02542,William Davis,william.davis7844@example.com,West,2023-03-02
C02543,Sarah Johnson,sarah.johnson7557@example.com,South,2022-06-27
C02544,Thomas Garcia,thomas.garcia5076@example.com,Central,2022-04-22
C02545,Thomas Hernandez,thomas.hernandez4149@example.com,East,2023-05-30
C02546,William Martinez,william.martinez6020@example.com,West,2021-10-26
C02547,Michael Williams,michael.williams1826@example.com,South,2023-07-06
C02548,Elizabeth Moore,elizabeth.moore8049@example.com,Central,2021-06-23
C02549,Joseph Anderson,joseph.anderson6524@example.com,South,2021-12-07
C02550,Jessica Garcia,jessica.garcia504@example.com,Central,2021-12-14
C02551,John Thomas,john.thomas5794@example.com,Central,2021-05-18
C02552,Karen Gonzalez,karen.gonzalez4046@example.com,East,2022-02-03
C02553,Mary Gonzalez,mary.gonzalez9976@example.com,South,2023-10-28
C02554,Robert Rodriguez,robert.rodriguez3760@example.com,South,2021-01-25
C02555,Mary Brown,mary.brown8433@example.com,West,2023-11-01
C02556,Elizabeth Taylor,elizabeth.taylor1098@example.com,East,2022-07-26
C02557,William Rodriguez,william.rodriguez5890@example.com,West,2023-12-25
C02558,Michael Moore,michael.moore5925@example.com,West,2022-03-22
C02559,Joseph Moore,,East,2021-09-10
C02560,Robert Moore,robert.moore7480@example.com,Central,2023-03-02
C02561,Karen Jackson,karen.jackson9491@example.com,Central,2021-11-14
C02562,Karen Johnson,karen.johnson5015@example.com,East,2021-09-30
C02563,Jessica Brown,jessica.brown4494@example.com,South,2022-04-22
C02564,Mary Williams,mary.williams9802@example.com,West,2021-12-25
C02565,William Jones,william.jones3338@example.com,South,2021-11-30
C02566,Thomas Davis,thomas.davis3904@example.com,North,2021-08-19
C02567,Sarah Thomas,sarah.thomas493@example.com,South,2022-03-07
C02568,Jennifer Taylor,jennifer.taylor8433@example.com,Central,2022-03-11
C02569,Jennifer Jones,jennifer.jones1985@example.com,,2022-04-17
C02570,Jennifer Smith,jennifer.smith267@example.com,Central,2023-06-08
C02571,Richard Brown,richard.brown743@example.com,Central,2023-09-12
C02572,Richard Brown,richard.brown184@example.com,East,2023-02-25
C02573,John Martinez,john.martinez1012@example.com,South,2022-08-16
C02574,David Davis,david.davis1394@example.com,North,2022-07-20
C02575,Susan Moore,susan.moore2266@example.com,East,2022-10-10
C02576,Patricia Johnson,patricia.johnson60@example.com,North,2023-04-08
C02577,Jennifer Smith,jennifer.smith6064@example.com,East,2023-02-16
C02578,Joseph Williams,,North,2023-03-10
C02579,Susan Rodriguez,susan.rodriguez1508@example.com,West,2022-09-05
C02580,John Williams,john.williams3684@example.com,North,2022-10-26
C02581,Patricia Gonzalez,patricia.gonzalez9691@example.com,Central,2023-12-07
C02582,Karen Smith,karen.smith6018@example.com,South,2022-02-19
C02583,Elizabeth Moore,elizabeth.moore2308@example.com,Central,2023-04-10
C02584,Jennifer Gonzalez,jennifer.gonzalez9944@example.com,North,2023-06-07
C02585,Sarah Moore,sarah.moore8521@example.com,Central,2023-12-20
C02586,Jessica Martin,jessica.martin1191@example.com,East,2023-05-29
C02587,Jennifer Lopez,jennifer.lopez7431@example.com,Central,2023-02-12
C02588,James Martin,james.martin3879@example.com,North,2023-01-05
C02589,Joseph Taylor,joseph.taylor9459@example.com,South,2022-09-12
C02590,John Moore,john.moore96@example.com,Central,2021-10-13
C02591,John Anderson,john.anderson5919@example.com,East,2021-08-30
C02592,Joseph Thomas,joseph.thomas7487@example.com,North,2021-10-10
C02593,Jessica Martinez,jessica.martinez6310@example.com,North,2021-10-24
C02594,William Williams,william.williams9971@example.com,West,2023-06-12
C02595,William Garcia,william.garcia2666@example.com,West,2021-06-02
C02596,Joseph Johnson,joseph.johnson4331@example.com,East,2021-09-28
C02597,Patricia Moore,patricia.moore5679@example.com,East,2021-04-03
C02598,David Wilson,david.wilson8287@example.com,Central,2023-01-22
C02599,Jessica Smith,,North,2023-03-29
C02600,Linda Hernandez,linda.hernandez6718@example.com,North,2022-03-09
C02601,Robert Rodriguez,robert.rodriguez7701@example.com,Central,2022-11-03
C02602,William Smith,william.smith958@example.com,Central,2023-11-25
C02603,Jennifer Garcia,jennifer.garcia4290@example.com,South,2023-05-10
C02604,John Gonzalez,john.gonzalez8885@example.com,,2021-05-15
C02605,Mary Lopez,mary.lopez9216@example.com,North,2023-02-01
C02606,James Martin,james.martin2917@example.com,North,2021-06-26
C02607,David Garcia,david.garcia7003@example.com,North,2022-04-11
C02608,Joseph Johnson,joseph.johnson9331@example.com,North,2021-05-26
C02609,Susan Jackson,susan.jackson5144@example.com,North,2022-06-10
C02610,John Taylor,john.taylor9405@example.com,Central,2022-08-24
C02611,Linda Jones,linda.jones9298@example.com,West,2022-03-13
C02612,Susan Lopez,susan.lopez2155@example.com,East,2021-08-25
C02613,Susan Williams,susan.williams8433@example.com,West,2022-09-29
C02614,Sarah Williams,sarah.williams3494@example.com,North,2022-11-12
C02615,Mary Jones,mary.jones5764@example.com,Central,2022-01-11
C02616,John Anderson,john.anderson4863@example.com,East,2023-12-10
C02617,Linda Hernandez,linda.hernandez2481@example.com,North,2022-07-14
C02618,Sarah Wilson,sarah.wilson638@example.com,West,2022-03-25
C02619,William Martinez,william.martinez8880@example.com,Central,2021-12-29
C02620,David Davis,david.davis6269@example.com,East,2021-10-10
C02621,Sarah Johnson,sarah.johnson5421@example.com,West,2022-07-21
C02622,Mary Gonzalez,mary.gonzalez5900@example.com,East,2023-01-16
C02623,Richard Garcia,richard.garcia3375@example.com,North,2022-11-14
C02624,David Brown,david.brown697@example.com,East,2021-07-28
C02625,Linda Brown,linda.brown1366@example.com,West,2023-03-06
C02626,Patricia Martin,patricia.martin313@example.com,East,2023-07-01
C02627,Richard Johnson,richard.johnson2903@example.com,North,2023-01-30
C02628,Linda Hernandez,linda.hernandez4392@example.com,North,2021-01-02
C02629,John Jones,john.jones2986@example.com,East,2023-01-02
C02630,Mary Smith,mary.smith2588@example.com,North,2021-08-16
C02631,David Miller,david.miller3000@example.com,East,2022-06-16
C02632,Joseph Martin,,East,2023-10-06
C02633,Patricia Anderson,patricia.anderson3134@example.com,West,2021-04-12
C02634,Barbara Jackson,barbara.jackson6000@example.com,South,2021-05-15
C02635,Mary Smith,mary.smith6434@example.com,Central,2022-09-15
C02636,James Miller,james.miller9486@example.com,East,2021-03-06
C02637,Michael Wilson,michael.wilson748@example.com,East,2022-09-07
C02638,Karen Brown,karen.brown3628@example.com,East,2021-12-23
C02639,Sarah Lopez,sarah.lopez5671@example.com,South,2022-11-29
C02640,Robert Johnson,robert.johnson5921@example.com,North,2023-09-25
C02641,Charles Jackson,charles.jackson214@example.com,West,2021-05-01
C02642,John Moore,john.moore6339@example.com,West,2022-05-10
C02643,Jessica Taylor,jessica.taylor4376@example.com,South,2022-03-23
C02644,Michael Jackson,michael.jackson4735@example.com,East,2021-02-12
C02645,James Gonzalez,james.gonzalez8041@example.com,South,2021-01-17
C02646,Michael Garcia,michael.garcia5701@example.com,North,2023-02-17
C02647,David Rodriguez,david.rodriguez2131@example.com,South,2023-07-30
C02648,Sarah Rodriguez,sarah.rodriguez3011@example.com,South,2021-11-03
C02649,Linda Davis,linda.davis5042@example.com,North,2021-03-07
C02650,Charles Johnson,charles.johnson6911@example.com,North,2021-01-12
C02651,Sarah Moore,sarah.moore6784@example.com,,2021-08-27
C02652,John Gonzalez,john.gonzalez6433@example.com,South,2021-01-14
C02653,Elizabeth Hernandez,elizabeth.hernandez7480@example.com,Central,2023-07-13
C02654,David Jackson,david.jackson3049@example.com,Central,2023-05-18
C02655,Elizabeth Garcia,elizabeth.garcia6476@example.com,South,2022-01-02
C02656,James Jones,james.jones7497@example.com,Central,2022-06-08
C02657,Joseph Anderson,joseph.anderson405@example.com,,2023-07-01
C02658,Patricia Williams,patricia.williams5641@example.com,South,2021-01-13
C02659,Jennifer Miller,jennifer.miller7069@example.com,South,2021-12-17
C02660,John Lopez,john.lopez8593@example.com,Central,2023-09-29
C02661,James Lopez,james.lopez9266@example.com,North,2023-10-28
C02662,Susan Miller,susan.miller8775@example.com,Central,2022-10-03
C02663,Charles Anderson,charles.anderson7708@example.com,North,2023-11-25
C02664,Mary Johnson,mary.johnson5566@example.com,West,2022-03-19
C02665,John Moore,john.moore6152@example.com,South,2023-09-10
C02666,Jennifer Taylor,jennifer.taylor4524@example.com,East,2021-07-16
C02667,Thomas Jones,thomas.jones2755@example.com,West,2021-04-21
C02668,Jennifer Moore,jennifer.moore3503@example.com,Central,2022-04-14
C02669,Robert Jones,robert.jones970@example.com,East,2022-07-25
C02670,Michael Jones,michael.jones8600@example.com,North,2023-01-08
C02671,Charles Martin,charles.martin3216@example.com,South,2021-01-27
C02672,Robert Johnson,robert.johnson3406@example.com,East,2021-11-02
C02673,Linda Jones,linda.jones2140@example.com,West,2021-09-18
C02674,Patricia Davis,patricia.davis6111@example.com,North,2021-09-25
C02675,Thomas Williams,thomas.williams6848@example.com,North,2023-03-22
C02676,Michael Smith,michael.smith942@example.com,Central,2023-06-21
C02677,Joseph Anderson,joseph.anderson5831@example.com,Central,2022-04-05
C02678,Robert Williams,robert.williams376@example.com,Central,2021-06-01
C02679,Jessica Martinez,jessica.martinez6196@example.com,North,2021-11-22
C02680,Charles Taylor,charles.taylor3575@example.com,North,2022-07-20
C02681,John Martin,john.martin6343@example.com,South,2022-02-20
C02682,Patricia Wilson,,North,2023-01-25
C02683,Susan Gonzalez,susan.gonzalez7545@example.com,North,2023-03-18
C02684,Robert Williams,robert.williams9345@example.com,West,2021-05-04
C02685,Elizabeth Jackson,elizabeth.jackson4702@example.com,East,2021-03-16
C02686,Joseph Wilson,joseph.wilson6415@example.com,East,2022-01-22
C02687,Linda Jackson,linda.jackson6830@example.com,East,2023-02-11
C02688,Jennifer Anderson,jennifer.anderson3110@example.com,South,2023-06-08
C02689,Patricia Williams,patricia.williams4842@example.com,East,2023-04-22
C02690,Robert Hernandez,robert.hernandez9090@example.com,East,2021-07-27
C02691,Thomas Taylor,thomas.taylor644@example.com,West,2021-07-20
C02692,Karen Wilson,karen.wilson2417@example.com,East,2021-06-23
C02693,Karen Jackson,karen.jackson6231@example.com,South,2022-05-06
C02694,Robert Martinez,robert.martinez7552@example.com,South,2021-04-28
C02695,Barbara Moore,barbara.moore3865@example.com,East,2021-03-13
C02696,Linda Williams,linda.williams1290@example.com,East,2023-12-20
C02697,Jessica Gonzalez,jessica.gonzalez459@example.com,East,2023-08-15
C02698,Richard Jackson,richard.jackson4401@example.com,West,2022-07-04
C02699,David Miller,david.miller5907@example.com,West,2023-08-26
C02700,William Gonzalez,william.gonzalez6336@example.com,Central,2023-02-22
C02701,John Wilson,john.wilson3419@example.com,South,2022-12-04
C02702,Elizabeth Lopez,elizabeth.lopez363@example.com,North,2022-09-20
C02703,Thomas Williams,thomas.williams5599@example.com,West,2022-10-24
C02704,Barbara Jackson,barbara.jackson6248@example.com,West,2022-05-06
C02705,James Anderson,james.anderson4525@example.com,East,2021-09-01
C02706,William Garcia,william.garcia6305@example.com,East,2022-06-27
C02707,Sarah Jackson,sarah.jackson3202@example.com,South,2021-08-27
C02708,Elizabeth Hernandez,elizabeth.hernandez5062@example.com,North,2023-04-26
C02709,Linda Anderson,linda.anderson3703@example.com,North,2021-09-07
C02710,Jessica Taylor,jessica.taylor5838@example.com,South,2021-06-12
C02711,Barbara Moore,barbara.moore7318@example.com,Central,2021-11-17
C02712,Michael Lopez,michael.lopez4578@example.com,South,2023-11-02
C02713,Joseph Rodriguez,joseph.rodriguez4376@example.com,West,2023-10-16
C02714,Michael Garcia,michael.garcia415@example.com,West,2021-10-30
C02715,Linda Anderson,linda.anderson7583@example.com,Central,2022-10-26
C02716,Susan Miller,susan.miller3195@example.com,North,2021-05-07
C02717,Mary Lopez,mary.lopez2499@example.com,Central,2023-01-23
C02718,David Taylor,,South,2021-12-31
C02719,Robert Williams,robert.williams5066@example.com,West,2022-02-04
C02720,Patricia Wilson,patricia.wilson434@example.com,South,2021-09-10
C02721,Michael Gonzalez,michael.gonzalez8669@example.com,North,2021-12-03
C02722,Mary Miller,mary.miller1993@example.com,Central,2021-11-12
C02723,Thomas Gonzalez,thomas.gonzalez2884@example.com,North,2022-01-17
C02724,Charles Thomas,charles.thomas4033@example.com,East,2022-12-23
C02725,Michael Davis,michael.davis2431@example.com,West,2022-01-25
C02726,Thomas Martin,thomas.martin9961@example.com,East,2023-08-29
C02727,Linda Lopez,linda.lopez3695@example.com,West,2023-11-05
C02728,Barbara Johnson,barbara.johnson7693@example.com,North,2023-07-30
C02729,Mary Taylor,mary.taylor3071@example.com,West,2021-09-05
C02730,Thomas Garcia,thomas.garcia3276@example.com,,2021-09-13
C02731,Robert Gonzalez,robert.gonzalez1635@example.com,Central,2022-01-10
C02732,John Thomas,john.thomas7123@example.com,East,2022-06-13
C02733,Richard Thomas,richard.thomas3282@example.com,East,2022-03-06
C02734,Michael Jones,michael.jones2321@example.com,,2021-08-06
C02735,Karen Martinez,karen.martinez4158@example.com,East,2021-11-12
C02736,Jennifer Garcia,jennifer.garcia5796@example.com,West,2022-11-23
C02737,Michael Lopez,michael.lopez808@example.com,South,2023-09-08
C02738,Linda Williams,linda.williams1880@example.com,East,2023-10-05
C02739,William Brown,,East,2022-09-17
C02740,Patricia Moore,patricia.moore5308@example.com,North,2023-03-01
C02741,Jennifer Gonzalez,jennifer.gonzalez940@example.com,East,2022-04-15
C02742,Charles Thomas,charles.thomas5987@example.com,East,2023-09-03
C02743,Mary Lopez,mary.lopez5218@example.com,North,2021-05-18
C02744,Barbara Williams,barbara.williams7015@example.com,East,2022-12-02
C02745,David Wilson,,North,2023-02-09
C02746,Charles Miller,charles.miller9682@example.com,Central,2022-01-14
C02747,Mary Thomas,mary.thomas9@example.com,North,2023-06-10
C02748,Jennifer Smith,jennifer.smith1166@example.com,West,2021-07-03
C02749,Robert Martinez,robert.martinez1201@example.com,Central,2023-05-31
C02750,Karen Gonzalez,karen.gonzalez7582@example.com,West,2023-12-08
C02751,Jessica Miller,jessica.miller1216@example.com,West,2022-04-19
C02752,John Martin,john.martin3038@example.com,West,2021-02-27
C02753,Joseph Hernandez,joseph.hernandez9450@example.com,Central,2023-05-11
C02754,Barbara Davis,barbara.davis3408@example.com,Central,2022-09-25
C02755,Michael Brown,michael.brown9874@example.com,West,2022-01-21
C02756,James Taylor,james.taylor9474@example.com,South,2021-10-24
C02757,Mary Garcia,mary.garcia1984@example.com,East,2022-12-16
C02758,Jessica Gonzalez,jessica.gonzalez4462@example.com,Central,2022-08-05
C02759,Jessica Smith,,West,2023-08-09
C02760,Richard Martinez,richard.martinez5066@example.com,West,2022-09-02
C02761,Charles Anderson,charles.anderson9718@example.com,East,2021-07-02
C02762,Susan Miller,susan.miller6319@example.com,West,2021-03-11
C02763,William Hernandez,,South,2022-03-28
C02764,Jessica Miller,jessica.miller617@example.com,West,2023-05-24
C02765,Karen Garcia,karen.garcia7609@example.com,North,2023-01-04
C02766,Robert Jackson,robert.jackson6229@example.com,South,2023-01-30
C02767,Charles Anderson,charles.anderson131@example.com,East,2023-12-20
C02768,Jennifer Anderson,jennifer.anderson6776@example.com,West,2021-06-10
C02769,David Martin,david.martin4752@example.com,Central,2022-11-18
C02770,Karen Gonzalez,karen.gonzalez5713@example.com,West,2022-05-23
C02771,Elizabeth Hernandez,elizabeth.hernandez4289@example.com,East,2022-09-22
C02772,William Williams,william.williams5003@example.com,West,2022-05-16
C02773,Karen Davis,karen.davis4235@example.com,West,2022-07-07
C02774,Susan Rodriguez,susan.rodriguez282@example.com,Central,2022-04-05
C02775,Mary Jackson,mary.jackson5378@example.com,South,2023-09-04
C02776,Michael Jackson,michael.jackson8736@example.com,Central,2022-07-07
C02777,Patricia Davis,patricia.davis2584@example.com,North,2023-07-02
C02778,Robert Johnson,robert.johnson2840@example.com,West,2023-09-08
C02779,David Martinez,david.martinez8497@example.com,East,2023-04-26
C02780,Barbara Hernandez,barbara.hernandez7744@example.com,South,2021-09-15
C02781,Mary Davis,mary.davis167@example.com,East,2022-09-16
C02782,Richard Williams,richard.williams2432@example.com,South,2021-02-26
C02783,Robert Lopez,robert.lopez1748@example.com,North,2023-08-04
C02784,David Gonzalez,david.gonzalez5837@example.com,Central,2022-11-09
C02785,Charles Hernandez,charles.hernandez7723@example.com,Central,2021-06-11
C02786,Charles Martin,charles.martin3579@example.com,East,2022-09-04
C02787,Michael Rodriguez,michael.rodriguez5362@example.com,South,2022-04-02
C02788,Sarah Moore,sarah.moore6079@example.com,South,2022-01-11
C02789,Michael Wilson,michael.wilson2582@example.com,South,2022-05-25
C02790,Michael Martinez,michael.martinez7496@example.com,East,2021-08-09
C02791,James Martinez,james.martinez3801@example.com,Central,2023-03-23
C02792,Sarah Smith,sarah.smith536@example.com,East,2021-10-16
C02793,Charles Rodriguez,charles.rodriguez6250@example.com,North,2021-07-03
C02794,Jessica Anderson,jessica.anderson4687@example.com,East,2021-03-18
C02795,Elizabeth Miller,elizabeth.miller5219@example.com,South,2023-01-21
C02796,Mary Garcia,mary.garcia2654@example.com,Central,2023-05-15
C02797,Richard Hernandez,richard.hernandez2969@example.com,East,2021-11-23
C02798,Michael Miller,michael.miller2187@example.com,South,2022-04-24
C02799,James Jones,james.jones267@example.com,West,2021-08-09
C02800,Michael Miller,michael.miller164@example.com,South,2023-04-17
C02801,Joseph Anderson,joseph.anderson1110@example.com,North,2023-05-27
C02802,Joseph Lopez,joseph.lopez176@example.com,West,2023-09-07
C02803,Karen Martin,karen.martin5692@example.com,East,2021-04-27
C02804,Jennifer Rodriguez,jennifer.rodriguez6066@example.com,North,2021-12-21
C02805,Linda Jackson,linda.jackson9112@example.com,West,2021-03-01
C02806,Michael Rodriguez,michael.rodriguez2160@example.com,Central,2021-05-20
C02807,Charles Smith,charles.smith1489@example.com,South,2021-09-29
C02808,Elizabeth Johnson,elizabeth.johnson6117@example.com,West,2022-06-15
C02809,Sarah Anderson,sarah.anderson1665@example.com,West,2023-10-12
C02810,David Rodriguez,david.rodriguez6782@example.com,Central,2022-01-10
C02811,William Johnson,william.johnson6330@example.com,Central,2023-06-22
C02812,Robert Thomas,robert.thomas2431@example.com,North,2022-10-11
C02813,Karen Johnson,karen.johnson9584@example.com,East,2023-12-30
C02814,Elizabeth Rodriguez,elizabeth.rodriguez8309@example.com,South,2023-09-22
C02815,Linda Miller,linda.miller7396@example.com,North,2021-07-24
C02816,Robert Williams,robert.williams1409@example.com,North,2023-11-18
C02817,Mary Davis,mary.davis5680@example.com,Central,2021-04-13
C02818,John Anderson,john.anderson811@example.com,West,2021-03-15
C02819,Linda Martin,linda.martin2475@example.com,Central,2022-05-31
C02820,Barbara Garcia,barbara.garcia9801@example.com,North,2021-12-20
C02821,Jennifer Jones,jennifer.jones8065@example.com,East,2023-07-20
C02822,Jennifer Garcia,jennifer.garcia352@example.com,East,2021-08-20
C02823,Richard Garcia,richard.garcia6175@example.com,East,2023-02-23
C02824,Michael Miller,michael.miller25@example.com,South,2022-08-17
C02825,Elizabeth Martinez,elizabeth.martinez7256@example.com,North,2023-11-29
C02826,Jessica Taylor,jessica.taylor9818@example.com,,2023-08-10
C02827,James Garcia,james.garcia170@example.com,Central,2023-11-06
C02828,Barbara Williams,barbara.williams5132@example.com,West,2022-01-08
C02829,Richard Wilson,richard.wilson3428@example.com,Central,2023-04-29
C02830,Linda Rodriguez,linda.rodriguez3031@example.com,West,2021-12-16
C02831,Jennifer Lopez,jennifer.lopez9294@example.com,West,2023-03-29
C02832,Barbara Moore,barbara.moore1372@example.com,Central,2023-01-26
C02833,Charles Garcia,charles.garcia2473@example.com,North,2023-04-21
C02834,Michael Johnson,michael.johnson2485@example.com,East,2023-04-04
C02835,Linda Wilson,linda.wilson4004@example.com,South,2021-12-19
C02836,Karen Martinez,karen.martinez2948@example.com,West,2022-06-15
C02837,Karen Taylor,karen.taylor444@example.com,Central,2022-02-03
C02838,Michael Brown,michael.brown3655@example.com,North,2022-04-05
C02839,Jennifer Williams,jennifer.williams1372@example.com,South,2021-12-21
C02840,John Lopez,john.lopez4851@example.com,North,2021-11-11
C02841,Susan Moore,susan.moore6835@example.com,West,2021-01-18
C02842,Patricia Jackson,patricia.jackson1798@example.com,East,2021-04-30
C02843,Richard Martinez,richard.martinez5007@example.com,North,2023-03-07
C02844,Jennifer Jackson,jennifer.jackson8233@example.com,West,2023-12-11
C02845,Jessica Davis,jessica.davis5140@example.com,West,2022-08-01
C02846,Richard Martinez,richard.martinez1946@example.com,South,2022-01-05
C02847,Patricia Martin,patricia.martin2309@example.com,West,2022-01-02
C02848,John Miller,,North,2021-12-01
C02849,Karen Rodriguez,karen.rodriguez8715@example.com,North,2023-09-22
C02850,Thomas Jackson,thomas.jackson1834@example.com,Central,2023-04-13
C02851,Charles Martin,charles.martin9734@example.com,East,2023-12-15
C02852,Patricia Garcia,patricia.garcia8417@example.com,North,2021-02-10
C02853,Mary Davis,mary.davis7078@example.com,North,2021-12-11
C02854,James Johnson,james.johnson89@example.com,South,2022-11-21
C02855,Michael Moore,michael.moore6489@example.com,,2021-04-06
C02856,David Garcia,david.garcia4427@example.com,Central,2021-01-04
C02857,Barbara Moore,barbara.moore2652@example.com,Central,2021-05-08
C02858,Mary Anderson,mary.anderson6523@example.com,West,2023-07-26
C02859,Susan Davis,susan.davis3722@example.com,Central,2022-02-28
C02860,Thomas Martin,thomas.martin6314@example.com,South,2023-09-18
C02861,Susan Williams,susan.williams8285@example.com,North,2023-04-05
C02862,Jennifer Gonzalez,jennifer.gonzalez7453@example.com,West,2021-08-11
C02863,James Williams,james.williams3111@example.com,Central,2022-02-16
C02864,Linda Martin,linda.martin2497@example.com,Central,2022-04-04
C02865,Barbara Garcia,barbara.garcia7555@example.com,North,2022-10-29
C02866,James Gonzalez,james.gonzalez7902@example.com,North,2023-05-16
C02867,Barbara Jackson,,Central,2022-06-30
C02868,Linda Williams,linda.williams2088@example.com,West,2021-08-28
C02869,Joseph Taylor,joseph.taylor1814@example.com,Central,2023-12-29
C02870,Linda Moore,linda.moore4898@example.com,West,2021-02-04
C02871,Robert Gonzalez,robert.gonzalez6175@example.com,West,2021-12-16
C02872,Karen Lopez,karen.lopez9417@example.com,South,2022-02-23
C02873,Elizabeth Martin,elizabeth.martin8311@example.com,South,2022-04-03
C02874,Karen Rodriguez,karen.rodriguez7130@example.com,North,2022-09-03
C02875,Robert Jackson,,East,2021-10-20
C02876,Karen Wilson,karen.wilson6932@example.com,East,2023-06-16
C02877,Charles Martin,charles.martin6494@example.com,,2023-07-26
C02878,Elizabeth Thomas,elizabeth.thomas4177@example.com,Central,2022-08-06
C02879,Richard Rodriguez,richard.rodriguez1234@example.com,South,2023-10-30
C02880,Elizabeth Brown,elizabeth.brown6734@example.com,East,2023-11-29
C02881,David Miller,david.miller6532@example.com,Central,2021-08-07
C02882,Richard Martinez,richard.martinez9573@example.com,East,2021-01-21
C02883,Karen Garcia,karen.garcia8434@example.com,North,2021-12-17
C02884,Patricia Johnson,patricia.johnson2688@example.com,West,2023-03-31
C02885,Elizabeth Moore,elizabeth.moore9861@example.com,North,2022-01-02
C02886,William Moore,william.moore4140@example.com,North,2021-01-02
C02887,Sarah Moore,sarah.moore9391@example.com,North,2022-09-17
C02888,Sarah Moore,sarah.moore3883@example.com,West,2021-08-06
C02889,Sarah Lopez,sarah.lopez6816@example.com,,2023-07-05
C02890,Barbara Smith,,North,2023-03-11
C02891,Richard Brown,richard.brown9703@example.com,Central,2022-02-21
C02892,James Lopez,james.lopez6348@example.com,Central,2022-01-28
C02893,Joseph Moore,joseph.moore4821@example.com,Central,2023-09-10
C02894,James Brown,james.brown8697@example.com,West,2021-03-13
C02895,James Brown,james.brown3344@example.com,North,2022-07-10
C02896,Elizabeth Martinez,elizabeth.martinez4130@example.com,Central,2023-03-17
C02897,Jessica Rodriguez,jessica.rodriguez5619@example.com,Central,2023-04-01
C02898,Barbara Garcia,barbara.garcia4930@example.com,West,2021-09-16
C02899,Patricia Hernandez,patricia.hernandez5640@example.com,West,2021-10-08
C02900,David Wilson,david.wilson2921@example.com,South,2021-01-17
C02901,David Davis,david.davis3531@example.com,East,2021-03-02
C02902,William Thomas,william.thomas5035@example.com,West,2022-08-14
C02903,David Lopez,david.lopez9786@example.com,West,2021-07-17
C02904,Linda Moore,linda.moore3691@example.com,West,2021-10-08
C02905,Elizabeth Hernandez,elizabeth.hernandez5697@example.com,South,2021-04-26
C02906,James Davis,james.davis6462@example.com,South,2021-05-20
C02907,Jessica Davis,jessica.davis2346@example.com,West,2023-05-22
C02908,William Moore,william.moore8939@example.com,Central,2022-10-20
C02909,David Moore,david.moore5321@example.com,Central,2021-12-15
C02910,Barbara Jones,barbara.jones5123@example.com,North,2022-11-03
C02911,Jessica Lopez,jessica.lopez1377@example.com,North,2021-04-17
C02912,Thomas Johnson,thomas.johnson5952@example.com,North,2023-07-20
C02913,Elizabeth Rodriguez,elizabeth.rodriguez7727@example.com,East,2023-01-01
C02914,Robert Martinez,robert.martinez7183@example.com,East,2023-08-03
C02915,Patricia Lopez,patricia.lopez9513@example.com,Central,2022-06-17
C02916,Elizabeth Martin,,South,2021-03-04
C02917,Linda Miller,linda.miller2045@example.com,West,2021-05-21
C02918,Michael Davis,michael.davis8539@example.com,South,2021-03-18
C02919,Thomas Thomas,thomas.thomas8291@example.com,South,2021-05-20
C02920,Barbara Garcia,barbara.garcia7863@example.com,,2023-06-10
C02921,Jennifer Hernandez,jennifer.hernandez1026@example.com,North,2022-09-19
C02922,Susan Hernandez,susan.hernandez3485@example.com,South,2023-11-15
C02923,Mary Brown,mary.brown8387@example.com,North,2023-09-07
C02924,Michael Martinez,michael.martinez4575@example.com,West,2023-09-09
C02925,Joseph Gonzalez,joseph.gonzalez2664@example.com,West,2021-05-14
C02926,Elizabeth Davis,elizabeth.davis3440@example.com,South,2022-06-11
C02927,Richard Wilson,richard.wilson4293@example.com,East,2021-03-01
C02928,Mary Brown,mary.brown791@example.com,Central,2022-04-12
C02929,Charles Smith,charles.smith8705@example.com,East,2021-06-24
C02930,Sarah Martin,sarah.martin6711@example.com,East,2021-12-15
C02931,Elizabeth Gonzalez,elizabeth.gonzalez4538@example.com,Central,2022-09-02
C02932,Karen Martin,karen.martin7501@example.com,West,2023-01-30
C02933,Jessica Hernandez,jessica.hernandez9356@example.com,Central,2023-11-28
C02934,Patricia Jackson,patricia.jackson842@example.com,North,2023-08-06
C02935,Sarah Martin,sarah.martin1213@example.com,East,2022-01-20
C02936,Karen Anderson,karen.anderson1343@example.com,East,2023-12-20
C02937,Elizabeth Rodriguez,elizabeth.rodriguez5386@example.com,East,2022-02-27
C02938,Susan Thomas,susan.thomas2620@example.com,West,2021-08-03
C02939,John Garcia,john.garcia3566@example.com,South,2022-12-01
C02940,Susan Moore,susan.moore1870@example.com,Central,2023-10-04
C02941,Sarah Williams,sarah.williams4508@example.com,East,2021-02-16
C02942,Karen Jackson,karen.jackson2735@example.com,West,2021-04-07
C02943,Barbara Hernandez,barbara.hernandez2422@example.com,West,2022-03-02
C02944,Linda Lopez,linda.lopez1466@example.com,East,2021-02-12
C02945,Joseph Smith,joseph.smith5217@example.com,,2021-09-06
C02946,Patricia Jackson,patricia.jackson3951@example.com,,2023-12-27
C02947,Robert Jackson,robert.jackson7772@example.com,East,2022-05-14
C02948,Susan Johnson,susan.johnson9404@example.com,Central,2021-07-26
C02949,Thomas Brown,thomas.brown700@example.com,North,2022-09-06
C02950,Michael Anderson,michael.anderson3385@example.com,East,2023-12-24
C02951,Jessica Miller,jessica.miller6212@example.com,South,2021-06-11
C02952,Michael Lopez,michael.lopez8351@example.com,West,2022-03-05
C02953,Barbara Davis,barbara.davis989@example.com,East,2023-06-01
C02954,John Lopez,john.lopez4783@example.com,South,2022-11-16
C02955,Richard Gonzalez,richard.gonzalez3923@example.com,Central,2022-12-12
C02956,Patricia Brown,patricia.brown6224@example.com,West,2021-03-29
C02957,Robert Taylor,robert.taylor3932@example.com,South,2021-11-21
C02958,Sarah Martin,sarah.martin6912@example.com,West,2022-12-04
C02959,Linda Martinez,linda.martinez2902@example.com,West,2022-06-10
C02960,John Wilson,,North,2023-08-04
C02961,David Miller,david.miller5485@example.com,East,2022-06-28
C02962,Mary Lopez,,Central,2021-10-05
C02963,Jessica Miller,jessica.miller136@example.com,West,2023-05-15
C02964,Robert Taylor,robert.taylor1679@example.com,East,2023-07-18
C02965,Patricia Taylor,patricia.taylor9487@example.com,East,2021-02-14
C02966,Charles Wilson,charles.wilson9423@example.com,West,2022-06-17
C02967,Karen Smith,karen.smith9334@example.com,Central,2022-07-24
C02968,Karen Taylor,karen.taylor7444@example.com,East,2022-12-20
C02969,Patricia Davis,patricia.davis5385@example.com,West,2023-10-03
C02970,Patricia Anderson,patricia.anderson4357@example.com,North,2023-05-21
C02971,Sarah Moore,sarah.moore1964@example.com,West,2022-07-09
C02972,Mary Miller,mary.miller4999@example.com,Central,2023-12-07
C02973,John Taylor,john.taylor8085@example.com,West,2023-01-06
C02974,Thomas Davis,thomas.davis3835@example.com,East,2023-07-10
C02975,James Rodriguez,james.rodriguez1545@example.com,North,2021-08-19
C02976,Barbara Miller,barbara.miller8400@example.com,West,2022-01-17
C02977,Sarah Jones,sarah.jones6487@example.com,East,2021-03-22
C02978,William Williams,william.williams2792@example.com,South,2021-03-13
C02979,Barbara Anderson,barbara.anderson7567@example.com,East,2021-05-16
C02980,James Johnson,james.johnson8106@example.com,East,2022-03-17
C02981,Jennifer Rodriguez,jennifer.rodriguez6083@example.com,South,2021-06-04
C02982,Mary Martin,mary.martin7909@example.com,East,2021-10-23
C02983,Robert Rodriguez,robert.rodriguez8913@example.com,North,2023-08-31
C02984,Robert Gonzalez,robert.gonzalez4191@example.com,Central,2022-01-11
C02985,Jennifer Lopez,jennifer.lopez1281@example.com,East,2022-01-15
C02986,Elizabeth Smith,elizabeth.smith4343@example.com,South,2021-07-24
C02987,Patricia Moore,,East,2023-06-03
C02988,Patricia Gonzalez,patricia.gonzalez3525@example.com,North,2023-03-29
C02989,Joseph Garcia,joseph.garcia919@example.com,South,2021-03-07
C02990,Karen Hernandez,karen.hernandez3874@example.com,West,2021-05-24
C02991,Charles Lopez,charles.lopez3221@example.com,Central,2021-01-21
C02992,David Anderson,david.anderson7796@example.com,North,2023-10-11
C02993,Linda Jones,linda.jones5465@example.com,Central,2021-02-23
C02994,Joseph Miller,joseph.miller7561@example.com,North,2021-12-18
C02995,Jennifer Williams,jennifer.williams1789@example.com,West,2023-11-10
C02996,Jessica Williams,jessica.williams6388@example.com,South,2022-06-04
C02997,David Rodriguez,david.rodriguez6677@example.com,West,2021-12-09
C02998,Sarah Williams,sarah.williams7766@example.com,West,2022-05-17
C02999,Susan Johnson,susan.johnson2371@example.com,East,2021-09-27
C03000,Jennifer Lopez,jennifer.lopez2363@example.com,,2022-12-03
C03001,Jennifer Miller,jennifer.miller9630@example.com,North,2021-02-04
C03002,Charles Rodriguez,charles.rodriguez4999@example.com,West,2023-08-30
C03003,Jennifer Gonzalez,jennifer.gonzalez371@example.com,South,2022-12-25
C03004,David Brown,david.brown3681@example.com,West,2023-08-12
C03005,Karen Martinez,,South,2022-12-08
C03006,Barbara Jackson,barbara.jackson8849@example.com,West,2021-08-05
C03007,Patricia Jackson,patricia.jackson1810@example.com,Central,2021-07-06
C03008,Jennifer Wilson,jennifer.wilson8856@example.com,East,2023-04-28
C03009,William Thomas,william.thomas9110@example.com,Central,2021-09-17
C03010,Michael Anderson,michael.anderson6216@example.com,North,2022-07-06
C03011,Elizabeth Anderson,,South,2021-07-01
C03012,Charles Brown,,East,2021-09-25
C03013,John Wilson,john.wilson4928@example.com,West,2023-12-20
C03014,Michael Gonzalez,michael.gonzalez9961@example.com,South,2022-10-30
C03015,Linda Rodriguez,linda.rodriguez8853@example.com,West,2021-03-22
C03016,Thomas Garcia,thomas.garcia1922@example.com,Central,2022-07-16
C03017,Susan Garcia,susan.garcia2426@example.com,North,2021-12-07
C03018,Michael Thomas,michael.thomas2432@example.com,East,2021-01-04
C03019,Michael Miller,michael.miller33@example.com,North,2023-02-11
C03020,Linda Martinez,linda.martinez6608@example.com,Central,2021-01-10
C03021,James Taylor,james.taylor8538@example.com,Central,2021-09-06
C03022,William Brown,william.brown6656@example.com,North,2021-07-09
C03023,Richard Jackson,richard.jackson2495@example.com,South,2022-02-17
C03024,Joseph Jackson,joseph.jackson8716@example.com,Central,2021-04-02
C03025,Richard Smith,richard.smith8877@example.com,East,2021-06-18
C03026,Sarah Wilson,sarah.wilson7865@example.com,West,2021-04-14
C03027,James Martin,james.martin9659@example.com,South,2021-09-01
C03028,Patricia Davis,patricia.davis7302@example.com,North,2021-06-24
C03029,David Williams,david.williams9899@example.com,East,2022-11-07
C03030,Thomas Jones,thomas.jones9394@example.com,East,2021-02-07
C03031,Michael Rodriguez,michael.rodriguez198@example.com,South,2022-05-05
C03032,William Wilson,,East,2022-05-28
C03033,Elizabeth Jackson,elizabeth.jackson4479@example.com,West,2021-04-20
C03034,Patricia Johnson,patricia.johnson9020@example.com,North,2021-07-07
C03035,Thomas Jones,thomas.jones2258@example.com,Central,2022-08-15
C03036,James Jones,james.jones6408@example.com,Central,2021-05-24
C03037,Jessica Rodriguez,jessica.rodriguez5321@example.com,West,2023-01-05
C03038,Michael Wilson,michael.wilson5105@example.com,South,2023-07-20
C03039,James Smith,james.smith4828@example.com,Central,2021-10-13
C03040,Sarah Hernandez,sarah.hernandez1757@example.com,West,2021-12-28
C03041,David Lopez,,West,2021-03-06
C03042,Mary Anderson,mary.anderson9857@example.com,North,2023-04-17
C03043,James Johnson,james.johnson1397@example.com,South,2023-07-28
C03044,John Smith,john.smith1471@example.com,South,2021-09-18
C03045,Charles Wilson,charles.wilson1125@example.com,South,2022-06-26
C03046,Sarah Lopez,sarah.lopez189@example.com,West,2022-10-28
C03047,Linda Rodriguez,linda.rodriguez5113@example.com,North,2022-09-18
C03048,Jennifer Jones,jennifer.jones7206@example.com,South,2022-09-07
C03049,Richard Smith,richard.smith1755@example.com,East,2023-01-20
C03050,Jessica Miller,jessica.miller5065@example.com,South,2022-12-18
C03051,Sarah Wilson,sarah.wilson1362@example.com,West,2021-12-01
C03052,David Brown,david.brown2068@example.com,South,2021-01-08
C03053,Thomas Gonzalez,thomas.gonzalez6854@example.com,West,2023-03-31
C03054,Robert Jones,robert.jones4523@example.com,Central,2023-04-18
C03055,Sarah Anderson,sarah.anderson8367@example.com,East,2022-08-24
C03056,Jessica Anderson,jessica.anderson1320@example.com,Central,2022-03-02
C03057,Barbara Smith,barbara.smith599@example.com,North,2022-09-14
C03058,Thomas Jackson,thomas.jackson7920@example.com,South,2022-10-04
C03059,William Miller,william.miller5040@example.com,West,2023-02-14
C03060,Sarah Jones,sarah.jones1810@example.com,East,2023-06-06
C03061,William Martin,william.martin5838@example.com,East,2021-12-19
C03062,James Gonzalez,james.gonzalez4529@example.com,North,2021-07-27
C03063,Karen Thomas,karen.thomas3205@example.com,North,2023-08-08
C03064,Linda Smith,linda.smith7030@example.com,South,2022-08-12
C03065,Thomas Taylor,thomas.taylor2929@example.com,Central,2023-05-10
C03066,Sarah Smith,sarah.smith6639@example.com,North,2021-07-21
C03067,Patricia Johnson,patricia.johnson2978@example.com,East,2022-07-26
C03068,John Garcia,john.garcia4050@example.com,North,2021-04-15
C03069,Elizabeth Martin,elizabeth.martin8649@example.com,South,2021-07-25
C03070,Thomas Gonzalez,thomas.gonzalez867@example.com,South,2022-02-17
C03071,Patricia Martin,patricia.martin7320@example.com,Central,2021-04-12
C03072,John Williams,,North,2023-08-31
C03073,Patricia Davis,patricia.davis1753@example.com,West,2023-08-14
C03074,Sarah Wilson,sarah.wilson747@example.com,North,2023-03-06
C03075,Robert Lopez,robert.lopez835@example.com,East,2022-08-07
C03076,Joseph Taylor,joseph.taylor5385@example.com,North,2021-06-07
C03077,Michael Anderson,michael.anderson5583@example.com,Central,2021-09-02
C03078,James Thomas,james.thomas2728@example.com,West,2021-01-08
C03079,Jessica Jones,jessica.jones7668@example.com,North,2023-08-17
C03080,Patricia Wilson,patricia.wilson1734@example.com,Central,2021-08-16
C03081,Karen Thomas,karen.thomas2534@example.com,South,2023-02-26
C03082,William Thomas,william.thomas8035@example.com,Central,2022-11-25
C03083,Linda Johnson,linda.johnson7331@example.com,Central,2021-01-15
C03084,Jennifer Martinez,,Central,2022-12-22
C03085,Joseph Taylor,,East,2022-08-24
C03086,Michael Jones,michael.jones3495@example.com,South,2021-09-06
C03087,Richard Jackson,richard.jackson624@example.com,West,2023-02-23
C03088,Sarah Lopez,sarah.lopez7470@example.com,,2023-06-26
C03089,Barbara Williams,barbara.williams7159@example.com,North,2023-01-17
C03090,Robert Williams,robert.williams5274@example.com,North,2022-09-03
C03091,Robert Gonzalez,,North,2023-01-16
C03092,Mary Taylor,mary.taylor4228@example.com,South,2022-03-10
C03093,Patricia Martin,patricia.martin8818@example.com,Central,2022-08-23
C03094,Thomas Williams,,East,2023-05-21
C03095,Karen Williams,karen.williams254@example.com,South,2021-07-26
C03096,Barbara Williams,barbara.williams6178@example.com,East,2023-03-06
C03097,Elizabeth Gonzalez,elizabeth.gonzalez4016@example.com,Central,2022-04-22
C03098,Elizabeth Moore,elizabeth.moore1487@example.com,,2021-08-31
C03099,William Thomas,william.thomas6892@example.com,South,2023-05-20
C03100,Patricia Hernandez,patricia.hernandez7741@example.com,East,2021-08-16
C03101,Robert Moore,robert.moore1252@example.com,West,2021-07-21
C03102,Robert Davis,robert.davis9704@example.com,Central,2021-07-21
C03103,David Lopez,david.lopez4254@example.com,North,2023-08-04
C03104,Jennifer Davis,,East,2023-06-11
C03105,Barbara Rodriguez,barbara.rodriguez6928@example.com,West,2023-01-04
C03106,John Anderson,,South,2023-10-22
C03107,Joseph Brown,joseph.brown5926@example.com,East,2023-09-12
C03108,Sarah Davis,sarah.davis7884@example.com,North,2023-09-24
C03109,David Martinez,david.martinez3740@example.com,South,2022-08-31
C03110,John Martinez,john.martinez8246@example.com,West,2023-02-25
C03111,Mary Garcia,mary.garcia9219@example.com,East,2023-03-19
C03112,Thomas Gonzalez,thomas.gonzalez2417@example.com,South,2022-09-07
C03113,Mary Anderson,mary.anderson6826@example.com,,2023-02-12
C03114,Michael Jones,michael.jones7836@example.com,South,2022-03-03
C03115,Sarah Gonzalez,sarah.gonzalez7797@example.com,South,2021-09-14
C03116,Michael Taylor,michael.taylor7066@example.com,West,2023-04-13
C03117,James Rodriguez,james.rodriguez8471@example.com,Central,2022-04-24
C03118,Jennifer Johnson,jennifer.johnson5483@example.com,South,2022-12-12
C03119,James Taylor,james.taylor9896@example.com,West,2023-05-07
C03120,John Hernandez,john.hernandez9768@example.com,West,2021-01-19
C03121,David Miller,david.miller5271@example.com,North,2023-10-22
C03122,Karen Anderson,karen.anderson8189@example.com,East,2023-06-13
C03123,John Jackson,john.jackson453@example.com,Central,2022-01-06
C03124,Jessica Miller,jessica.miller6594@example.com,South,2022-02-27
C03125,Jennifer Johnson,jennifer.johnson2885@example.com,South,2021-08-06
C03126,John Anderson,john.anderson6079@example.com,West,2021-09-05
C03127,Jessica Brown,jessica.brown6930@example.com,East,2023-02-01
C03128,Patricia Martinez,patricia.martinez4395@example.com,West,2022-04-22
C03129,Mary Lopez,mary.lopez2880@example.com,West,2021-01-17
C03130,Michael Jackson,michael.jackson2936@example.com,South,2021-01-29
C03131,Patricia Rodriguez,patricia.rodriguez3021@example.com,East,2021-06-08
C03132,Mary Wilson,,North,2021-02-09
C03133,Michael Williams,michael.williams6555@example.com,West,2021-03-22
C03134,David Smith,david.smith540@example.com,South,2023-04-27
C03135,Joseph Garcia,joseph.garcia4159@example.com,West,2021-08-20
C03136,Joseph Garcia,joseph.garcia9228@example.com,West,2022-05-10
C03137,Sarah Smith,sarah.smith8847@example.com,Central,2023-03-26
C03138,David Rodriguez,david.rodriguez998@example.com,East,2022-10-28
C03139,Patricia Martin,patricia.martin3588@example.com,South,2021-11-20
C03140,Jessica Garcia,jessica.garcia8863@example.com,South,2021-08-30
C03141,Richard Davis,richard.davis5703@example.com,East,2023-05-30
C03142,Mary Jones,mary.jones7053@example.com,West,2022-11-10
C03143,Jennifer Anderson,jennifer.anderson2724@example.com,East,2022-02-25
C03144,Charles Thomas,charles.thomas4339@example.com,Central,2023-07-17
C03145,James Taylor,james.taylor8948@example.com,North,2023-10-12
C03146,Barbara Wilson,barbara.wilson356@example.com,,2021-07-31
C03147,Charles Garcia,charles.garcia9749@example.com,South,2023-01-31
C03148,Elizabeth Davis,elizabeth.davis534@example.com,Central,2021-03-12
C03149,Charles Davis,charles.davis2841@example.com,East,2022-05-22
C03150,Michael Garcia,michael.garcia108@example.com,South,2021-03-25
C03151,Robert Lopez,robert.lopez5430@example.com,North,2022-04-09
C03152,David Martinez,david.martinez5384@example.com,North,2023-04-10
C03153,Charles Taylor,charles.taylor9084@example.com,East,2022-03-03
C03154,Karen Miller,karen.miller4024@example.com,South,2022-05-20
C03155,Richard Garcia,richard.garcia9701@example.com,North,2021-02-24
C03156,Barbara Jackson,barbara.jackson8821@example.com,South,2022-07-06
C03157,William Williams,william.williams2650@example.com,North,2022-11-14
C03158,Karen Gonzalez,karen.gonzalez5130@example.com,Central,2021-10-02
C03159,Mary Brown,mary.brown2338@example.com,West,2021-06-04
C03160,Jessica Anderson,jessica.anderson5063@example.com,East,2021-01-31
C03161,Richard Garcia,richard.garcia9754@example.com,East,2022-02-21
C03162,Joseph Hernandez,joseph.hernandez1603@example.com,South,2021-06-05
C03163,Linda Brown,linda.brown7891@example.com,West,2023-05-18
C03164,William Thomas,william.thomas5219@example.com,Central,2023-03-28
C03165,William Gonzalez,william.gonzalez1686@example.com,South,2023-05-22
C03166,Patricia Anderson,,Central,2023-12-28
C03167,William Hernandez,william.hernandez2252@example.com,South,2021-08-05
C03168,John Lopez,john.lopez3773@example.com,,2021-07-12
C03169,William Miller,william.miller2287@example.com,North,2021-04-12
C03170,Thomas Anderson,thomas.anderson7949@example.com,West,2022-06-19
C03171,Joseph Martin,joseph.martin2079@example.com,East,2021-11-11
C03172,John Taylor,john.taylor8934@example.com,East,2022-10-21
C03173,Sarah Brown,sarah.brown9679@example.com,North,2023-09-17
C03174,Jessica Johnson,jessica.johnson7069@example.com,West,2022-02-11
C03175,Michael Davis,michael.davis2788@example.com,Central,2021-07-15
C03176,Barbara Martin,barbara.martin937@example.com,West,2022-08-17
C03177,Susan Rodriguez,susan.rodriguez940@example.com,East,2023-01-06
C03178,Thomas Taylor,thomas.taylor3148@example.com,Central,2022-10-19
C03179,Susan Thomas,susan.thomas2212@example.com,,2023-11-07
C03180,William Gonzalez,william.gonzalez7902@example.com,Central,2023-01-13
C03181,Elizabeth Miller,elizabeth.miller5225@example.com,North,2023-03-14
C03182,Jennifer Moore,jennifer.moore2606@example.com,,2021-08-06
C03183,Sarah Garcia,sarah.garcia5779@example.com,West,2022-09-07
C03184,Joseph Garcia,joseph.garcia9052@example.com,Central,2022-01-05
C03185,James Williams,james.williams2778@example.com,South,2021-06-28
C03186,Elizabeth Jackson,elizabeth.jackson9395@example.com,North,2023-05-06
C03187,Richard Garcia,,West,2022-06-22
C03188,David Johnson,david.johnson9515@example.com,South,2023-09-05
C03189,Elizabeth Johnson,elizabeth.johnson308@example.com,Central,2021-06-22
C03190,Charles Davis,charles.davis4025@example.com,South,2021-12-30
C03191,Robert Garcia,robert.garcia4881@example.com,North,2022-04-01
C03192,Richard Smith,richard.smith767@example.com,North,2021-10-22
C03193,Joseph Thomas,joseph.thomas611@example.com,East,2023-05-07
C03194,Mary Thomas,mary.thomas7143@example.com,West,2023-12-13
C03195,Barbara Smith,barbara.smith242@example.com,South,2022-02-14
C03196,William Wilson,william.wilson1477@example.com,West,2022-04-02
C03197,Patricia Miller,patricia.miller3248@example.com,,2022-06-15
C03198,Elizabeth Williams,elizabeth.williams7132@example.com,South,2023-03-08
C03199,Barbara Rodriguez,barbara.rodriguez4714@example.com,South,2023-08-09
C03200,Jessica Gonzalez,jessica.gonzalez8575@example.com,West,2021-03-06
C03201,Susan Miller,susan.miller4113@example.com,South,2021-04-03
C03202,William Wilson,william.wilson1139@example.com,East,2023-06-23
C03203,James Williams,james.williams8101@example.com,Central,2022-09-06
C03204,Jennifer Johnson,jennifer.johnson2764@example.com,South,2022-07-01
C03205,William Williams,william.williams8130@example.com,East,2022-11-18
C03206,Michael Taylor,michael.taylor6369@example.com,West,2021-01-23
C03207,Jennifer Lopez,jennifer.lopez4808@example.com,East,2023-02-15
C03208,Robert Wilson,robert.wilson9166@example.com,East,2021-12-21
C03209,Michael Taylor,michael.taylor7109@example.com,East,2021-01-25
C03210,James Martin,james.martin5553@example.com,East,2022-10-03
C03211,Jessica Rodriguez,jessica.rodriguez2858@example.com,East,2021-02-02
C03212,Mary Jackson,mary.jackson3611@example.com,North,2023-05-26
C03213,Mary Martinez,mary.martinez8008@example.com,West,2022-08-25
C03214,Linda Anderson,linda.anderson8278@example.com,Central,2022-03-11
C03215,Joseph Johnson,joseph.johnson6492@example.com,North,2023-07-14
C03216,Barbara Wilson,barbara.wilson4201@example.com,West,2023-03-06
C03217,Linda Gonzalez,linda.gonzalez9068@example.com,North,2022-09-01
C03218,John Taylor,john.taylor6108@example.com,Central,2021-05-03
C03219,Robert Anderson,robert.anderson7789@example.com,South,2021-08-14
C03220,James Taylor,james.taylor5048@example.com,West,2023-02-28
C03221,James Martinez,james.martinez3870@example.com,West,2021-03-16
C03222,Linda Davis,linda.davis7278@example.com,West,2022-05-19
C03223,Michael Smith,michael.smith6494@example.com,West,2021-02-15
C03224,Richard Thomas,richard.thomas1971@example.com,South,2022-01-11
C03225,Susan Wilson,susan.wilson7789@example.com,East,2021-02-03
C03226,Thomas Anderson,thomas.anderson8325@example.com,West,2023-10-26
C03227,David Martin,david.martin765@example.com,South,2022-02-23
C03228,Elizabeth Garcia,elizabeth.garcia8439@example.com,Central,2023-03-30
C03229,James Hernandez,james.hernandez5287@example.com,East,2021-10-12
C03230,Patricia Anderson,patricia.anderson962@example.com,Central,2021-06-09
C03231,Sarah Gonzalez,,West,2021-05-06
C03232,John Gonzalez,john.gonzalez2669@example.com,North,2021-12-30
C03233,Thomas Martin,thomas.martin1313@example.com,Central,2021-11-24
C03234,Jessica Brown,jessica.brown9206@example.com,East,2022-02-22
C03235,Linda Anderson,linda.anderson1482@example.com,North,2022-09-23
C03236,Karen Rodriguez,karen.rodriguez2812@example.com,East,2022-02-27
C03237,Charles Moore,charles.moore3841@example.com,North,2022-05-02
C03238,David Martinez,david.martinez9856@example.com,North,2023-05-08
C03239,Joseph Smith,joseph.smith6233@example.com,North,2023-06-19
C03240,Michael Smith,michael.smith6028@example.com,Central,2022-07-11
C03241,Linda Moore,linda.moore8399@example.com,East,2022-05-18
C03242,Mary Jones,mary.jones1235@example.com,Central,2023-08-24
C03243,Thomas Smith,thomas.smith6331@example.com,East,2021-08-22
C03244,David Taylor,david.taylor9502@example.com,North,2022-06-02
C03245,Charles Jones,charles.jones8373@example.com,North,2023-07-09
C03246,Mary Brown,mary.brown7799@example.com,Central,2023-04-25
C03247,Elizabeth Johnson,elizabeth.johnson7312@example.com,South,2021-03-06
C03248,Thomas Williams,thomas.williams7443@example.com,South,2023-04-30
C03249,Sarah Garcia,sarah.garcia4850@example.com,Central,2021-03-03
C03250,James Anderson,james.anderson2414@example.com,Central,2022-01-12
C03251,Joseph Rodriguez,joseph.rodriguez1456@example.com,,2021-08-19
C03252,Karen Gonzalez,karen.gonzalez1806@example.com,West,2021-09-29
C03253,James Moore,james.moore543@example.com,North,2021-09-03
C03254,Joseph Johnson,joseph.johnson2871@example.com,West,2022-06-26
C03255,William Rodriguez,william.rodriguez3578@example.com,Central,2022-01-12
C03256,William Hernandez,william.hernandez8552@example.com,West,2021-06-16
C03257,Jennifer Smith,jennifer.smith4838@example.com,South,2023-02-05
C03258,Michael Wilson,,North,2021-11-16
C03259,Linda Anderson,linda.anderson5968@example.com,South,2022-06-30
C03260,Charles Anderson,charles.anderson6637@example.com,North,2023-02-11
C03261,Joseph Smith,joseph.smith2161@example.com,East,2022-10-14
C03262,Robert Martinez,robert.martinez689@example.com,South,2023-05-21
C03263,William Taylor,william.taylor1297@example.com,West,2022-07-25
C03264,James Davis,james.davis6556@example.com,East,2023-11-11
C03265,Sarah Jones,sarah.jones1948@example.com,Central,2023-10-18
C03266,Linda Taylor,linda.taylor6053@example.com,West,2022-02-09
C03267,Robert Davis,,West,2023-12-20
C03268,Susan Martinez,susan.martinez9590@example.com,East,2023-09-20
C03269,Jennifer Jones,jennifer.jones828@example.com,South,2023-03-04
C03270,Jennifer Garcia,jennifer.garcia6730@example.com,,2023-05-04
C03271,Richard Williams,richard.williams7434@example.com,Central,2021-12-29
C03272,Michael Lopez,michael.lopez6177@example.com,Central,2021-11-13
C03273,Charles Martin,charles.martin8982@example.com,East,2023-09-05
C03274,Richard Moore,richard.moore8434@example.com,West,2022-01-19
C03275,Barbara Wilson,barbara.wilson203@example.com,South,2021-12-20
C03276,Mary Taylor,mary.taylor4121@example.com,South,2022-02-14
C03277,Karen Taylor,karen.taylor3107@example.com,Central,2021-09-16
C03278,Richard Smith,,North,2021-04-12
C03279,Joseph Gonzalez,joseph.gonzalez2406@example.com,North,2022-09-17
C03280,Linda Johnson,linda.johnson4658@example.com,Central,2022-09-08
C03281,Patricia Smith,patricia.smith3345@example.com,Central,2021-11-08
C03282,Sarah Thomas,,Central,2022-11-02
C03283,Richard Martinez,richard.martinez2618@example.com,South,2021-01-24
C03284,David Martin,david.martin2480@example.com,South,2022-04-21
C03285,James Jackson,james.jackson7938@example.com,West,2021-07-29
C03286,Karen Rodriguez,karen.rodriguez9154@example.com,West,2021-03-11
C03287,Barbara Gonzalez,barbara.gonzalez8749@example.com,North,2023-01-17
C03288,Linda Smith,linda.smith7350@example.com,West,2023-12-14
C03289,Susan Jackson,susan.jackson5460@example.com,South,2022-08-18
C03290,James Martinez,james.martinez4062@example.com,East,2021-09-04
C03291,Jennifer Hernandez,jennifer.hernandez3696@example.com,South,2022-10-09
C03292,Richard Brown,richard.brown209@example.com,West,2021-12-14
C03293,John Thomas,john.thomas5729@example.com,West,2022-01-03
C03294,Mary Jones,mary.jones5465@example.com,Central,2021-05-26
C03295,Charles Miller,charles.miller8449@example.com,South,2022-01-24
C03296,Elizabeth Garcia,elizabeth.garcia4816@example.com,East,2023-07-08
C03297,Elizabeth Moore,,East,2021-02-22
C03298,Joseph Moore,joseph.moore6816@example.com,South,2021-05-15
C03299,James Thomas,james.thomas6776@example.com,Central,2023-08-24
C03300,Mary Moore,mary.moore5854@example.com,South,2021-12-07
C03301,Sarah Jackson,sarah.jackson5688@example.com,East,2022-06-08
C03302,Mary Martin,mary.martin1203@example.com,East,2022-12-07
C03303,Barbara Moore,barbara.moore1296@example.com,North,2023-07-15
C03304,William Rodriguez,william.rodriguez6430@example.com,South,2021-08-28
C03305,Richard Johnson,richard.johnson8060@example.com,North,2021-01-24
C03306,Charles Davis,charles.davis207@example.com,East,2021-08-29
C03307,Sarah Rodriguez,sarah.rodriguez302@example.com,South,2021-11-03
C03308,Jennifer Williams,,South,2023-03-18
C03309,Jennifer Johnson,jennifer.johnson3909@example.com,Central,2022-07-25
C03310,James Anderson,james.anderson8752@example.com,South,2021-11-19
C03311,Karen Hernandez,karen.hernandez1484@example.com,West,2023-06-15
C03312,Karen Miller,karen.miller3338@example.com,East,2021-09-28
C03313,Michael Johnson,michael.johnson3111@example.com,West,2021-02-12
C03314,Thomas Taylor,thomas.taylor876@example.com,West,2023-11-02
C03315,Karen Moore,karen.moore7913@example.com,North,2021-03-26
C03316,Patricia Martin,patricia.martin1519@example.com,East,2021-06-11
C03317,John Miller,john.miller2380@example.com,West,2022-11-18
C03318,Sarah Rodriguez,sarah.rodriguez9070@example.com,North,2023-03-29
C03319,Linda Garcia,linda.garcia1955@example.com,West,2023-07-21
C03320,Jennifer Jones,jennifer.jones297@example.com,Central,2021-01-15
C03321,Jessica Thomas,jessica.thomas4467@example.com,East,2021-04-27
C03322,Sarah Jones,sarah.jones3223@example.com,North,2021-05-31
C03323,Karen Jackson,karen.jackson5554@example.com,Central,2023-09-23
C03324,Richard Wilson,richard.wilson2168@example.com,South,2023-02-09
C03325,James Lopez,james.lopez3803@example.com,South,2021-05-31
C03326,Sarah Martinez,sarah.martinez270@example.com,West,2023-07-08
C03327,James Miller,james.miller6362@example.com,North,2021-04-17
C03328,Richard Davis,richard.davis681@example.com,South,2021-01-18
C03329,Barbara Johnson,barbara.johnson2118@example.com,North,2023-05-29
C03330,William Smith,william.smith8930@example.com,North,2021-03-31
C03331,Charles Brown,charles.brown2702@example.com,South,2021-10-21
C03332,Barbara Jones,barbara.jones382@example.com,East,2022-02-14
C03333,Joseph Lopez,joseph.lopez9314@example.com,Central,2021-08-18
C03334,Charles Garcia,charles.garcia6430@example.com,Central,2023-06-01
C03335,Mary Jones,mary.jones7594@example.com,West,2022-10-21
C03336,William Rodriguez,william.rodriguez9676@example.com,North,2022-07-31
C03337,Elizabeth Hernandez,elizabeth.hernandez3689@example.com,North,2021-09-05
C03338,Sarah Martin,sarah.martin6379@example.com,East,2022-08-04
C03339,Elizabeth Hernandez,elizabeth.hernandez6524@example.com,South,2023-01-30
C03340,Robert Brown,robert.brown8083@example.com,North,2023-04-15
C03341,Richard Smith,richard.smith3846@example.com,West,2023-05-11
C03342,Robert Martinez,robert.martinez8877@example.com,,2023-07-09
C03343,Robert Wilson,,South,2021-05-09
C03344,Barbara Taylor,,East,2021-01-09
C03345,John Anderson,john.anderson3775@example.com,North,2021-07-12
C03346,David Wilson,david.wilson885@example.com,West,2023-02-04
C03347,Robert Garcia,robert.garcia4189@example.com,South,2022-10-31
C03348,Elizabeth Anderson,elizabeth.anderson9293@example.com,West,2023-01-19
C03349,Michael Brown,michael.brown5241@example.com,West,2022-10-16
C03350,Joseph Brown,joseph.brown9383@example.com,North,2023-12-11
C03351,Charles Moore,charles.moore6519@example.com,East,2023-04-09
C03352,Charles Miller,charles.miller7040@example.com,North,2022-02-03
C03353,David Martin,david.martin8109@example.com,Central,2021-01-15
C03354,Barbara Anderson,barbara.anderson806@example.com,South,2023-09-07
C03355,Jessica Williams,jessica.williams8882@example.com,North,2021-07-25
C03356,Charles Garcia,,East,2022-05-11
C03357,Michael Miller,michael.miller2354@example.com,Central,2022-03-12
C03358,Robert Miller,robert.miller9266@example.com,West,2021-03-23
C03359,Jennifer Moore,jennifer.moore2186@example.com,South,2023-08-01
C03360,Richard Martin,richard.martin9728@example.com,East,2023-08-28
C03361,Linda Martin,linda.martin2613@example.com,Central,2021-10-16
C03362,Mary Jones,mary.jones3905@example.com,North,2022-05-30
C03363,James Williams,james.williams6936@example.com,South,2021-12-25
C03364,Thomas Rodriguez,thomas.rodriguez4807@example.com,East,2021-05-25
C03365,Karen Jackson,karen.jackson8607@example.com,,2023-09-17
C03366,David Hernandez,david.hernandez1378@example.com,East,2021-09-17
C03367,Richard Johnson,richard.johnson7251@example.com,Central,2021-05-23
C03368,Michael Moore,michael.moore3624@example.com,North,2023-03-17
C03369,Elizabeth Davis,elizabeth.davis3498@example.com,South,2023-06-05
C03370,Robert Jones,robert.jones8074@example.com,West,2021-06-04
C03371,Susan Taylor,susan.taylor554@example.com,West,2023-09-07
C03372,James Anderson,james.anderson57@example.com,East,2023-02-15
C03373,Mary Hernandez,mary.hernandez5132@example.com,Central,2021-10-05
C03374,Elizabeth Williams,elizabeth.williams616@example.com,East,2021-09-28
C03375,Jessica Rodriguez,jessica.rodriguez304@example.com,West,2023-01-22
C03376,Thomas Garcia,thomas.garcia7013@example.com,South,2021-01-05
C03377,Susan Garcia,susan.garcia226@example.com,South,2022-01-26
C03378,Thomas Lopez,thomas.lopez6612@example.com,East,2021-05-26
C03379,Elizabeth Jackson,elizabeth.jackson7338@example.com,Central,2022-03-04
C03380,Patricia Taylor,patricia.taylor3565@example.com,Central,2022-07-23
C03381,Karen Williams,karen.williams4222@example.com,Central,2022-10-08
C03382,David Smith,david.smith4622@example.com,South,2023-05-04
C03383,Susan Martinez,susan.martinez3547@example.com,South,2022-06-11
C03384,Richard Brown,richard.brown2143@example.com,Central,2023-12-29
C03385,John Brown,john.brown5400@example.com,Central,2022-04-12
C03386,William Smith,william.smith67@example.com,South,2023-06-14
C03387,Jennifer Jones,jennifer.jones3164@example.com,Central,2022-09-15
C03388,Jessica Martinez,jessica.martinez2829@example.com,South,2023-08-03
C03389,Thomas Thomas,thomas.thomas1053@example.com,Central,2021-09-21
C03390,Michael Anderson,michael.anderson8616@example.com,West,2022-08-18
C03391,John Gonzalez,john.gonzalez8556@example.com,North,2022-02-14
C03392,William Jackson,william.jackson6064@example.com,West,2022-07-10
C03393,Richard Smith,richard.smith5318@example.com,West,2023-03-04
C03394,Michael Moore,michael.moore3956@example.com,Central,2023-06-30
C03395,Robert Miller,robert.miller6472@example.com,North,2021-05-02
C03396,Charles Jones,charles.jones6836@example.com,West,2021-07-22
C03397,Susan Hernandez,susan.hernandez5839@example.com,West,2023-04-13
C03398,William Hernandez,william.hernandez8180@example.com,Central,2022-10-23
C03399,David Lopez,david.lopez8087@example.com,South,2023-06-02
C03400,William Smith,william.smith113@example.com,Central,2023-12-04
C03401,Susan Taylor,susan.taylor2176@example.com,North,2023-04-30
C03402,Richard Lopez,richard.lopez4184@example.com,South,2022-06-10
C03403,Elizabeth Rodriguez,elizabeth.rodriguez1126@example.com,Central,2022-08-30
C03404,James Jones,james.jones3305@example.com,West,2023-05-23
C03405,James Taylor,james.taylor3824@example.com,West,2021-05-11
C03406,Joseph Smith,joseph.smith4017@example.com,North,2022-09-03
C03407,William Jones,william.jones3477@example.com,West,2021-04-03
C03408,David Johnson,david.johnson8857@example.com,Central,2022-07-24
C03409,John Miller,john.miller4410@example.com,North,2023-06-07
C03410,John Martin,john.martin7793@example.com,Central,2021-10-04
C03411,William Hernandez,william.hernandez2505@example.com,North,2023-03-09
C03412,Karen Rodriguez,,East,2023-08-09
C03413,Michael Lopez,michael.lopez6188@example.com,West,2023-11-10
C03414,James Jackson,james.jackson5274@example.com,South,2021-02-08
C03415,David Jackson,david.jackson8987@example.com,,2022-05-29
C03416,William Jones,william.jones726@example.com,North,2023-12-23
C03417,Karen Jones,karen.jones5442@example.com,Central,2021-02-05
C03418,Joseph Miller,joseph.miller5115@example.com,South,2023-06-21
C03419,Joseph Thomas,joseph.thomas4681@example.com,West,2023-01-19
C03420,Patricia Martinez,patricia.martinez1093@example.com,West,2023-12-07
C03421,Jennifer Miller,jennifer.miller61@example.com,South,2022-10-18
C03422,Thomas Gonzalez,thomas.gonzalez8427@example.com,East,2023-05-11
C03423,Jennifer Davis,jennifer.davis3601@example.com,West,2023-01-09
C03424,Sarah Gonzalez,sarah.gonzalez4587@example.com,West,2022-08-23
C03425,Thomas Miller,thomas.miller1617@example.com,West,2021-01-06
C03426,Richard Gonzalez,richard.gonzalez2979@example.com,South,2021-06-27
C03427,Barbara Williams,barbara.williams8678@example.com,North,2023-10-23
C03428,Robert Martinez,robert.martinez2404@example.com,East,2022-10-02
C03429,Susan Martin,susan.martin8991@example.com,North,2021-11-09
C03430,Linda Jones,linda.jones7540@example.com,South,2021-09-01
C03431,Joseph Martin,joseph.martin8235@example.com,North,2021-12-17
C03432,Linda Thomas,linda.thomas9392@example.com,West,2022-07-13
C03433,Sarah Anderson,sarah.anderson912@example.com,Central,2023-08-13
C03434,Joseph Jackson,joseph.jackson5292@example.com,North,2023-07-01
C03435,Susan Thomas,susan.thomas5144@example.com,Central,2021-03-23
C03436,Joseph Miller,joseph.miller7583@example.com,East,2022-10-19
C03437,Jessica Martin,jessica.martin952@example.com,East,2023-03-11
C03438,Jennifer Gonzalez,jennifer.gonzalez9011@example.com,East,2023-06-27
C03439,Susan Miller,,South,2023-09-08
C03440,Richard Williams,richard.williams2473@example.com,West,2022-01-05
C03441,Patricia Martin,patricia.martin457@example.com,East,2021-07-24
C03442,Robert Jackson,robert.jackson8848@example.com,West,2021-07-21
C03443,Thomas Jones,thomas.jones436@example.com,,2023-04-03
C03444,Richard Martin,richard.martin601@example.com,North,2021-09-28
C03445,Linda Thomas,linda.thomas2405@example.com,South,2022-04-19
C03446,Linda Rodriguez,linda.rodriguez8379@example.com,West,2023-07-20
C03447,Mary Davis,mary.davis5181@example.com,West,2023-11-13
C03448,Karen Wilson,karen.wilson8497@example.com,South,2022-01-27
C03449,David Lopez,,West,2021-07-27
C03450,Jennifer Miller,jennifer.miller1641@example.com,East,2022-10-14
C03451,Joseph Johnson,joseph.johnson5857@example.com,North,2022-04-01
C03452,Thomas Rodriguez,thomas.rodriguez4591@example.com,East,2023-11-09
C03453,Sarah Miller,sarah.miller1715@example.com,East,2023-09-17
C03454,Mary Brown,mary.brown2497@example.com,East,2022-02-11
C03455,Richard Moore,richard.moore7274@example.com,West,2023-12-30
C03456,Karen Williams,karen.williams614@example.com,West,2023-07-12
C03457,Karen Anderson,karen.anderson8811@example.com,South,2022-09-12
C03458,William Lopez,william.lopez6986@example.com,East,2023-08-27
C03459,Charles Martinez,charles.martinez406@example.com,South,2023-05-17
C03460,Susan Martinez,susan.martinez355@example.com,South,2022-10-16
C03461,Jessica Miller,jessica.miller8170@example.com,South,2022-12-29
C03462,Charles Thomas,charles.thomas5998@example.com,South,2021-10-29
C03463,Joseph Davis,joseph.davis1712@example.com,Central,2022-03-03
C03464,Mary Jones,mary.jones9256@example.com,East,2022-09-16
C03465,Jennifer Davis,jennifer.davis3714@example.com,North,2023-02-03
C03466,John Moore,john.moore5685@example.com,East,2023-06-06
C03467,Richard Smith,richard.smith7645@example.com,East,2023-02-27
C03468,Jessica Rodriguez,jessica.rodriguez6370@example.com,North,2023-01-01
C03469,Sarah Martinez,sarah.martinez1349@example.com,West,2021-08-24
C03470,Susan Williams,,North,2021-12-06
C03471,John Taylor,john.taylor1541@example.com,Central,2022-08-11
C03472,Patricia Davis,patricia.davis4913@example.com,West,2021-04-30
C03473,Charles Rodriguez,charles.rodriguez9216@example.com,West,2022-08-13
C03474,James Jones,james.jones9691@example.com,South,2022-08-15
C03475,Linda Miller,linda.miller470@example.com,West,2022-12-14
C03476,James Jackson,james.jackson9587@example.com,South,2022-01-22
C03477,Susan Gonzalez,susan.gonzalez7413@example.com,Central,2023-05-01
C03478,Susan Wilson,,East,2022-05-08
C03479,William Garcia,william.garcia526@example.com,South,2022-03-27
C03480,William Martin,william.martin9641@example.com,North,2022-03-04
C03481,Joseph Wilson,joseph.wilson9073@example.com,West,2021-02-03
C03482,Patricia Thomas,patricia.thomas7412@example.com,East,2022-09-16
C03483,William Gonzalez,william.gonzalez1971@example.com,North,2022-03-09
C03484,Linda Lopez,linda.lopez1027@example.com,West,2023-06-09
C03485,Elizabeth Jones,elizabeth.jones6176@example.com,North,2022-05-20
C03486,Jessica Jones,jessica.jones6220@example.com,Central,2023-01-01
C03487,Richard Martin,richard.martin5487@example.com,South,2023-09-23
C03488,Joseph Gonzalez,joseph.gonzalez4305@example.com,East,2021-02-23
C03489,Michael Moore,,South,2022-11-17
C03490,David Williams,david.williams3413@example.com,East,2022-06-08
C03491,Sarah Gonzalez,sarah.gonzalez7883@example.com,Central,2022-04-14
C03492,Charles Smith,charles.smith4927@example.com,South,2021-05-16
C03493,William Lopez,william.lopez4522@example.com,North,2023-09-15
C03494,Elizabeth Jackson,elizabeth.jackson3244@example.com,North,2023-07-27
C03495,Thomas Taylor,thomas.taylor7645@example.com,East,2021-10-02
C03496,James Martinez,james.martinez229@example.com,East,2023-10-12
C03497,Susan Wilson,susan.wilson1553@example.com,North,2023-02-05
C03498,Thomas Johnson,thomas.johnson980@example.com,Central,2022-05-14
C03499,John Martinez,john.martinez3378@example.com,East,2021-05-13
C03500,William Davis,william.davis7097@example.com,West,2021-08-01
C03501,James Thomas,james.thomas8987@example.com,West,2023-04-11
C03502,Thomas Hernandez,thomas.hernandez6935@example.com,East,2021-04-19
C03503,Susan Moore,susan.moore38@example.com,West,2022-02-10
C03504,Linda Williams,linda.williams6100@example.com,South,2022-02-06
C03505,James Gonzalez,james.gonzalez545@example.com,South,2023-10-26
C03506,Susan Hernandez,susan.hernandez5491@example.com,North,2021-10-10
C03507,Jennifer Martinez,jennifer.martinez1566@example.com,South,2023-04-18
C03508,Jessica Johnson,jessica.johnson1690@example.com,East,2021-10-18
C03509,James Brown,james.brown6584@example.com,South,2023-11-30
C03510,Robert Jones,robert.jones2224@example.com,East,2022-10-17
C03511,Linda Jackson,linda.jackson2138@example.com,South,2023-02-13
C03512,Robert Smith,robert.smith1567@example.com,Central,2021-06-04
C03513,Patricia Miller,patricia.miller4195@example.com,South,2021-07-26
C03514,Michael Davis,michael.davis2856@example.com,Central,2021-08-28
C03515,Michael Garcia,michael.garcia3986@example.com,East,2023-04-24
C03516,Elizabeth Hernandez,elizabeth.hernandez2069@example.com,South,2022-09-04
C03517,Elizabeth Martin,elizabeth.martin7254@example.com,North,2023-11-15
C03518,Susan Wilson,susan.wilson3168@example.com,North,2023-01-01
C03519,Linda Wilson,linda.wilson7436@example.com,West,2022-05-12
C03520,William Jackson,william.jackson9014@example.com,East,2023-08-25
C03521,Linda Lopez,linda.lopez6632@example.com,North,2021-12-30
C03522,Richard Gonzalez,richard.gonzalez6078@example.com,Central,2022-07-02
C03523,Jessica Gonzalez,jessica.gonzalez2584@example.com,South,2023-11-13
C03524,Mary Martin,mary.martin6825@example.com,North,2023-01-27
C03525,Linda Davis,linda.davis6625@example.com,East,2023-06-24
C03526,William Gonzalez,william.gonzalez7116@example.com,South,2023-04-16
C03527,Robert Jackson,robert.jackson9035@example.com,South,2022-02-19
C03528,Richard Thomas,richard.thomas9706@example.com,North,2021-06-17
C03529,Jennifer Anderson,jennifer.anderson6855@example.com,Central,2022-10-26
C03530,William Miller,william.miller4696@example.com,East,2023-05-29
C03531,Linda Jackson,linda.jackson429@example.com,North,2021-10-29
C03532,Elizabeth Jackson,elizabeth.jackson7707@example.com,South,2021-06-08
C03533,Susan Brown,susan.brown5808@example.com,Central,2023-03-18
C03534,Thomas Miller,thomas.miller7568@example.com,South,2022-03-03
C03535,Jessica Jones,jessica.jones6219@example.com,South,2021-01-09
C03536,Patricia Rodriguez,patricia.rodriguez8787@example.com,West,2021-02-09
C03537,Sarah Jones,sarah.jones6335@example.com,Central,2021-09-27
C03538,Patricia Martinez,patricia.martinez6525@example.com,Central,2023-06-25
C03539,Richard Garcia,richard.garcia5298@example.com,South,2021-12-03
C03540,Richard Martinez,richard.martinez5644@example.com,South,2022-01-27
C03541,Karen Brown,karen.brown7537@example.com,Central,2022-09-08
C03542,James Miller,james.miller6479@example.com,East,2021-06-13
C03543,Patricia Garcia,patricia.garcia6777@example.com,West,2023-08-01
C03544,John Martin,john.martin6718@example.com,North,2022-04-05
C03545,Michael Hernandez,michael.hernandez3616@example.com,North,2023-03-09
C03546,Patricia Garcia,patricia.garcia5733@example.com,Central,2023-04-02
C03547,Linda Jackson,linda.jackson9858@example.com,Central,2021-06-16
C03548,Michael Davis,michael.davis3795@example.com,East,2023-05-09
C03549,Jessica Miller,jessica.miller4484@example.com,North,2022-06-28
C03550,John Johnson,john.johnson1166@example.com,West,2021-03-19
C03551,John Rodriguez,john.rodriguez8920@example.com,,2022-08-03
C03552,Charles Jackson,charles.jackson1361@example.com,North,2021-11-27
C03553,Mary Jones,mary.jones8678@example.com,West,2021-09-01
C03554,Richard Moore,richard.moore541@example.com,North,2021-03-23
C03555,Linda Martinez,linda.martinez2366@example.com,South,2022-11-06
C03556,Elizabeth Moore,elizabeth.moore4279@example.com,North,2022-02-09
C03557,John Wilson,john.wilson1006@example.com,Central,2021-07-16
C03558,Jessica Jackson,jessica.jackson1634@example.com,Central,2021-06-13
C03559,David Thomas,david.thomas1621@example.com,North,2021-08-26
C03560,Michael Jones,michael.jones1602@example.com,East,2021-02-03
C03561,Robert Martinez,robert.martinez7602@example.com,North,2023-12-03
C03562,Sarah Williams,sarah.williams4741@example.com,South,2023-07-30
C03563,Elizabeth Hernandez,elizabeth.hernandez2240@example.com,North,2022-03-13
C03564,Susan Thomas,susan.thomas8358@example.com,West,2023-05-28
C03565,Michael Martin,michael.martin1176@example.com,North,2023-10-20
C03566,Elizabeth Martin,elizabeth.martin1822@example.com,West,2022-08-10
C03567,Jennifer Davis,jennifer.davis2487@example.com,East,2021-06-05
C03568,Linda Williams,linda.williams5498@example.com,North,2023-06-07
C03569,Jennifer Gonzalez,jennifer.gonzalez1089@example.com,East,2022-11-22
C03570,Jennifer Hernandez,jennifer.hernandez2876@example.com,West,2021-06-03
C03571,James Jones,james.jones5953@example.com,North,2023-08-14
C03572,Charles Moore,charles.moore9785@example.com,East,2023-01-06
C03573,Susan Gonzalez,susan.gonzalez9905@example.com,Central,2022-03-29
C03574,Mary Smith,mary.smith6050@example.com,East,2022-12-14
C03575,Richard Miller,richard.miller5991@example.com,Central,2021-10-26
C03576,Jennifer Anderson,jennifer.anderson1416@example.com,West,2023-01-11
C03577,Richard Lopez,richard.lopez425@example.com,North,2021-03-29
C03578,John Martinez,john.martinez4497@example.com,,2023-02-14
C03579,Thomas Wilson,thomas.wilson2950@example.com,Central,2021-07-30
C03580,James Smith,james.smith6748@example.com,Central,2022-07-11
C03581,Patricia Thomas,patricia.thomas2222@example.com,North,2021-12-12
C03582,Michael Taylor,michael.taylor1824@example.com,South,2021-10-20
C03583,Sarah Jones,sarah.jones2966@example.com,South,2022-07-23
C03584,Jessica Hernandez,jessica.hernandez2549@example.com,East,2022-09-01
C03585,Mary Smith,mary.smith4472@example.com,Central,2021-08-26
C03586,Linda Lopez,linda.lopez1668@example.com,South,2021-03-02
C03587,David Miller,david.miller5222@example.com,West,2021-12-04
C03588,Thomas Jackson,thomas.jackson2151@example.com,North,2023-06-14
C03589,Elizabeth Brown,elizabeth.brown5889@example.com,Central,2023-08-10
C03590,Thomas Davis,thomas.davis479@example.com,,2021-05-30
C03591,James Martinez,james.martinez1677@example.com,East,2021-06-08
C03592,Karen Hernandez,karen.hernandez2069@example.com,Central,2021-07-15
C03593,William Martinez,william.martinez7693@example.com,West,2021-09-21
C03594,Sarah Johnson,sarah.johnson2872@example.com,Central,2022-04-03
C03595,James Gonzalez,james.gonzalez3638@example.com,West,2021-02-21
C03596,Linda Anderson,linda.anderson9148@example.com,North,2021-07-19
C03597,Linda Martin,linda.martin7285@example.com,South,2023-04-05
C03598,Karen Jackson,karen.jackson226@example.com,East,2022-12-07
C03599,Jessica Lopez,jessica.lopez9706@example.com,North,2022-07-24
C03600,Jennifer Jackson,jennifer.jackson11@example.com,Central,2021-04-11
C03601,Elizabeth Lopez,elizabeth.lopez2511@example.com,Central,2023-02-12
C03602,John Johnson,john.johnson6366@example.com,West,2023-07-16
C03603,William Lopez,william.lopez7276@example.com,North,2021-10-22
C03604,Joseph Wilson,joseph.wilson1528@example.com,West,2021-05-22
C03605,Elizabeth Jackson,elizabeth.jackson9042@example.com,East,2021-02-11
C03606,Thomas Rodriguez,thomas.rodriguez3186@example.com,West,2021-11-26
C03607,Karen Gonzalez,karen.gonzalez4846@example.com,West,2023-10-19
C03608,Jennifer Hernandez,jennifer.hernandez150@example.com,South,2021-10-16
C03609,William Garcia,william.garcia3484@example.com,North,2022-07-15
C03610,John Anderson,john.anderson2065@example.com,East,2023-03-27
C03611,Karen Brown,karen.brown5368@example.com,East,2021-02-28
C03612,Richard Garcia,richard.garcia8176@example.com,,2022-07-23
C03613,Jennifer Lopez,jennifer.lopez7409@example.com,South,2021-10-23
C03614,Karen Hernandez,karen.hernandez9827@example.com,South,2021-06-19
C03615,David Moore,david.moore2283@example.com,South,2021-02-11
C03616,Robert Martin,robert.martin7129@example.com,Central,2023-06-26
C03617,Jennifer Brown,jennifer.brown7953@example.com,South,2021-09-26
C03618,James Martinez,james.martinez1426@example.com,Central,2021-12-29
C03619,Patricia Lopez,patricia.lopez3945@example.com,West,2022-03-06
C03620,Jessica Smith,jessica.smith6492@example.com,South,2021-03-09
C03621,Michael Brown,michael.brown3779@example.com,Central,2023-12-25
C03622,Barbara Smith,barbara.smith3031@example.com,West,2021-04-10
C03623,Patricia Jackson,patricia.jackson3922@example.com,South,2022-04-08
C03624,Jessica Martin,jessica.martin7983@example.com,,2021-02-14
C03625,Jennifer Jackson,jennifer.jackson5597@example.com,West,2022-11-29
C03626,Richard Rodriguez,richard.rodriguez8065@example.com,East,2022-09-26
C03627,James Anderson,james.anderson9493@example.com,South,2022-08-09
C03628,Barbara Miller,barbara.miller2240@example.com,North,2023-08-18
C03629,Joseph Moore,joseph.moore1237@example.com,West,2022-08-13
C03630,Linda Anderson,linda.anderson211@example.com,North,2022-12-24
C03631,Michael Martin,michael.martin1711@example.com,West,2023-05-27
C03632,Susan Wilson,susan.wilson5571@example.com,South,2023-05-07
C03633,John Jones,john.jones435@example.com,South,2022-10-20
C03634,Jessica Moore,jessica.moore901@example.com,North,2021-05-03
C03635,Robert Jones,robert.jones4029@example.com,North,2023-06-24
C03636,James Gonzalez,james.gonzalez7829@example.com,South,2021-10-05
C03637,Robert Miller,robert.miller7968@example.com,East,2021-05-27
C03638,Robert Gonzalez,robert.gonzalez8468@example.com,Central,2022-03-28
C03639,Jessica Williams,jessica.williams1362@example.com,South,2022-01-30
C03640,James Johnson,james.johnson474@example.com,South,2022-11-21
C03641,Linda Jackson,linda.jackson8813@example.com,South,2021-05-30
C03642,Michael Jones,michael.jones4255@example.com,Central,2023-10-26
C03643,Richard Gonzalez,richard.gonzalez3420@example.com,West,2022-06-13
C03644,Patricia Thomas,patricia.thomas9073@example.com,West,2021-05-27
C03645,David Miller,david.miller8582@example.com,North,2022-07-17
C03646,James Gonzalez,james.gonzalez5786@example.com,West,2022-01-12
C03647,Susan Anderson,susan.anderson3610@example.com,East,2021-10-23
C03648,Jessica Garcia,jessica.garcia4582@example.com,East,2022-05-25
C03649,Jessica Lopez,jessica.lopez6427@example.com,West,2023-04-22
C03650,William Taylor,william.taylor7231@example.com,Central,2021-12-04
C03651,William Jackson,william.jackson4719@example.com,North,2023-04-14
C03652,Robert Hernandez,robert.hernandez96@example.com,Central,2023-05-08
C03653,David Gonzalez,david.gonzalez8747@example.com,North,2021-04-22
C03654,Susan Jones,susan.jones7329@example.com,West,2022-04-19
C03655,David Smith,david.smith7223@example.com,South,2022-07-06
C03656,Robert Williams,robert.williams2147@example.com,East,2023-01-31
C03657,James Garcia,james.garcia2415@example.com,East,2023-08-04
C03658,Sarah Smith,sarah.smith4701@example.com,West,2023-08-08
C03659,Robert Lopez,robert.lopez1905@example.com,East,2021-04-17
C03660,Joseph Smith,joseph.smith3336@example.com,Central,2021-07-11
C03661,Elizabeth Anderson,elizabeth.anderson9102@example.com,South,2022-01-31
C03662,Joseph Jones,joseph.jones920@example.com,East,2023-03-20
C03663,Jessica Gonzalez,,South,2022-03-26
C03664,Robert Taylor,robert.taylor6986@example.com,North,2021-10-11
C03665,Robert Smith,robert.smith803@example.com,Central,2022-07-04
C03666,Robert Gonzalez,robert.gonzalez4148@example.com,Central,2022-03-12
C03667,Susan Anderson,susan.anderson9442@example.com,Central,2023-04-11
C03668,Jessica Williams,jessica.williams3389@example.com,East,2022-06-03
C03669,Karen Martinez,karen.martinez7125@example.com,Central,2023-01-29
C03670,Susan Rodriguez,susan.rodriguez9311@example.com,North,2022-01-20
C03671,Robert Rodriguez,robert.rodriguez6056@example.com,North,2022-03-17
C03672,Barbara Johnson,barbara.johnson15@example.com,East,2021-08-13
C03673,Jessica Lopez,jessica.lopez8694@example.com,North,2021-04-10
C03674,Michael Taylor,michael.taylor8349@example.com,North,2021-05-20
C03675,Mary Martinez,mary.martinez1007@example.com,North,2023-02-28
C03676,Thomas Hernandez,thomas.hernandez1243@example.com,East,2021-07-31
C03677,William Taylor,william.taylor3560@example.com,West,2023-11-02
C03678,Mary Miller,mary.miller690@example.com,North,2023-04-06
C03679,Thomas Hernandez,thomas.hernandez6250@example.com,North,2023-07-13
C03680,Sarah Rodriguez,sarah.rodriguez592@example.com,Central,2023-08-06
C03681,Patricia Gonzalez,patricia.gonzalez9934@example.com,Central,2022-02-23
C03682,Jessica Brown,jessica.brown7143@example.com,East,2023-03-09
C03683,Susan Taylor,susan.taylor6921@example.com,Central,2023-03-01
C03684,Joseph Lopez,joseph.lopez9489@example.com,Central,2022-02-12
C03685,Jennifer Wilson,jennifer.wilson1076@example.com,North,2021-02-27
C03686,David Moore,david.moore3398@example.com,East,2021-05-18
C03687,Charles Lopez,charles.lopez6914@example.com,South,2022-05-21
C03688,Barbara Davis,barbara.davis4055@example.com,Central,2023-11-09
C03689,Jennifer Martinez,jennifer.martinez2609@example.com,South,2023-09-15
C03690,David Moore,david.moore710@example.com,East,2022-07-03
C03691,Susan Wilson,susan.wilson8980@example.com,,2022-02-19
C03692,James Jones,james.jones8445@example.com,South,2023-08-05
C03693,Jennifer Thomas,jennifer.thomas6296@example.com,Central,2022-03-31
C03694,William Hernandez,william.hernandez1141@example.com,North,2021-09-15
C03695,Thomas Lopez,thomas.lopez4913@example.com,,2023-08-15
C03696,Michael Smith,michael.smith8769@example.com,West,2021-01-17
C03697,Joseph Davis,joseph.davis9103@example.com,South,2023-09-01
C03698,Jessica Anderson,jessica.anderson1900@example.com,Central,2022-10-16
C03699,Robert Thomas,robert.thomas8257@example.com,,2021-05-06
C03700,James Anderson,james.anderson1359@example.com,North,2022-07-25
C03701,Robert Miller,robert.miller4837@example.com,West,2021-04-17
C03702,Barbara Thomas,barbara.thomas7325@example.com,North,2023-05-25
C03703,Patricia Jackson,patricia.jackson9545@example.com,North,2023-06-09
C03704,Barbara Gonzalez,barbara.gonzalez6597@example.com,West,2023-02-13
C03705,Thomas Davis,thomas.davis3192@example.com,,2023-01-21
C03706,Robert Garcia,robert.garcia4613@example.com,West,2023-01-17
C03707,Michael Anderson,michael.anderson3282@example.com,South,2021-06-30
C03708,Charles Williams,charles.williams4234@example.com,Central,2023-07-29
C03709,James Lopez,james.lopez4662@example.com,South,2021-08-22
C03710,David Thomas,david.thomas9614@example.com,East,2021-07-16
C03711,Mary Williams,mary.williams6504@example.com,South,2021-03-04
C03712,Thomas Johnson,thomas.johnson2205@example.com,Central,2022-03-04
C03713,William Anderson,william.anderson5510@example.com,Central,2022-02-21
C03714,Linda Hernandez,linda.hernandez4736@example.com,South,2021-07-02
C03715,Karen Garcia,karen.garcia1767@example.com,West,2021-07-06
C03716,William Gonzalez,william.gonzalez3973@example.com,Central,2023-03-05
C03717,Elizabeth Davis,,South,2023-10-11
C03718,Robert Wilson,robert.wilson6936@example.com,Central,2023-03-16
C03719,Sarah Hernandez,sarah.hernandez4324@example.com,Central,2023-10-18
C03720,Robert Martinez,,North,2021-10-17
C03721,James Moore,james.moore6409@example.com,North,2023-02-12
C03722,James Hernandez,james.hernandez1410@example.com,Central,2022-07-28
C03723,Michael Jones,michael.jones8119@example.com,West,2022-02-20
C03724,Mary Miller,mary.miller3842@example.com,West,2022-03-21
C03725,Richard Martin,richard.martin3290@example.com,North,2021-04-27
C03726,Mary Jackson,mary.jackson859@example.com,Central,2021-05-16
C03727,Sarah Anderson,sarah.anderson8537@example.com,North,2022-09-27
C03728,Sarah Johnson,sarah.johnson2843@example.com,South,2022-07-25
C03729,John Hernandez,john.hernandez8909@example.com,Central,2021-04-14
C03730,Karen Davis,karen.davis809@example.com,South,2023-05-05
C03731,Susan Williams,susan.williams3973@example.com,West,2021-02-20
C03732,Thomas Williams,thomas.williams2300@example.com,West,2022-12-16
C03733,Charles Martinez,charles.martinez7519@example.com,East,2021-01-08
C03734,Barbara Davis,barbara.davis1207@example.com,North,2022-12-16
C03735,Sarah Miller,,Central,2022-02-20
C03736,Karen Anderson,karen.anderson8255@example.com,South,2021-09-13
C03737,Elizabeth Jones,elizabeth.jones6918@example.com,West,2022-12-31
C03738,James Brown,james.brown6645@example.com,West,2021-07-21
C03739,Thomas Thomas,thomas.thomas7844@example.com,South,2022-03-20
C03740,Susan Davis,susan.davis7086@example.com,East,2023-03-24
C03741,Jennifer Anderson,jennifer.anderson6579@example.com,South,2023-06-05
C03742,Susan Anderson,susan.anderson8434@example.com,,2022-02-03
C03743,Joseph Gonzalez,joseph.gonzalez1403@example.com,East,2021-01-02
C03744,Joseph Martinez,joseph.martinez9516@example.com,East,2021-08-06
C03745,Robert Hernandez,robert.hernandez5594@example.com,West,2023-06-08
C03746,David Martin,david.martin8127@example.com,North,2022-01-20
C03747,Sarah Lopez,,North,2022-08-19
C03748,Patricia Anderson,patricia.anderson1792@example.com,West,2022-01-21
C03749,Charles Williams,charles.williams2279@example.com,East,2022-12-20
C03750,John Moore,john.moore8731@example.com,North,2022-09-24
C03751,Thomas Wilson,thomas.wilson646@example.com,East,2021-01-09
C03752,Karen Garcia,karen.garcia4291@example.com,South,2023-07-05
C03753,Sarah Thomas,sarah.thomas5728@example.com,North,2021-02-04
C03754,Robert Jackson,,North,2021-11-04
C03755,David Smith,david.smith1046@example.com,West,2021-03-15
C03756,Jessica Rodriguez,jessica.rodriguez2801@example.com,North,2022-12-07
C03757,Robert Garcia,robert.garcia2656@example.com,South,2022-03-08
C03758,Patricia Moore,patricia.moore257@example.com,,2023-10-18
C03759,Michael Smith,michael.smith2230@example.com,South,2023-05-18
C03760,Robert Rodriguez,robert.rodriguez9408@example.com,South,2022-08-14
C03761,James Hernandez,james.hernandez8108@example.com,North,2022-07-22
C03762,Elizabeth Gonzalez,elizabeth.gonzalez9791@example.com,West,2023-10-13
C03763,William Johnson,william.johnson6233@example.com,West,2023-01-12
C03764,Elizabeth Rodriguez,elizabeth.rodriguez6106@example.com,East,2022-07-29
C03765,Richard Wilson,richard.wilson8995@example.com,West,2023-11-19
C03766,Michael Rodriguez,michael.rodriguez8302@example.com,East,2022-04-14
C03767,Barbara Moore,barbara.moore7029@example.com,West,2022-03-19
C03768,Susan Gonzalez,susan.gonzalez4911@example.com,South,2023-08-02
C03769,Jessica Lopez,jessica.lopez8594@example.com,Central,2022-08-19
C03770,Linda Garcia,linda.garcia6694@example.com,Central,2022-05-31
C03771,Elizabeth Davis,elizabeth.davis7056@example.com,East,2021-03-06
C03772,Barbara Smith,barbara.smith5007@example.com,North,2021-03-07
C03773,Karen Garcia,karen.garcia8717@example.com,West,2021-01-17
C03774,Mary Anderson,mary.anderson3229@example.com,Central,2021-04-04
C03775,Joseph Anderson,joseph.anderson3724@example.com,West,2022-10-07
C03776,William Lopez,william.lopez79@example.com,North,2021-10-10
C03777,David Moore,david.moore5754@example.com,North,2021-01-10
C03778,Elizabeth Hernandez,elizabeth.hernandez380@example.com,Central,2022-03-06
C03779,David Davis,david.davis1061@example.com,West,2022-04-22
C03780,Linda Thomas,linda.thomas5417@example.com,North,2022-05-05
C03781,Barbara Jackson,barbara.jackson479@example.com,South,2022-01-14
C03782,Joseph Rodriguez,joseph.rodriguez2442@example.com,West,2022-12-06
C03783,Patricia Johnson,patricia.johnson8579@example.com,South,2022-12-18
C03784,Barbara Martinez,barbara.martinez5607@example.com,East,2023-06-03
C03785,Mary Martin,mary.martin1325@example.com,East,2023-09-04
C03786,Elizabeth Lopez,elizabeth.lopez5857@example.com,South,2021-03-06
C03787,Susan Jones,susan.jones7765@example.com,North,2022-02-14
C03788,Linda Anderson,linda.anderson4099@example.com,South,2022-10-13
C03789,Jessica Lopez,jessica.lopez6934@example.com,South,2022-06-12
C03790,Patricia Garcia,,East,2023-11-13
C03791,Joseph Gonzalez,,Central,2023-05-19
C03792,Charles Davis,charles.davis1374@example.com,West,2022-04-27
C03793,Karen Martin,karen.martin5506@example.com,West,2021-05-02
C03794,Elizabeth Hernandez,elizabeth.hernandez533@example.com,Central,2021-10-20
C03795,Robert Wilson,robert.wilson7221@example.com,North,2022-03-17
C03796,William Davis,william.davis8701@example.com,Central,2022-09-24
C03797,Thomas Lopez,thomas.lopez1482@example.com,South,2023-01-27
C03798,Karen Davis,karen.davis6566@example.com,North,2021-10-24
C03799,Sarah Garcia,sarah.garcia3892@example.com,East,2023-01-11
C03800,Barbara Anderson,barbara.anderson6203@example.com,Central,2021-08-14
C03801,David Martinez,,East,2022-02-02
C03802,John Taylor,john.taylor3328@example.com,South,2023-02-02
C03803,Linda Williams,linda.williams625@example.com,South,2023-09-18
C03804,Jessica Brown,jessica.brown1757@example.com,West,2021-08-23
C03805,Joseph Martin,joseph.martin2073@example.com,East,2023-07-15
C03806,Michael Garcia,michael.garcia8344@example.com,West,2021-06-20
C03807,Mary Taylor,mary.taylor8015@example.com,Central,2021-07-20
C03808,Charles Moore,charles.moore4034@example.com,North,2023-06-26
C03809,Michael Anderson,michael.anderson7130@example.com,North,2023-01-06
C03810,Robert Jackson,robert.jackson8419@example.com,,2022-08-22
C03811,Barbara Martin,barbara.martin1327@example.com,South,2022-07-16
C03812,David Johnson,david.johnson170@example.com,,2023-02-12
C03813,Thomas Davis,thomas.davis9183@example.com,Central,2022-03-13
C03814,Elizabeth Lopez,elizabeth.lopez906@example.com,East,2023-07-16
C03815,Richard Johnson,richard.johnson3896@example.com,North,2022-02-26
C03816,William Wilson,william.wilson7525@example.com,East,2021-10-27
C03817,Linda Wilson,linda.wilson8876@example.com,North,2022-05-14
C03818,Sarah Jones,sarah.jones7314@example.com,North,2022-10-05
C03819,Patricia Davis,patricia.davis4007@example.com,North,2022-09-28
C03820,Jennifer Jones,jennifer.jones48@example.com,Central,2021-12-13
C03821,Barbara Davis,,Central,2021-06-07
C03822,Richard Taylor,richard.taylor1992@example.com,West,2021-01-19
C03823,Linda Moore,linda.moore9263@example.com,North,2023-09-08
C03824,Linda Gonzalez,,Central,2022-09-20
C03825,Jessica Wilson,jessica.wilson7900@example.com,North,2021-09-23
C03826,John Rodriguez,john.rodriguez1634@example.com,West,2023-07-25
C03827,Patricia Wilson,patricia.wilson3956@example.com,East,2021-02-26
C03828,Sarah Martin,sarah.martin5254@example.com,South,2023-12-20
C03829,Barbara Williams,barbara.williams1805@example.com,Central,2022-06-27
C03830,Elizabeth Lopez,elizabeth.lopez4253@example.com,West,2021-10-18
C03831,Karen Gonzalez,karen.gonzalez5639@example.com,North,2023-07-18
C03832,Susan Thomas,susan.thomas1283@example.com,West,2021-08-27
C03833,Thomas Taylor,thomas.taylor6804@example.com,West,2022-12-27
C03834,Richard Brown,richard.brown2204@example.com,West,2023-06-22
C03835,Sarah Davis,sarah.davis414@example.com,West,2021-07-21
C03836,Michael Moore,michael.moore8598@example.com,East,2021-04-06
C03837,Jennifer Jones,jennifer.jones3563@example.com,East,2021-05-21
C03838,Elizabeth Martinez,elizabeth.martinez6406@example.com,South,2022-02-24
C03839,Michael Smith,michael.smith4864@example.com,North,2023-07-26
C03840,Susan Brown,susan.brown4886@example.com,North,2022-08-29
C03841,Thomas Davis,thomas.davis1847@example.com,Central,2022-03-01
C03842,Susan Rodriguez,,East,2023-02-12
C03843,Sarah Jackson,sarah.jackson6349@example.com,West,2022-03-20
C03844,Richard Moore,richard.moore9155@example.com,,2022-07-24
C03845,Sarah Davis,sarah.davis7970@example.com,South,2022-04-10
C03846,John Lopez,john.lopez9448@example.com,South,2021-08-21
C03847,Jennifer Thomas,jennifer.thomas945@example.com,Central,2021-05-12
C03848,Mary Rodriguez,mary.rodriguez818@example.com,South,2021-06-17
C03849,Sarah Anderson,sarah.anderson2791@example.com,South,2021-09-12
C03850,Thomas Miller,thomas.miller335@example.com,North,2023-04-01
C03851,Mary Thomas,mary.thomas5484@example.com,Central,2023-12-03
C03852,William Jackson,william.jackson7817@example.com,Central,2021-04-27
C03853,David Garcia,david.garcia2209@example.com,North,2023-04-19
C03854,David Wilson,david.wilson5832@example.com,North,2021-07-28
C03855,James Wilson,james.wilson1262@example.com,East,2022-05-14
C03856,Patricia Wilson,patricia.wilson3279@example.com,South,2023-01-21
C03857,Barbara Anderson,barbara.anderson2917@example.com,West,2022-09-17
C03858,Karen Wilson,karen.wilson3571@example.com,Central,2021-07-01
C03859,Charles Miller,charles.miller8611@example.com,Central,2021-04-20
C03860,Richard Taylor,richard.taylor2732@example.com,North,2021-01-27
C03861,Jessica Williams,jessica.williams6980@example.com,East,2021-12-18
C03862,Patricia Gonzalez,patricia.gonzalez3635@example.com,South,2021-09-04
C03863,Linda Williams,linda.williams7704@example.com,Central,2021-03-17
C03864,Mary Martinez,mary.martinez9865@example.com,South,2021-12-01
C03865,Karen Lopez,karen.lopez4848@example.com,East,2022-12-01
C03866,Susan Davis,susan.davis9793@example.com,Central,2021-09-11
C03867,Robert Thomas,robert.thomas4563@example.com,South,2021-11-12
C03868,Robert Hernandez,robert.hernandez5604@example.com,East,2022-01-13
C03869,David Moore,david.moore1094@example.com,East,2023-05-13
C03870,Jennifer Brown,jennifer.brown2986@example.com,West,2021-09-06
C03871,Sarah Gonzalez,sarah.gonzalez3822@example.com,East,2021-07-20
C03872,Michael Moore,michael.moore4124@example.com,North,2022-03-22
C03873,Mary Martin,,West,2023-12-04
C03874,David Martin,david.martin756@example.com,West,2022-09-19
C03875,Barbara Jackson,barbara.jackson8821@example.com,East,2021-03-07
C03876,Sarah Martin,sarah.martin9919@example.com,North,2022-01-21
C03877,David Williams,david.williams6858@example.com,North,2022-02-27
C03878,Michael Martin,michael.martin7709@example.com,West,2023-09-07
C03879,Robert Brown,robert.brown7846@example.com,East,2022-01-05
C03880,Elizabeth Jones,elizabeth.jones2813@example.com,East,2023-12-12
C03881,Linda Johnson,linda.johnson6747@example.com,South,2022-04-26
C03882,Susan Hernandez,susan.hernandez5056@example.com,North,2021-07-24
C03883,Elizabeth Martinez,elizabeth.martinez4399@example.com,Central,2022-07-09
C03884,Robert Smith,robert.smith2578@example.com,South,2023-01-24
C03885,James Martin,james.martin5041@example.com,East,2021-07-06
C03886,Patricia Taylor,patricia.taylor6977@example.com,East,2022-07-16
C03887,James Martin,james.martin9437@example.com,East,2022-01-30
C03888,Karen Moore,karen.moore1065@example.com,West,2022-09-30
C03889,Robert Martinez,robert.martinez5322@example.com,Central,2022-01-02
C03890,Richard Williams,,South,2022-10-17
C03891,Karen Rodriguez,karen.rodriguez2970@example.com,Central,2021-03-14
C03892,Jennifer Davis,jennifer.davis7869@example.com,West,2023-05-18
C03893,Karen Garcia,karen.garcia2751@example.com,South,2023-02-25
C03894,John Jackson,john.jackson4097@example.com,North,2022-01-28
C03895,Karen Smith,karen.smith3777@example.com,East,2021-11-01
C03896,Elizabeth Smith,elizabeth.smith6203@example.com,South,2022-01-20
C03897,William Wilson,william.wilson3135@example.com,East,2022-04-17
C03898,Linda Rodriguez,linda.rodriguez3420@example.com,North,2023-12-15
C03899,Richard Wilson,richard.wilson4169@example.com,Central,2023-01-12
C03900,Elizabeth Garcia,elizabeth.garcia4658@example.com,Central,2021-10-01
C03901,Sarah Hernandez,,East,2021-02-14
C03902,Charles Lopez,charles.lopez2673@example.com,Central,2023-12-08
C03903,Karen Lopez,karen.lopez9975@example.com,West,2021-01-17
C03904,Linda Jackson,linda.jackson6995@example.com,Central,2023-05-15
C03905,Elizabeth Hernandez,elizabeth.hernandez3433@example.com,North,2023-08-22
C03906,Richard Hernandez,richard.hernandez735@example.com,North,2023-12-08
C03907,Michael Smith,michael.smith617@example.com,Central,2021-10-07
C03908,Sarah Taylor,sarah.taylor7461@example.com,East,2023-04-04
C03909,Richard Taylor,richard.taylor7105@example.com,Central,2022-06-13
C03910,Joseph Smith,joseph.smith6695@example.com,West,2021-02-15
C03911,Susan Jackson,susan.jackson844@example.com,East,2021-06-18
C03912,John Smith,john.smith3521@example.com,East,2023-07-07
C03913,Patricia Hernandez,patricia.hernandez6426@example.com,East,2022-10-30
C03914,James Hernandez,james.hernandez1255@example.com,Central,2021-02-10
C03915,Patricia Gonzalez,patricia.gonzalez8052@example.com,East,2022-01-06
C03916,Michael Martinez,michael.martinez3400@example.com,East,2023-06-10
C03917,Charles Taylor,,East,2021-02-04
C03918,David Wilson,david.wilson6694@example.com,Central,2022-04-15
C03919,Jessica Hernandez,jessica.hernandez5094@example.com,East,2023-06-10
C03920,John Thomas,john.thomas8800@example.com,East,2021-09-12
C03921,Elizabeth Johnson,elizabeth.johnson2131@example.com,South,2023-10-02
C03922,Susan Garcia,susan.garcia6167@example.com,East,2021-05-27
C03923,Susan Davis,susan.davis8476@example.com,Central,2023-04-14
C03924,Sarah Johnson,sarah.johnson6314@example.com,Central,2021-02-08
C03925,John Smith,john.smith1302@example.com,South,2023-02-12
C03926,Karen Hernandez,karen.hernandez1378@example.com,Central,2021-01-04
C03927,Elizabeth Taylor,elizabeth.taylor6044@example.com,West,2023-12-10
C03928,Richard Thomas,richard.thomas800@example.com,West,2021-10-28
C03929,Mary Miller,mary.miller6922@example.com,East,2022-03-09
C03930,Karen Rodriguez,karen.rodriguez6603@example.com,Central,2022-05-16
C03931,Linda Brown,linda.brown8802@example.com,South,2023-01-30
C03932,Joseph Wilson,joseph.wilson1455@example.com,North,2022-03-27
C03933,Patricia Anderson,patricia.anderson4940@example.com,East,2023-05-27
C03934,Jennifer Wilson,jennifer.wilson2227@example.com,West,2022-10-04
C03935,Mary Taylor,mary.taylor9082@example.com,Central,2023-10-13
C03936,William Thomas,william.thomas6134@example.com,East,2022-08-08
C03937,Thomas Hernandez,thomas.hernandez2267@example.com,South,2023-07-31
C03938,William Smith,william.smith3933@example.com,West,2023-09-01
C03939,Elizabeth Smith,elizabeth.smith4345@example.com,North,2023-09-11
C03940,Susan Anderson,susan.anderson5812@example.com,Central,2022-02-14
C03941,Elizabeth Williams,elizabeth.williams1246@example.com,West,2022-03-02
C03942,Mary Martin,mary.martin9640@example.com,North,2021-04-06
C03943,Charles Rodriguez,charles.rodriguez549@example.com,East,2023-11-03
C03944,Robert Davis,robert.davis4760@example.com,East,2022-11-15
C03945,Susan Lopez,susan.lopez4031@example.com,South,2021-09-24
C03946,Susan Wilson,susan.wilson523@example.com,North,2021-03-17
C03947,William Anderson,william.anderson474@example.com,Central,2021-05-24
C03948,Mary Davis,mary.davis5041@example.com,East,2021-06-09
C03949,John Martin,john.martin9796@example.com,Central,2022-10-06
C03950,John Williams,john.williams8973@example.com,East,2023-07-07
C03951,William Gonzalez,william.gonzalez6986@example.com,East,2023-05-21
C03952,John Taylor,john.taylor6691@example.com,North,2023-08-04
C03953,Charles Wilson,charles.wilson6552@example.com,West,2021-10-29
C03954,Karen Smith,karen.smith6110@example.com,East,2023-02-07
C03955,James Taylor,james.taylor1111@example.com,South,2022-04-20
C03956,James Garcia,james.garcia9409@example.com,West,2022-08-09
C03957,James Hernandez,james.hernandez4559@example.com,South,2023-05-15
C03958,Jennifer Jones,jennifer.jones1100@example.com,East,2021-06-30
C03959,Sarah Gonzalez,,West,2022-05-14
C03960,Michael Moore,michael.moore9680@example.com,East,2023-10-22
C03961,David Garcia,david.garcia4279@example.com,East,2021-01-06
C03962,Michael Hernandez,michael.hernandez9924@example.com,,2021-12-07
C03963,Linda Taylor,linda.taylor7879@example.com,East,2023-04-13
C03964,Susan Martinez,susan.martinez8142@example.com,North,2022-02-21
C03965,Barbara Williams,barbara.williams8282@example.com,North,2023-11-19
C03966,Barbara Miller,barbara.miller4384@example.com,West,2021-06-10
C03967,Barbara Miller,barbara.miller8639@example.com,East,2021-09-01
C03968,Jessica Moore,jessica.moore9869@example.com,Central,2021-04-29
C03969,Charles Taylor,charles.taylor4974@example.com,North,2023-02-08
C03970,David Lopez,david.lopez8501@example.com,North,2022-12-08
C03971,Karen Garcia,karen.garcia3525@example.com,North,2022-09-30
C03972,Sarah Jackson,sarah.jackson1503@example.com,North,2022-02-06
C03973,Sarah Williams,sarah.williams4231@example.com,South,2021-12-21
C03974,Elizabeth Garcia,elizabeth.garcia1685@example.com,East,2022-05-11
C03975,Mary Jackson,mary.jackson1665@example.com,Central,2023-08-26
C03976,Michael Martinez,michael.martinez1486@example.com,East,2021-06-30
C03977,Michael Davis,michael.davis1374@example.com,East,2021-04-21
C03978,John Hernandez,,North,2022-08-31
C03979,James Anderson,james.anderson7225@example.com,North,2023-04-15
C03980,Barbara Martin,barbara.martin8996@example.com,East,2023-04-14
C03981,Susan Davis,susan.davis5005@example.com,East,2022-01-12
C03982,Karen Jackson,karen.jackson1611@example.com,Central,2022-07-01
C03983,David Jones,david.jones903@example.com,North,2021-07-30
C03984,James Wilson,james.wilson1715@example.com,West,2023-02-19
C03985,Karen Williams,karen.williams283@example.com,Central,2021-11-24
C03986,William Jones,william.jones2024@example.com,South,2023-10-29
C03987,Robert Jones,robert.jones1372@example.com,West,2023-04-04
C03988,Jennifer Gonzalez,jennifer.gonzalez9314@example.com,South,2022-02-01
C03989,William Thomas,william.thomas9387@example.com,North,2021-01-23
C03990,Barbara Jackson,barbara.jackson3775@example.com,East,2021-09-29
C03991,Sarah Anderson,sarah.anderson806@example.com,South,2021-04-06
C03992,Joseph Rodriguez,joseph.rodriguez9157@example.com,West,2022-06-05
C03993,Michael Moore,michael.moore7588@example.com,South,2021-06-30
C03994,Elizabeth Hernandez,elizabeth.hernandez3052@example.com,North,2023-11-15
C03995,James Jones,james.jones8455@example.com,West,2021-02-28
C03996,Jennifer Garcia,,East,2023-09-05
C03997,William Anderson,william.anderson6540@example.com,Central,2021-03-27
C03998,Charles Smith,charles.smith4214@example.com,Central,2023-11-01
C03999,David Wilson,david.wilson6425@example.com,East,2021-07-12
C04000,Richard Hernandez,richard.hernandez5807@example.com,South,2023-10-05
C04001,Thomas Taylor,thomas.taylor8364@example.com,West,2022-05-02
C04002,John Miller,john.miller6380@example.com,North,2021-09-20
C04003,Robert Jackson,robert.jackson378@example.com,North,2022-02-01
C04004,Sarah Gonzalez,sarah.gonzalez150@example.com,West,2022-07-22
C04005,Joseph Williams,joseph.williams9461@example.com,South,2022-03-01
C04006,David Brown,david.brown4201@example.com,Central,2022-10-23
C04007,Linda Moore,linda.moore2761@example.com,Central,2021-05-31
C04008,Charles Brown,charles.brown4254@example.com,Central,2023-01-11
C04009,Linda Martinez,linda.martinez7218@example.com,South,2021-07-10
C04010,Susan Thomas,susan.thomas3524@example.com,Central,2022-03-29
C04011,Robert Gonzalez,,Central,2023-11-12
C04012,Thomas Gonzalez,thomas.gonzalez8663@example.com,West,2022-11-11
C04013,Richard Jones,richard.jones9716@example.com,East,2022-01-16
C04014,Jennifer Taylor,jennifer.taylor2700@example.com,North,2021-08-15
C04015,Thomas Miller,thomas.miller2528@example.com,South,2023-11-11
C04016,Thomas Hernandez,thomas.hernandez6998@example.com,East,2023-05-16
C04017,Jessica Wilson,jessica.wilson8114@example.com,Central,2022-07-25
C04018,David Moore,david.moore3585@example.com,East,2022-10-29
C04019,Charles Thomas,charles.thomas5485@example.com,South,2022-02-15
C04020,John Thomas,john.thomas5282@example.com,East,2021-11-21
C04021,Thomas Martin,thomas.martin8005@example.com,West,2021-06-28
C04022,John Martinez,john.martinez8628@example.com,South,2022-10-24
C04023,Patricia Brown,patricia.brown8078@example.com,East,2023-04-13
C04024,Barbara Hernandez,barbara.hernandez1179@example.com,West,2021-08-17
C04025,Karen Gonzalez,karen.gonzalez7219@example.com,West,2021-01-17
C04026,Mary Jackson,mary.jackson3385@example.com,Central,2021-05-05
C04027,Patricia Gonzalez,patricia.gonzalez3141@example.com,North,2022-11-02
C04028,Charles Thomas,charles.thomas2544@example.com,East,2023-12-10
C04029,William Moore,william.moore3523@example.com,Central,2023-02-21
C04030,Susan Moore,susan.moore800@example.com,Central,2023-06-12
C04031,Mary Williams,mary.williams8293@example.com,,2022-02-22
C04032,Michael Martinez,,East,2023-06-18
C04033,Linda Lopez,linda.lopez8635@example.com,West,2022-12-10
C04034,David Rodriguez,david.rodriguez4466@example.com,North,2021-11-12
C04035,Richard Johnson,richard.johnson7167@example.com,East,2023-04-06
C04036,Robert Thomas,robert.thomas2229@example.com,East,2023-03-21
C04037,Elizabeth Martin,elizabeth.martin9395@example.com,Central,2023-12-23
C04038,Barbara Wilson,barbara.wilson7282@example.com,South,2023-01-17
C04039,Mary Garcia,mary.garcia1401@example.com,East,2022-03-22
C04040,Sarah Davis,sarah.davis322@example.com,West,2022-10-18
C04041,Sarah Jones,sarah.jones1464@example.com,West,2022-06-17
C04042,Michael Martin,michael.martin6075@example.com,Central,2023-03-21
C04043,James Anderson,james.anderson9195@example.com,North,2022-12-05
C04044,John Jackson,john.jackson9331@example.com,Central,2023-07-24
C04045,Jessica Lopez,jessica.lopez6068@example.com,Central,2022-07-22
C04046,Elizabeth Brown,elizabeth.brown5027@example.com,South,2021-07-25
C04047,Susan Rodriguez,susan.rodriguez8872@example.com,South,2022-11-20
C04048,Charles Thomas,charles.thomas4459@example.com,West,2022-10-16
C04049,Charles Johnson,,East,2022-06-24
C04050,Michael Martinez,michael.martinez3648@example.com,West,2023-10-06
C04051,Patricia Hernandez,patricia.hernandez6727@example.com,South,2021-01-06
C04052,Charles Rodriguez,charles.rodriguez881@example.com,South,2021-08-19
C04053,Barbara Miller,barbara.miller5898@example.com,West,2021-04-15
C04054,Mary Brown,mary.brown2017@example.com,East,2022-04-14
C04055,Elizabeth Martin,elizabeth.martin4307@example.com,North,2022-06-22
C04056,Sarah Thomas,sarah.thomas2188@example.com,East,2023-10-22
C04057,David Gonzalez,david.gonzalez4171@example.com,East,2023-09-27
C04058,Elizabeth Brown,elizabeth.brown6448@example.com,East,2022-10-06
C04059,Robert Davis,robert.davis2369@example.com,East,2021-02-06
C04060,Charles Lopez,charles.lopez7963@example.com,East,2023-01-12
C04061,Thomas Brown,thomas.brown6698@example.com,South,2023-12-24
C04062,William Brown,william.brown3169@example.com,South,2022-09-11
C04063,Joseph Smith,,North,2023-06-30
C04064,Patricia Rodriguez,patricia.rodriguez8073@example.com,West,2022-05-18
C04065,Elizabeth Brown,elizabeth.brown9110@example.com,East,2021-03-27
C04066,Thomas Miller,thomas.miller8181@example.com,East,2023-04-05
C04067,Mary Brown,,Central,2021-07-26
C04068,James Williams,james.williams7539@example.com,North,2021-03-22
C04069,Patricia Anderson,patricia.anderson578@example.com,West,2022-07-07
C04070,Charles Johnson,charles.johnson8010@example.com,Central,2023-12-20
C04071,David Hernandez,david.hernandez1604@example.com,South,2023-01-18
C04072,Charles Davis,charles.davis9006@example.com,Central,2023-04-03
C04073,Linda Lopez,linda.lopez3244@example.com,West,2023-01-24
C04074,Barbara Taylor,barbara.taylor9738@example.com,West,2021-09-20
C04075,Robert Moore,robert.moore8821@example.com,North,2022-04-18
C04076,Barbara Brown,barbara.brown3177@example.com,North,2021-04-07
C04077,Karen Anderson,karen.anderson5078@example.com,East,2022-04-10
C04078,Susan Gonzalez,susan.gonzalez3687@example.com,Central,2021-05-09
C04079,William Taylor,william.taylor367@example.com,North,2023-07-24
C04080,Linda Lopez,linda.lopez7160@example.com,Central,2023-03-10
C04081,James Taylor,james.taylor2853@example.com,East,2023-05-01
C04082,Linda Thomas,linda.thomas9688@example.com,North,2023-11-04
C04083,Thomas Gonzalez,thomas.gonzalez7032@example.com,North,2021-09-16
C04084,Robert Miller,robert.miller2724@example.com,South,2021-11-22
C04085,Richard Williams,richard.williams1773@example.com,Central,2021-10-28
C04086,David Martin,david.martin5016@example.com,East,2022-06-25
C04087,William Gonzalez,william.gonzalez6100@example.com,South,2022-10-12
C04088,William Martinez,william.martinez1252@example.com,North,2023-12-27
C04089,David Williams,david.williams3504@example.com,West,2021-02-07
C04090,David Jones,david.jones950@example.com,Central,2022-03-20
C04091,Joseph Wilson,joseph.wilson8405@example.com,North,2022-07-27
C04092,Jessica Williams,jessica.williams4263@example.com,South,2021-06-02
C04093,William Taylor,william.taylor3995@example.com,East,2021-05-03
C04094,Patricia Brown,patricia.brown3025@example.com,Central,2023-03-09
C04095,James Miller,james.miller27@example.com,West,2023-08-18
C04096,Jessica Johnson,,West,2023-09-17
C04097,Susan Brown,susan.brown8905@example.com,West,2023-02-04
C04098,James Thomas,james.thomas6899@example.com,North,2022-01-15
C04099,Patricia Thomas,patricia.thomas2414@example.com,Central,2023-11-24
C04100,Richard Moore,richard.moore809@example.com,North,2022-04-01
C04101,Mary Davis,mary.davis2652@example.com,East,2023-04-01
C04102,William Martin,william.martin7036@example.com,North,2021-06-20
C04103,Richard Johnson,richard.johnson5291@example.com,South,2021-02-11
C04104,Richard Rodriguez,,Central,2023-09-24
C04105,James Davis,james.davis4889@example.com,North,2023-07-12
C04106,Mary Brown,mary.brown9050@example.com,East,2021-07-24
C04107,Michael Gonzalez,michael.gonzalez8927@example.com,West,2021-01-23
C04108,Joseph Rodriguez,joseph.rodriguez2870@example.com,East,2021-05-18
C04109,Karen Davis,karen.davis6521@example.com,East,2023-04-03
C04110,James Jones,james.jones2855@example.com,Central,2021-02-21
C04111,Sarah Taylor,sarah.taylor7463@example.com,East,2021-10-17
C04112,Karen Davis,karen.davis3261@example.com,East,2023-10-29
C04113,Elizabeth Miller,,East,2022-10-31
C04114,John Thomas,john.thomas5104@example.com,East,2022-03-22
C04115,Barbara Brown,barbara.brown426@example.com,North,2021-07-01
C04116,Robert Moore,robert.moore4007@example.com,Central,2023-11-18
C04117,Charles Thomas,charles.thomas9278@example.com,South,2023-07-19
C04118,Patricia Thomas,patricia.thomas8077@example.com,West,2022-01-29
C04119,Mary Lopez,mary.lopez6731@example.com,North,2022-09-14
C04120,John Jones,john.jones4156@example.com,,2021-07-10
C04121,Richard Rodriguez,richard.rodriguez8862@example.com,Central,2022-03-04
C04122,Linda Anderson,linda.anderson6311@example.com,North,2023-07-18
C04123,Richard Anderson,richard.anderson7616@example.com,West,2021-01-20
C04124,Richard Rodriguez,richard.rodriguez3678@example.com,Central,2023-07-21
C04125,Linda Williams,linda.williams7741@example.com,North,2021-12-29
C04126,William Jackson,william.jackson6885@example.com,West,2023-10-21
C04127,William Hernandez,william.hernandez1906@example.com,East,2023-12-29
C04128,Mary Jackson,mary.jackson4973@example.com,West,2022-03-21
C04129,Patricia Moore,patricia.moore1520@example.com,,2022-11-30
C04130,Elizabeth Garcia,elizabeth.garcia7925@example.com,Central,2023-01-08
C04131,Charles Martinez,charles.martinez7821@example.com,North,2021-04-15
C04132,Jessica Jackson,jessica.jackson7745@example.com,West,2022-12-21
C04133,Susan Hernandez,susan.hernandez7559@example.com,Central,2021-11-07
C04134,Jennifer Gonzalez,jennifer.gonzalez9448@example.com,Central,2021-02-20
C04135,Michael Jackson,michael.jackson171@example.com,East,2023-02-18
C04136,Thomas Lopez,,West,2022-01-08
C04137,Susan Williams,susan.williams3580@example.com,West,2023-09-03
C04138,Mary Martin,mary.martin7256@example.com,West,2023-02-07
C04139,Joseph Johnson,joseph.johnson3361@example.com,West,2022-04-02
C04140,Jessica Anderson,jessica.anderson9655@example.com,West,2021-06-24
C04141,Mary Anderson,mary.anderson3906@example.com,North,2023-05-10
C04142,Jennifer Garcia,jennifer.garcia533@example.com,South,2021-12-02
C04143,Linda Miller,linda.miller3963@example.com,South,2022-04-16
C04144,William Rodriguez,,West,2021-02-26
C04145,Richard Jackson,richard.jackson4237@example.com,North,2022-12-06
C04146,Robert Miller,robert.miller5588@example.com,West,2021-10-15
C04147,Karen Martinez,karen.martinez1481@example.com,East,2021-04-10
C04148,Mary Gonzalez,mary.gonzalez4341@example.com,Central,2023-12-25
C04149,Jessica Hernandez,jessica.hernandez4021@example.com,Central,2023-12-02
C04150,James Rodriguez,james.rodriguez2732@example.com,East,2023-12-21
C04151,James Hernandez,james.hernandez4057@example.com,West,2022-09-12
C04152,Robert Lopez,robert.lopez5457@example.com,West,2023-05-19
C04153,Sarah Taylor,sarah.taylor7318@example.com,North,2021-03-28
C04154,Linda Jackson,linda.jackson2131@example.com,South,2023-09-12
C04155,Mary Williams,mary.williams5342@example.com,West,2021-09-27
C04156,Sarah Thomas,sarah.thomas9272@example.com,West,2023-11-30
C04157,Jessica Miller,jessica.miller1250@example.com,South,2023-01-12
C04158,Susan Garcia,susan.garcia9442@example.com,West,2023-03-15
C04159,Elizabeth Martinez,elizabeth.martinez1882@example.com,South,2022-01-10
C04160,Sarah Moore,,,2021-06-10
C04161,Mary Garcia,mary.garcia8636@example.com,East,2021-11-04
C04162,James Jones,james.jones2609@example.com,North,2023-09-29
C04163,Barbara Martinez,barbara.martinez6006@example.com,North,2023-12-22
C04164,Jessica Martin,jessica.martin2253@example.com,North,2022-07-06
C04165,Richard Wilson,richard.wilson2157@example.com,East,2021-02-06
C04166,Patricia Lopez,patricia.lopez2804@example.com,Central,2022-07-19
C04167,Jennifer Johnson,jennifer.johnson3766@example.com,West,2022-12-01
C04168,Elizabeth Moore,elizabeth.moore3091@example.com,Central,2023-11-06
C04169,Jessica Jones,jessica.jones3898@example.com,South,2021-01-22
C04170,Susan Johnson,susan.johnson1441@example.com,East,2021-11-11
C04171,Linda Jones,linda.jones6576@example.com,East,2023-12-25
C04172,David Taylor,david.taylor1634@example.com,,2023-01-18
C04173,Mary Brown,mary.brown9266@example.com,Central,2023-09-17
C04174,Robert Smith,robert.smith2116@example.com,Central,2021-09-02
C04175,Sarah Jones,sarah.jones9007@example.com,East,2022-04-10
C04176,Robert Jackson,robert.jackson7373@example.com,East,2022-02-09
C04177,Jessica Jackson,jessica.jackson5579@example.com,Central,2022-12-05
C04178,Sarah Lopez,sarah.lopez5288@example.com,North,2022-03-09
C04179,Karen Anderson,karen.anderson1365@example.com,South,2023-08-14
C04180,David Anderson,david.anderson4960@example.com,North,2022-09-27
C04181,Jennifer Martinez,jennifer.martinez9197@example.com,South,2021-11-21
C04182,Richard Jones,richard.jones5667@example.com,Central,2022-05-02
C04183,John Garcia,john.garcia4922@example.com,West,2022-04-28
C04184,Susan Anderson,susan.anderson7865@example.com,East,2022-09-19
C04185,Michael Hernandez,michael.hernandez4986@example.com,West,2021-12-04
C04186,Karen Gonzalez,karen.gonzalez5930@example.com,East,2022-09-22
C04187,Linda Taylor,linda.taylor705@example.com,Central,2021-04-07
C04188,Linda Rodriguez,linda.rodriguez8749@example.com,East,2023-08-23
C04189,Charles Wilson,charles.wilson829@example.com,North,2021-01-20
C04190,Karen Williams,karen.williams6865@example.com,West,2023-05-01
C04191,Robert Martinez,robert.martinez2750@example.com,South,2022-06-20
C04192,Karen Jones,karen.jones542@example.com,Central,2021-06-23
C04193,William Johnson,william.johnson1643@example.com,South,2021-08-11
C04194,Patricia Anderson,patricia.anderson3021@example.com,West,2021-05-15
C04195,William Thomas,william.thomas5379@example.com,North,2021-05-15
C04196,Thomas Rodriguez,thomas.rodriguez2063@example.com,South,2022-11-07
C04197,Karen Taylor,karen.taylor4472@example.com,East,2022-05-12
C04198,David Martin,david.martin6837@example.com,West,2021-06-18
C04199,Barbara Davis,,South,2021-12-01
C04200,Elizabeth Anderson,elizabeth.anderson3872@example.com,North,2022-02-20
C04201,Robert Martin,,North,2021-04-24
C04202,Susan Martinez,susan.martinez7427@example.com,East,2023-07-14
C04203,Thomas Thomas,thomas.thomas4087@example.com,East,2021-04-18
C04204,Elizabeth Garcia,elizabeth.garcia4073@example.com,Central,2021-10-22
C04205,Mary Wilson,mary.wilson7257@example.com,East,2022-04-06
C04206,Karen Miller,karen.miller5010@example.com,Central,2021-02-09
C04207,William Hernandez,william.hernandez3474@example.com,Central,2022-12-12
C04208,Jennifer Taylor,jennifer.taylor7681@example.com,South,2022-02-10
C04209,Linda Taylor,linda.taylor1616@example.com,,2023-09-13
C04210,Linda Rodriguez,linda.rodriguez5577@example.com,South,2022-04-17
C04211,Susan Martinez,susan.martinez1663@example.com,South,2023-09-02
C04212,William Smith,william.smith9340@example.com,South,2023-07-29
C04213,Jennifer Johnson,jennifer.johnson3961@example.com,North,2021-05-29
C04214,Richard Johnson,richard.johnson2057@example.com,South,2021-02-28
C04215,Jessica Williams,jessica.williams5991@example.com,East,2023-10-19
C04216,Mary Jackson,mary.jackson4371@example.com,North,2021-11-08
C04217,Elizabeth Hernandez,elizabeth.hernandez6444@example.com,North,2021-11-17
C04218,Barbara Lopez,barbara.lopez1436@example.com,South,2021-03-14
C04219,Jessica Taylor,jessica.taylor1235@example.com,South,2022-12-09
C04220,James Lopez,james.lopez3658@example.com,East,2022-06-05
C04221,John Martin,john.martin7708@example.com,West,2022-10-06
C04222,Barbara Thomas,barbara.thomas1987@example.com,West,2022-04-18
C04223,Jennifer Taylor,jennifer.taylor2154@example.com,West,2023-06-01
C04224,Patricia Wilson,patricia.wilson2198@example.com,North,2023-01-17
C04225,Susan Davis,susan.davis5177@example.com,North,2021-05-30
C04226,David Johnson,david.johnson4738@example.com,East,2023-03-01
C04227,Thomas Lopez,thomas.lopez6882@example.com,West,2022-09-19
C04228,Michael Miller,,Central,2021-03-19
C04229,Patricia Johnson,patricia.johnson1289@example.com,West,2021-04-13
C04230,Michael Martin,michael.martin2438@example.com,Central,2021-07-21
C04231,Sarah Martin,,West,2023-03-02
C04232,Linda Moore,linda.moore8569@example.com,Central,2022-12-23
C04233,John Taylor,john.taylor5788@example.com,Central,2022-12-19
C04234,Mary Jackson,mary.jackson6256@example.com,West,2021-11-25
C04235,Richard Thomas,richard.thomas2886@example.com,North,2021-11-16
C04236,Jessica Garcia,jessica.garcia30@example.com,Central,2022-08-18
C04237,Joseph Jones,joseph.jones3165@example.com,East,2021-02-06
C04238,Joseph Taylor,joseph.taylor3659@example.com,North,2022-03-31
C04239,Mary Gonzalez,mary.gonzalez9891@example.com,Central,2023-01-31
C04240,Patricia Rodriguez,patricia.rodriguez5680@example.com,Central,2023-04-24
C04241,Joseph Williams,joseph.williams4264@example.com,East,2023-06-10
C04242,Richard Taylor,richard.taylor8440@example.com,West,2022-11-23
C04243,Jessica Brown,jessica.brown1377@example.com,East,2022-12-21
C04244,Karen Lopez,karen.lopez6590@example.com,East,2021-07-03
C04245,Thomas Johnson,thomas.johnson7191@example.com,,2021-03-08
C04246,Robert Lopez,robert.lopez8672@example.com,East,2022-03-15
C04247,Linda Thomas,linda.thomas7813@example.com,,2022-02-14
C04248,Patricia Gonzalez,patricia.gonzalez8113@example.com,West,2021-11-26
C04249,Susan Brown,susan.brown6082@example.com,West,2021-01-26
C04250,Patricia Jones,patricia.jones4303@example.com,South,2022-08-18
C04251,David Hernandez,david.hernandez390@example.com,East,2021-03-06
C04252,Thomas Johnson,thomas.johnson9234@example.com,Central,2023-10-13
C04253,Richard Anderson,richard.anderson3882@example.com,West,2023-02-13
C04254,Patricia Gonzalez,,East,2022-03-27
C04255,Mary Smith,mary.smith491@example.com,East,2021-11-19
C04256,Karen Martinez,karen.martinez3704@example.com,West,2022-07-24
C04257,Patricia Anderson,patricia.anderson9309@example.com,West,2022-07-10
C04258,Susan Gonzalez,susan.gonzalez2501@example.com,West,2023-01-06
C04259,Patricia Taylor,patricia.taylor9923@example.com,South,2021-11-14
C04260,Joseph Hernandez,joseph.hernandez6623@example.com,South,2021-03-18
C04261,Robert Davis,,West,2023-07-14
C04262,Patricia Garcia,patricia.garcia5889@example.com,East,2021-03-31
C04263,William Brown,william.brown8464@example.com,South,2023-11-05
C04264,James Hernandez,james.hernandez1138@example.com,West,2021-08-24
C04265,Jennifer Miller,jennifer.miller9489@example.com,Central,2022-07-19
C04266,Jessica Martin,jessica.martin552@example.com,West,2023-05-03
C04267,John Hernandez,john.hernandez2303@example.com,Central,2022-08-01
C04268,Elizabeth Martinez,,South,2022-06-16
C04269,Sarah Jones,sarah.jones4114@example.com,West,2021-05-25
C04270,Linda Anderson,linda.anderson3846@example.com,East,2022-04-09
C04271,John Brown,,South,2023-02-19
C04272,Charles Brown,charles.brown4319@example.com,Central,2023-04-18
C04273,James Gonzalez,,West,2021-07-09
C04274,Thomas Jackson,thomas.jackson2034@example.com,Central,2021-09-14
C04275,David Gonzalez,david.gonzalez9819@example.com,East,2023-04-19
C04276,Sarah Moore,sarah.moore3464@example.com,North,2021-06-10
C04277,William Williams,william.williams3245@example.com,Central,2021-08-01
C04278,Elizabeth Smith,elizabeth.smith5601@example.com,South,2021-08-26
C04279,Joseph Jackson,joseph.jackson37@example.com,West,2023-01-10
C04280,Susan Smith,susan.smith9381@example.com,North,2023-03-03
C04281,Joseph Brown,joseph.brown4849@example.com,Central,2022-03-12
C04282,John Smith,john.smith3243@example.com,East,2023-03-10
C04283,William Hernandez,william.hernandez7763@example.com,South,2023-08-26
C04284,Karen Rodriguez,karen.rodriguez896@example.com,East,2022-03-16
C04285,Joseph Rodriguez,joseph.rodriguez4232@example.com,Central,2023-12-12
C04286,Joseph Smith,joseph.smith9901@example.com,South,2022-04-14
C04287,Richard Martin,richard.martin4734@example.com,West,2021-05-26
C04288,James Gonzalez,james.gonzalez278@example.com,West,2023-07-13
C04289,Barbara Davis,barbara.davis1071@example.com,Central,2023-09-29
C04290,Richard Davis,richard.davis1436@example.com,North,2023-12-30
C04291,Karen Gonzalez,karen.gonzalez5445@example.com,North,2022-04-08
C04292,Richard Johnson,richard.johnson6366@example.com,North,2023-06-22
C04293,Elizabeth Taylor,elizabeth.taylor6554@example.com,East,2023-02-15
C04294,Charles Taylor,charles.taylor9682@example.com,East,2023-08-16
C04295,James Davis,james.davis6641@example.com,North,2023-07-23
C04296,Joseph Smith,joseph.smith1177@example.com,South,2022-10-04
C04297,Charles Martinez,charles.martinez9757@example.com,South,2021-03-17
C04298,Joseph Taylor,joseph.taylor1692@example.com,North,2023-05-17
C04299,Mary Johnson,mary.johnson4556@example.com,South,2022-07-03
C04300,Elizabeth Martinez,elizabeth.martinez1412@example.com,East,2023-05-17
C04301,Joseph Rodriguez,joseph.rodriguez3727@example.com,Central,2023-04-14
C04302,David Lopez,david.lopez2651@example.com,North,2021-02-24
C04303,Michael Davis,michael.davis5902@example.com,North,2021-04-24
C04304,Elizabeth Martin,elizabeth.martin9596@example.com,West,2022-12-14
C04305,Michael Gonzalez,michael.gonzalez1830@example.com,Central,2023-07-24
C04306,Linda Brown,linda.brown7446@example.com,Central,2023-05-26
C04307,Robert Rodriguez,robert.rodriguez8300@example.com,South,2022-02-06
C04308,Sarah Lopez,sarah.lopez8619@example.com,East,2022-05-14
C04309,Karen Jones,karen.jones7851@example.com,West,2021-07-09
C04310,William Williams,william.williams3956@example.com,South,2023-09-14
C04311,Karen Gonzalez,karen.gonzalez7215@example.com,,2023-01-16
C04312,Sarah Brown,sarah.brown7827@example.com,East,2021-09-14
C04313,Patricia Brown,patricia.brown6367@example.com,North,2022-01-20
C04314,Barbara Rodriguez,barbara.rodriguez6442@example.com,South,2023-07-07
C04315,James Brown,james.brown4850@example.com,East,2021-01-11
C04316,Linda Martin,linda.martin3889@example.com,South,2021-07-22
C04317,Sarah Gonzalez,sarah.gonzalez6514@example.com,Central,2023-01-12
C04318,David Jones,david.jones9902@example.com,North,2021-12-22
C04319,Richard Johnson,richard.johnson117@example.com,North,2021-08-16
C04320,Mary Williams,mary.williams5353@example.com,West,2023-07-31
C04321,Michael Moore,michael.moore4226@example.com,Central,2021-06-17
C04322,Robert Williams,,Central,2022-01-31
C04323,Thomas Martinez,thomas.martinez6152@example.com,Central,2023-04-10
C04324,Jessica Jones,jessica.jones3222@example.com,South,2022-06-25
C04325,William Taylor,william.taylor2046@example.com,West,2022-05-17
C04326,Susan Lopez,susan.lopez5194@example.com,North,2021-09-16
C04327,John Taylor,john.taylor8962@example.com,South,2022-03-13
C04328,John Taylor,john.taylor6515@example.com,North,2021-05-10
C04329,Linda Smith,linda.smith2549@example.com,East,2023-06-13
C04330,Karen Davis,karen.davis6940@example.com,East,2021-05-16
C04331,Susan Anderson,susan.anderson7120@example.com,South,2021-05-19
C04332,Charles Davis,charles.davis2944@example.com,South,2023-12-29
C04333,Robert Gonzalez,robert.gonzalez7442@example.com,South,2022-05-08
C04334,Joseph Jackson,joseph.jackson4261@example.com,Central,2021-12-05
C04335,Jennifer Hernandez,jennifer.hernandez3032@example.com,West,2022-06-13
C04336,Elizabeth Taylor,elizabeth.taylor4562@example.com,South,2023-05-30
C04337,Sarah Wilson,sarah.wilson8312@example.com,North,2022-04-01
C04338,Linda Johnson,linda.johnson6981@example.com,Central,2021-02-20
C04339,David Moore,david.moore8187@example.com,East,2022-12-14
C04340,Karen Johnson,karen.johnson6368@example.com,South,2023-12-23
C04341,Jessica Martin,jessica.martin855@example.com,East,2021-11-08
C04342,James Rodriguez,james.rodriguez6393@example.com,West,2023-04-25
C04343,Jennifer Gonzalez,jennifer.gonzalez6477@example.com,South,2022-10-26
C04344,Thomas Martinez,thomas.martinez1188@example.com,North,2022-10-17
C04345,Barbara Martin,barbara.martin9658@example.com,West,2022-04-11
C04346,Joseph Jackson,joseph.jackson3205@example.com,East,2022-10-09
C04347,Barbara Williams,barbara.williams9246@example.com,South,2023-07-14
C04348,William Williams,william.williams1205@example.com,South,2023-07-23
C04349,James Miller,james.miller8646@example.com,East,2023-08-07
C04350,Susan Brown,susan.brown1695@example.com,Central,2021-11-25
C04351,Michael Miller,michael.miller502@example.com,Central,2023-03-26
C04352,Linda Johnson,linda.johnson8326@example.com,Central,2022-06-02
C04353,Sarah Jones,sarah.jones8377@example.com,South,2021-03-22
C04354,Jessica Taylor,jessica.taylor8598@example.com,South,2022-04-16
C04355,Susan Lopez,susan.lopez4762@example.com,South,2023-08-25
C04356,Robert Smith,robert.smith1050@example.com,North,2021-10-10
C04357,Sarah Thomas,sarah.thomas4152@example.com,North,2021-11-25
C04358,Jessica Martin,jessica.martin7044@example.com,South,2022-10-31
C04359,John Garcia,john.garcia5362@example.com,North,2021-02-09
C04360,James Lopez,,North,2022-06-09
C04361,Robert Jones,robert.jones7034@example.com,South,2021-01-27
C04362,Michael Wilson,michael.wilson176@example.com,South,2022-10-22
C04363,Mary Jones,mary.jones8667@example.com,South,2021-10-19
C04364,William Miller,william.miller7486@example.com,South,2023-06-10
C04365,Charles Jones,,Central,2023-05-02
C04366,Richard Davis,richard.davis2032@example.com,West,2023-08-24
C04367,Elizabeth Smith,elizabeth.smith4076@example.com,North,2022-07-25
C04368,William Williams,william.williams310@example.com,West,2023-08-09
C04369,James Smith,james.smith8956@example.com,East,2021-07-24
C04370,David Brown,david.brown8025@example.com,South,2023-04-26
C04371,Jennifer Taylor,jennifer.taylor59@example.com,East,2023-01-05
C04372,James Hernandez,james.hernandez298@example.com,West,2023-05-02
C04373,Patricia Miller,patricia.miller2002@example.com,South,2023-02-02
C04374,Jennifer Davis,jennifer.davis2665@example.com,Central,2022-10-27
C04375,Thomas Moore,thomas.moore3164@example.com,West,2022-04-27
C04376,Barbara Rodriguez,barbara.rodriguez939@example.com,East,2023-04-09
C04377,Jennifer Hernandez,jennifer.hernandez3252@example.com,North,2021-06-28
C04378,Patricia Hernandez,patricia.hernandez2608@example.com,East,2023-06-11
C04379,Jennifer Anderson,jennifer.anderson7297@example.com,Central,2023-04-04
C04380,Mary Davis,mary.davis1351@example.com,East,2021-02-08
C04381,Linda Smith,linda.smith4174@example.com,East,2023-12-29
C04382,Thomas Smith,thomas.smith9716@example.com,Central,2022-09-26
C04383,Robert Garcia,robert.garcia9981@example.com,South,2022-11-04
C04384,Elizabeth Lopez,elizabeth.lopez9770@example.com,North,2022-12-24
C04385,Charles Wilson,charles.wilson7258@example.com,West,2021-06-30
C04386,Patricia Miller,patricia.miller7360@example.com,Central,2022-09-18
C04387,David Anderson,david.anderson6745@example.com,West,2022-10-28
C04388,Patricia Williams,,Central,2023-01-01
C04389,Thomas Jackson,thomas.jackson7615@example.com,North,2021-08-12
C04390,Barbara Garcia,barbara.garcia2975@example.com,South,2023-12-05
C04391,Karen Gonzalez,,Central,2023-07-29
C04392,Susan Williams,susan.williams2129@example.com,Central,2022-04-11
C04393,James Thomas,james.thomas4601@example.com,North,2022-05-20
C04394,Charles Martin,charles.martin7851@example.com,Central,2021-08-04
C04395,David Gonzalez,david.gonzalez797@example.com,South,2023-09-22
C04396,Sarah Taylor,sarah.taylor5780@example.com,South,2023-11-15
C04397,Richard Taylor,richard.taylor1719@example.com,East,2023-08-16
C04398,Richard Davis,richard.davis839@example.com,,2021-01-09
C04399,Jessica Davis,jessica.davis8134@example.com,Central,2022-09-01
C04400,William Hernandez,william.hernandez7579@example.com,East,2022-09-27
C04401,William Brown,william.brown709@example.com,Central,2021-12-15
C04402,Susan Jones,susan.jones6318@example.com,East,2022-04-21
C04403,Elizabeth Anderson,elizabeth.anderson5811@example.com,North,2021-03-05
C04404,William Davis,william.davis5586@example.com,Central,2023-11-23
C04405,David Jackson,david.jackson888@example.com,Central,2023-05-29
C04406,Barbara Taylor,barbara.taylor5149@example.com,South,2023-10-15
C04407,David Wilson,david.wilson9047@example.com,West,2022-03-23
C04408,Elizabeth Johnson,elizabeth.johnson8009@example.com,South,2023-06-26
C04409,Patricia Anderson,patricia.anderson7630@example.com,North,2022-01-31
C04410,David Smith,david.smith43@example.com,Central,2021-11-17
C04411,Robert Miller,robert.miller3234@example.com,Central,2021-01-28
C04412,Linda Miller,linda.miller6698@example.com,Central,2022-11-14
C04413,Mary Garcia,mary.garcia3674@example.com,South,2023-03-16
C04414,David Miller,david.miller2599@example.com,East,2022-11-09
C04415,Patricia Martinez,patricia.martinez7381@example.com,Central,2022-01-21
C04416,Robert Jones,robert.jones4026@example.com,West,2023-05-19
C04417,Karen Hernandez,karen.hernandez547@example.com,East,2022-12-07
C04418,Joseph Johnson,,West,2022-05-31
C04419,John Miller,john.miller6851@example.com,East,2023-01-09
C04420,Charles Rodriguez,charles.rodriguez7703@example.com,North,2021-08-09
C04421,Sarah Jackson,sarah.jackson4085@example.com,Central,2021-10-30
C04422,Jessica Smith,jessica.smith6857@example.com,West,2021-07-31
C04423,Robert Garcia,robert.garcia2449@example.com,Central,2021-02-24
C04424,Barbara Gonzalez,barbara.gonzalez4851@example.com,Central,2022-05-24
C04425,James Rodriguez,james.rodriguez6079@example.com,East,2021-04-15
C04426,Robert Wilson,robert.wilson3478@example.com,,2023-10-18
C04427,Jessica Moore,jessica.moore9925@example.com,East,2022-03-20
C04428,Linda Jones,linda.jones7998@example.com,South,2021-05-07
C04429,William Wilson,,South,2022-05-16
C04430,Richard Jackson,richard.jackson6178@example.com,South,2023-05-19
C04431,Charles Smith,charles.smith3011@example.com,South,2023-06-29
C04432,Barbara Hernandez,barbara.hernandez383@example.com,West,2021-03-18
C04433,Susan Anderson,susan.anderson390@example.com,North,2021-08-09
C04434,Jennifer Johnson,jennifer.johnson915@example.com,South,2021-03-09
C04435,Joseph Wilson,joseph.wilson9817@example.com,South,2023-02-23
C04436,Jennifer Williams,jennifer.williams9032@example.com,South,2022-04-19
C04437,Charles Williams,charles.williams9770@example.com,West,2021-10-28
C04438,Patricia Smith,patricia.smith5525@example.com,West,2021-12-21
C04439,Susan Johnson,susan.johnson912@example.com,South,2023-11-13
C04440,Linda Anderson,linda.anderson7283@example.com,South,2021-04-21
C04441,David Martinez,david.martinez9170@example.com,Central,2023-07-01
C04442,Jennifer Moore,jennifer.moore2381@example.com,South,2023-11-28
C04443,James Williams,james.williams2743@example.com,Central,2022-08-20
C04444,William Wilson,william.wilson6867@example.com,Central,2022-07-09
C04445,Jessica Wilson,jessica.wilson216@example.com,West,2021-02-09
C04446,Susan Rodriguez,susan.rodriguez7209@example.com,East,2022-12-03
C04447,Jennifer Lopez,jennifer.lopez7554@example.com,Central,2022-05-29
C04448,Jessica Thomas,jessica.thomas8970@example.com,,2021-01-08
C04449,Karen Rodriguez,karen.rodriguez6826@example.com,West,2021-04-19
C04450,Susan Williams,susan.williams2332@example.com,Central,2023-07-19
C04451,Robert Moore,robert.moore5019@example.com,Central,2021-10-07
C04452,Thomas Jones,thomas.jones6571@example.com,North,2023-02-13
C04453,William Brown,,East,2023-10-07
C04454,John Taylor,,West,2023-03-26
C04455,Sarah Taylor,sarah.taylor174@example.com,North,2023-04-03
C04456,Richard Martinez,richard.martinez7733@example.com,Central,2021-05-12
C04457,Robert Anderson,robert.anderson9546@example.com,North,2022-06-22
C04458,Robert Moore,robert.moore5915@example.com,East,2022-07-08
C04459,John Gonzalez,john.gonzalez296@example.com,Central,2022-06-20
C04460,Sarah Smith,sarah.smith8558@example.com,North,2023-11-20
C04461,Richard Thomas,richard.thomas1684@example.com,North,2021-07-31
C04462,Mary Thomas,mary.thomas4674@example.com,South,2023-02-03
C04463,Joseph Martin,joseph.martin6215@example.com,South,2022-08-25
C04464,Susan Williams,susan.williams880@example.com,North,2021-01-02
C04465,Mary Thomas,mary.thomas836@example.com,West,2023-01-12
C04466,James Garcia,james.garcia194@example.com,South,2022-08-15
C04467,Charles Thomas,charles.thomas2679@example.com,South,2021-12-26
C04468,Mary Williams,mary.williams196@example.com,South,2023-08-22
C04469,Barbara Martin,barbara.martin9881@example.com,West,2022-11-15
C04470,Linda Martin,linda.martin6919@example.com,West,2022-06-06
C04471,Jennifer Lopez,jennifer.lopez2480@example.com,Central,2022-06-13
C04472,Jennifer Johnson,jennifer.johnson4609@example.com,East,2022-03-09
C04473,Joseph Martinez,joseph.martinez645@example.com,East,2022-01-20
C04474,Linda Anderson,linda.anderson3765@example.com,West,2023-03-21
C04475,Charles Martin,charles.martin7329@example.com,North,2023-02-11
C04476,James Taylor,james.taylor5247@example.com,North,2023-07-27
C04477,Elizabeth Martin,elizabeth.martin761@example.com,Central,2023-03-12
C04478,Thomas Taylor,thomas.taylor1292@example.com,Central,2023-11-22
C04479,Mary Miller,mary.miller5529@example.com,South,2021-04-03
C04480,Barbara Anderson,barbara.anderson4186@example.com,North,2023-06-14
C04481,Michael Garcia,michael.garcia4235@example.com,South,2023-06-23
C04482,Charles Brown,charles.brown1593@example.com,North,2021-04-27
C04483,Thomas Lopez,thomas.lopez1161@example.com,East,2023-05-19
C04484,Thomas Martin,thomas.martin9076@example.com,East,2021-12-06
C04485,John Davis,john.davis5849@example.com,West,2022-03-06
C04486,Mary Anderson,mary.anderson3254@example.com,,2021-03-23
C04487,Robert Jones,robert.jones6859@example.com,East,2023-10-12
C04488,Robert Smith,robert.smith5488@example.com,East,2021-12-02
C04489,Charles Taylor,charles.taylor7935@example.com,Central,2021-10-16
C04490,John Martinez,john.martinez7709@example.com,East,2022-07-28
C04491,Joseph Martinez,,South,2023-07-23
C04492,Patricia Thomas,patricia.thomas8973@example.com,West,2022-01-05
C04493,John Rodriguez,john.rodriguez7042@example.com,South,2021-04-08
C04494,William Lopez,william.lopez2361@example.com,South,2023-05-27
C04495,Karen Taylor,karen.taylor8495@example.com,West,2023-12-11
C04496,Joseph Thomas,joseph.thomas5418@example.com,East,2023-07-15
C04497,Elizabeth Williams,elizabeth.williams3861@example.com,North,2021-10-06
C04498,Charles Miller,charles.miller6815@example.com,North,2023-06-10
C04499,Jennifer Anderson,jennifer.anderson5454@example.com,North,2022-03-04
C04500,William Gonzalez,william.gonzalez4083@example.com,North,2022-07-25
C04501,Thomas Martinez,thomas.martinez4827@example.com,South,2022-12-17
C04502,Susan Brown,susan.brown1146@example.com,West,2023-04-04
C04503,Robert Jones,robert.jones3933@example.com,North,2023-08-12
C04504,James Wilson,james.wilson5494@example.com,Central,2022-10-10
C04505,Linda Brown,,South,2022-09-06
C04506,Linda Davis,linda.davis867@example.com,West,2021-12-27
C04507,Jessica Williams,jessica.williams8797@example.com,South,2023-07-25
C04508,Barbara Wilson,barbara.wilson3082@example.com,North,2021-06-06
C04509,Michael Moore,michael.moore235@example.com,South,2023-09-27
C04510,Sarah Johnson,sarah.johnson6474@example.com,East,2022-09-04
C04511,Barbara Martin,barbara.martin8367@example.com,West,2022-12-26
C04512,Susan Hernandez,susan.hernandez4858@example.com,North,2023-12-06
C04513,Jennifer Hernandez,jennifer.hernandez2286@example.com,South,2023-12-08
C04514,Sarah Gonzalez,sarah.gonzalez7091@example.com,East,2022-07-13
C04515,Richard Jackson,richard.jackson9925@example.com,East,2023-10-25
C04516,Jennifer Moore,jennifer.moore4695@example.com,North,2021-04-02
C04517,Linda Williams,linda.williams3609@example.com,South,2023-08-01
C04518,John Garcia,john.garcia3435@example.com,North,2023-06-05
C04519,Richard Taylor,richard.taylor7152@example.com,South,2023-09-12
C04520,Sarah Gonzalez,sarah.gonzalez2232@example.com,Central,2022-11-24
C04521,Jennifer Thomas,jennifer.thomas2360@example.com,West,2022-05-14
C04522,Robert Smith,robert.smith8288@example.com,West,2022-04-09
C04523,William Anderson,william.anderson1311@example.com,North,2022-04-12
C04524,Linda Rodriguez,linda.rodriguez5685@example.com,East,2022-12-02
C04525,Susan Garcia,susan.garcia3161@example.com,South,2023-07-17
C04526,Jessica Johnson,jessica.johnson917@example.com,South,2023-01-01
C04527,Charles Thomas,charles.thomas3578@example.com,South,2022-03-28
C04528,Robert Garcia,robert.garcia9024@example.com,West,2021-02-16
C04529,Elizabeth Garcia,elizabeth.garcia4171@example.com,South,2022-11-23
C04530,Elizabeth Wilson,elizabeth.wilson8540@example.com,South,2023-07-11
C04531,Joseph Johnson,joseph.johnson4804@example.com,West,2021-05-22
C04532,Barbara Jackson,barbara.jackson6904@example.com,East,2023-08-01
C04533,Linda Taylor,linda.taylor6406@example.com,East,2021-01-21
C04534,Elizabeth Rodriguez,elizabeth.rodriguez8437@example.com,East,2023-06-03
C04535,Jessica Davis,jessica.davis3396@example.com,South,2021-05-25
C04536,Jennifer Martinez,jennifer.martinez8919@example.com,East,2023-06-16
C04537,James Smith,james.smith6935@example.com,South,2022-06-21
C04538,David Jackson,david.jackson9713@example.com,East,2023-05-14
C04539,William Johnson,william.johnson7999@example.com,Central,2022-02-27
C04540,Mary Williams,mary.williams2110@example.com,North,2022-05-17
C04541,Charles Taylor,charles.taylor475@example.com,South,2023-10-31
C04542,Jessica Williams,jessica.williams6160@example.com,South,2023-05-19
C04543,Sarah Martin,sarah.martin874@example.com,Central,2021-06-05
C04544,Mary Moore,mary.moore278@example.com,East,2022-02-28
C04545,Joseph Rodriguez,joseph.rodriguez3240@example.com,West,2023-07-11
C04546,Jessica Garcia,jessica.garcia8381@example.com,North,2023-02-20
C04547,Barbara Martin,barbara.martin7070@example.com,East,2022-08-29
C04548,Barbara Thomas,barbara.thomas5581@example.com,Central,2023-01-24
C04549,James Hernandez,james.hernandez5312@example.com,South,2023-03-04
C04550,Robert Jackson,robert.jackson1360@example.com,East,2022-08-10
C04551,John Moore,john.moore3675@example.com,South,2021-09-26
C04552,Barbara Jones,barbara.jones1011@example.com,Central,2023-10-23
C04553,Jennifer Williams,jennifer.williams6462@example.com,North,2022-01-14
C04554,John Martinez,john.martinez6132@example.com,East,2021-05-03
C04555,Michael Johnson,michael.johnson2221@example.com,West,2022-06-21
C04556,Joseph Miller,joseph.miller422@example.com,Central,2021-04-27
C04557,Michael Lopez,michael.lopez3965@example.com,North,2022-08-06
C04558,Elizabeth Smith,elizabeth.smith2833@example.com,West,2021-02-15
C04559,Charles Rodriguez,charles.rodriguez1479@example.com,North,2021-03-21
C04560,Barbara Garcia,barbara.garcia5794@example.com,East,2021-05-06
C04561,James Martinez,james.martinez7839@example.com,East,2022-04-30
C04562,Robert Hernandez,robert.hernandez4956@example.com,North,2021-06-28
C04563,Patricia Miller,patricia.miller4958@example.com,South,2023-10-26
C04564,Barbara Thomas,barbara.thomas1125@example.com,Central,2023-06-05
C04565,Jennifer Anderson,jennifer.anderson7005@example.com,North,2022-05-05
C04566,Elizabeth Jones,elizabeth.jones1901@example.com,South,2021-12-05
C04567,Karen Williams,karen.williams3340@example.com,South,2022-08-17
C04568,Charles Martinez,,Central,2021-04-14
C04569,Sarah Moore,sarah.moore8656@example.com,Central,2023-04-25
C04570,Elizabeth Lopez,elizabeth.lopez2586@example.com,Central,2021-03-15
C04571,Thomas Jones,thomas.jones1149@example.com,South,2022-02-28
C04572,Patricia Anderson,patricia.anderson2484@example.com,West,2023-03-28
C04573,Jessica Johnson,jessica.johnson4922@example.com,North,2021-06-24
C04574,James Miller,james.miller8977@example.com,North,2023-11-03
C04575,Jessica Martinez,jessica.martinez586@example.com,North,2022-02-26
C04576,Jennifer Smith,jennifer.smith4080@example.com,East,2023-05-31
C04577,James Thomas,james.thomas1256@example.com,Central,2023-03-12
C04578,Barbara Johnson,barbara.johnson8126@example.com,South,2023-07-30
C04579,Robert Davis,robert.davis1233@example.com,South,2021-02-23
C04580,Michael Thomas,michael.thomas8255@example.com,North,2021-04-23
C04581,David Anderson,david.anderson508@example.com,Central,2022-02-26
C04582,Mary Wilson,mary.wilson6537@example.com,,2022-07-30
C04583,Richard Martin,richard.martin6503@example.com,Central,2021-10-08
C04584,Linda Miller,linda.miller7557@example.com,West,2022-10-14
C04585,Thomas Smith,thomas.smith433@example.com,North,2021-04-10
C04586,Sarah Wilson,sarah.wilson3243@example.com,South,2021-03-04
C04587,Richard Hernandez,richard.hernandez8758@example.com,East,2023-12-14
C04588,Sarah Miller,sarah.miller2804@example.com,East,2021-01-11
C04589,Charles Thomas,charles.thomas3056@example.com,East,2021-10-17
C04590,Barbara Moore,barbara.moore5533@example.com,East,2021-08-19
C04591,Michael Martin,michael.martin1874@example.com,West,2022-03-16
C04592,Elizabeth Taylor,elizabeth.taylor2705@example.com,South,2022-02-27
C04593,Sarah Thomas,sarah.thomas3203@example.com,Central,2022-01-30
C04594,Robert Davis,,East,2023-04-23
C04595,William Anderson,william.anderson5966@example.com,West,2022-07-15
C04596,Thomas Wilson,thomas.wilson7858@example.com,East,2022-04-18
C04597,Jessica Williams,,South,2022-11-13
C04598,Barbara Garcia,barbara.garcia9423@example.com,West,2022-06-17
C04599,Barbara Taylor,,North,2022-07-06
C04600,William Williams,william.williams6060@example.com,Central,2022-10-01
C04601,Michael Gonzalez,michael.gonzalez1122@example.com,Central,2021-07-28
C04602,Elizabeth Gonzalez,elizabeth.gonzalez509@example.com,West,2023-11-24
C04603,Karen Garcia,karen.garcia6549@example.com,North,2022-12-01
C04604,David Rodriguez,david.rodriguez6211@example.com,East,2023-03-27
C04605,Thomas Davis,thomas.davis6223@example.com,East,2022-04-20
C04606,Jessica Anderson,jessica.anderson1467@example.com,North,2022-07-13
C04607,David Rodriguez,david.rodriguez5538@example.com,East,2023-05-19
C04608,James Smith,james.smith3783@example.com,North,2023-04-28
C04609,Robert Jones,robert.jones8136@example.com,South,2023-02-10
C04610,Charles Thomas,charles.thomas4376@example.com,North,2023-07-01
C04611,Michael Gonzalez,michael.gonzalez8690@example.com,East,2021-04-24
C04612,Charles Hernandez,,Central,2021-03-02
C04613,Karen Jackson,karen.jackson1394@example.com,East,2021-08-21
C04614,John Miller,john.miller6748@example.com,East,2021-02-09
C04615,Linda Rodriguez,linda.rodriguez8646@example.com,Central,2023-08-29
C04616,Joseph Johnson,joseph.johnson256@example.com,South,2022-11-09
C04617,Charles Hernandez,charles.hernandez2034@example.com,South,2022-12-29
C04618,William Martinez,william.martinez6344@example.com,East,2021-06-23
C04619,Jessica Lopez,jessica.lopez7130@example.com,East,2021-01-16
C04620,James Brown,james.brown6798@example.com,North,2023-07-05
C04621,Michael Rodriguez,michael.rodriguez5015@example.com,East,2022-10-16
C04622,Charles Garcia,charles.garcia3838@example.com,North,2022-03-12
C04623,Sarah Davis,sarah.davis2660@example.com,Central,2021-07-06
C04624,Mary Johnson,mary.johnson1483@example.com,West,2021-07-31
C04625,Robert Martin,robert.martin4651@example.com,East,2021-06-03
C04626,Linda Johnson,linda.johnson4434@example.com,Central,2022-08-01
C04627,John Martinez,john.martinez2847@example.com,South,2022-12-20
C04628,Robert Moore,robert.moore3310@example.com,West,2023-08-25
C04629,Barbara Gonzalez,barbara.gonzalez8060@example.com,Central,2022-03-03
C04630,Mary Jones,mary.jones6793@example.com,West,2023-07-24
C04631,Jessica Brown,jessica.brown1357@example.com,Central,2021-05-13
C04632,Thomas Anderson,thomas.anderson615@example.com,Central,2022-07-23
C04633,John Smith,john.smith7990@example.com,North,2023-05-04
C04634,Patricia Williams,patricia.williams4927@example.com,East,2021-06-17
C04635,Patricia Jackson,patricia.jackson8272@example.com,Central,2022-09-14
C04636,Jennifer Martinez,jennifer.martinez8020@example.com,Central,2022-11-21
C04637,Jennifer Davis,jennifer.davis8144@example.com,West,2023-10-12
C04638,Joseph Smith,joseph.smith926@example.com,Central,2021-10-29
C04639,David Davis,david.davis2828@example.com,North,2021-03-05
C04640,Sarah Garcia,sarah.garcia2720@example.com,Central,2021-05-04
C04641,Karen Wilson,karen.wilson6650@example.com,North,2023-06-01
C04642,Barbara Miller,barbara.miller9000@example.com,Central,2023-01-10
C04643,Joseph Williams,joseph.williams6716@example.com,Central,2021-08-11
C04644,James Smith,james.smith3096@example.com,,2021-02-13
C04645,Joseph Johnson,joseph.johnson4030@example.com,North,2023-11-15
C04646,Susan Wilson,susan.wilson9504@example.com,North,2021-03-13
C04647,Charles Taylor,charles.taylor3844@example.com,East,2023-06-11
C04648,Jessica Martinez,jessica.martinez8861@example.com,West,2021-12-27
C04649,Karen Wilson,karen.wilson5696@example.com,West,2022-07-05
C04650,David Gonzalez,david.gonzalez5189@example.com,West,2023-01-09
C04651,William Williams,william.williams9799@example.com,Central,2022-07-10
C04652,Jessica Thomas,jessica.thomas9461@example.com,North,2022-11-15
C04653,Robert Jones,robert.jones1000@example.com,South,2022-04-08
C04654,Mary Miller,mary.miller2049@example.com,West,2022-06-08
C04655,Barbara Garcia,barbara.garcia6083@example.com,South,2021-03-09
C04656,Joseph Rodriguez,joseph.rodriguez643@example.com,South,2023-06-06
C04657,Thomas Hernandez,thomas.hernandez2403@example.com,East,2023-09-08
C04658,Barbara Brown,barbara.brown2051@example.com,Central,2021-02-20
C04659,Mary Lopez,mary.lopez3440@example.com,West,2022-03-04
C04660,Michael Jones,michael.jones8071@example.com,South,2021-09-23
C04661,Robert Moore,robert.moore5816@example.com,South,2023-12-01
C04662,Linda Anderson,linda.anderson2291@example.com,South,2021-12-28
C04663,Jennifer Hernandez,jennifer.hernandez9499@example.com,North,2022-04-15
C04664,Jessica Johnson,jessica.johnson114@example.com,Central,2022-03-02
C04665,William Johnson,william.johnson3350@example.com,North,2022-01-27
C04666,Linda Miller,linda.miller2029@example.com,Central,2023-11-20
C04667,Michael Moore,michael.moore4603@example.com,North,2023-09-25
C04668,Sarah Smith,sarah.smith4414@example.com,West,2023-12-09
C04669,Barbara Brown,barbara.brown7824@example.com,Central,2021-02-03
C04670,Richard Martinez,richard.martinez6055@example.com,East,2021-10-23
C04671,Patricia Lopez,patricia.lopez8020@example.com,Central,2023-08-08
C04672,Karen Garcia,karen.garcia7129@example.com,East,2021-10-25
C04673,Joseph Miller,joseph.miller9872@example.com,Central,2022-02-23
C04674,William Jones,william.jones8621@example.com,South,2021-03-19
C04675,Linda Martin,linda.martin7485@example.com,Central,2023-11-27
C04676,Michael Miller,michael.miller1316@example.com,North,2021-07-13
C04677,Karen Taylor,karen.taylor6130@example.com,West,2023-01-14
C04678,John Smith,john.smith2094@example.com,West,2023-12-10
C04679,Richard Johnson,richard.johnson6608@example.com,South,2023-10-10
C04680,Susan Thomas,susan.thomas1534@example.com,Central,2023-12-26
C04681,Susan Davis,susan.davis2332@example.com,East,2021-07-02
C04682,James Davis,james.davis8647@example.com,East,2023-08-20
C04683,Richard Garcia,richard.garcia2502@example.com,East,2023-04-01
C04684,Linda Anderson,linda.anderson4833@example.com,West,2022-06-11
C04685,Karen Hernandez,karen.hernandez9773@example.com,South,2022-12-14
C04686,David Martinez,david.martinez6796@example.com,East,2023-08-21
C04687,Mary Taylor,mary.taylor8038@example.com,North,2021-07-06
C04688,James Jones,james.jones7664@example.com,West,2022-03-30
C04689,Jennifer Lopez,jennifer.lopez6399@example.com,West,2022-01-16
C04690,Jennifer Miller,jennifer.miller4671@example.com,West,2022-03-14
C04691,Karen Williams,karen.williams6981@example.com,North,2021-09-11
C04692,Mary Martin,mary.martin171@example.com,Central,2021-02-16
C04693,Joseph Miller,joseph.miller2528@example.com,East,2023-07-06
C04694,Sarah Jackson,sarah.jackson3240@example.com,Central,2023-01-14
C04695,William Williams,william.williams7936@example.com,North,2021-02-17
C04696,Karen Miller,karen.miller8121@example.com,West,2023-01-20
C04697,Sarah Brown,sarah.brown238@example.com,West,2022-07-11
C04698,Susan Wilson,susan.wilson9416@example.com,East,2022-03-14
C04699,Linda Moore,linda.moore7217@example.com,North,2022-10-29
C04700,Robert Taylor,,East,2022-12-08
C04701,John Moore,john.moore3136@example.com,East,2023-06-26
C04702,John Jackson,john.jackson8662@example.com,Central,2023-07-01
C04703,William Davis,william.davis4326@example.com,Central,2023-11-07
C04704,David Martin,david.martin3512@example.com,West,2022-10-25
C04705,Mary Jones,mary.jones3928@example.com,Central,2023-03-10
C04706,William Gonzalez,william.gonzalez9966@example.com,South,2022-04-01
C04707,Elizabeth Davis,elizabeth.davis5871@example.com,West,2021-12-29
C04708,Patricia Garcia,patricia.garcia1674@example.com,West,2022-04-27
C04709,Thomas Anderson,,Central,2022-11-08
C04710,Elizabeth Wilson,elizabeth.wilson4764@example.com,North,2021-05-01
C04711,Michael Thomas,michael.thomas6593@example.com,East,2021-09-08
C04712,John Wilson,john.wilson1329@example.com,North,2021-04-01
C04713,Linda Jackson,linda.jackson6637@example.com,East,2023-04-18
C04714,Thomas Williams,thomas.williams9225@example.com,North,2022-09-12
C04715,Patricia Hernandez,patricia.hernandez8539@example.com,South,2021-09-26
C04716,Sarah Wilson,,South,2022-10-09
C04717,James Smith,james.smith2742@example.com,West,2023-11-29
C04718,James Brown,james.brown511@example.com,East,2023-08-12
C04719,Patricia Moore,patricia.moore1518@example.com,Central,2021-07-05
C04720,Karen Martinez,karen.martinez9955@example.com,Central,2023-04-02
C04721,Barbara Johnson,barbara.johnson5837@example.com,Central,2022-04-01
C04722,Charles Wilson,charles.wilson8721@example.com,Central,2023-10-06
C04723,John Thomas,john.thomas128@example.com,East,2021-10-30
C04724,Karen Miller,karen.miller2670@example.com,Central,2023-01-19
C04725,James Thomas,james.thomas1662@example.com,North,2022-03-27
C04726,Michael Jones,michael.jones1217@example.com,East,2021-12-01
C04727,Robert Johnson,robert.johnson9217@example.com,East,2021-04-17
C04728,Michael Thomas,michael.thomas1197@example.com,West,2023-12-06
C04729,Sarah Lopez,sarah.lopez6314@example.com,West,2021-01-15
C04730,Richard Gonzalez,richard.gonzalez1741@example.com,South,2021-09-26
C04731,Mary Davis,mary.davis976@example.com,Central,2023-01-29
C04732,John Wilson,john.wilson5211@example.com,North,2021-08-30
C04733,Sarah Wilson,sarah.wilson788@example.com,North,2021-09-06
C04734,Robert Davis,robert.davis9973@example.com,South,2022-10-27
C04735,Barbara Jackson,barbara.jackson8323@example.com,Central,2021-10-05
C04736,Mary Wilson,mary.wilson2469@example.com,East,2022-11-30
C04737,Karen Wilson,karen.wilson9093@example.com,Central,2021-08-04
C04738,James Jackson,james.jackson6340@example.com,Central,2021-04-10
C04739,Elizabeth Lopez,elizabeth.lopez506@example.com,North,2021-04-11
C04740,Michael Wilson,michael.wilson97@example.com,West,2021-07-31
C04741,Sarah Smith,sarah.smith4148@example.com,West,2021-06-04
C04742,Karen Thomas,karen.thomas1675@example.com,Central,2022-07-14
C04743,Susan Jackson,susan.jackson5336@example.com,Central,2021-03-03
C04744,Richard Smith,richard.smith9677@example.com,East,2023-10-25
C04745,Mary Wilson,mary.wilson2158@example.com,West,2023-03-27
C04746,Susan Martin,susan.martin9135@example.com,Central,2022-12-15
C04747,Charles Johnson,charles.johnson7981@example.com,Central,2021-06-10
C04748,Elizabeth Jones,elizabeth.jones264@example.com,East,2023-06-27
C04749,Susan Garcia,susan.garcia5181@example.com,Central,2023-04-12
C04750,Richard Martin,richard.martin1403@example.com,East,2021-07-16
C04751,Richard Martinez,richard.martinez8117@example.com,West,2022-08-25
C04752,Richard Taylor,richard.taylor5246@example.com,North,2023-03-05
C04753,Robert Martin,robert.martin7308@example.com,North,2023-03-11
C04754,Richard Jones,richard.jones8850@example.com,North,2022-09-24
C04755,Karen Taylor,karen.taylor2089@example.com,West,2023-04-26
C04756,Jessica Johnson,jessica.johnson2047@example.com,West,2023-10-17
C04757,Jessica Martinez,jessica.martinez735@example.com,East,2023-10-16
C04758,Robert Miller,robert.miller1422@example.com,South,2022-07-15
C04759,Jennifer Miller,jennifer.miller5574@example.com,West,2021-01-02
C04760,Thomas Hernandez,thomas.hernandez8561@example.com,East,2021-05-09
C04761,Joseph Garcia,joseph.garcia1770@example.com,North,2021-11-04
C04762,James Lopez,james.lopez3731@example.com,North,2021-09-01
C04763,Thomas Rodriguez,thomas.rodriguez6087@example.com,North,2022-04-16
C04764,Elizabeth Jones,elizabeth.jones3969@example.com,,2021-06-24
C04765,Robert Jackson,robert.jackson4438@example.com,South,2022-07-22
C04766,John Rodriguez,john.rodriguez508@example.com,Central,2023-09-22
C04767,Thomas Davis,thomas.davis4346@example.com,South,2023-08-12
C04768,Jessica Jackson,jessica.jackson8913@example.com,East,2021-11-01
C04769,Patricia Brown,patricia.brown6998@example.com,South,2022-03-21
C04770,Jessica Martin,jessica.martin9271@example.com,Central,2021-08-12
C04771,James Johnson,james.johnson9288@example.com,East,2023-04-17
C04772,Barbara Anderson,barbara.anderson8509@example.com,West,2022-11-12
C04773,Barbara Taylor,barbara.taylor7758@example.com,East,2022-12-12
C04774,Robert Wilson,robert.wilson3494@example.com,East,2023-12-28
C04775,Robert Miller,robert.miller8094@example.com,South,2022-08-29
C04776,Jennifer Jones,jennifer.jones5275@example.com,North,2023-08-13
C04777,Thomas Moore,thomas.moore3057@example.com,East,2022-05-27
C04778,William Hernandez,william.hernandez5989@example.com,Central,2023-08-25
C04779,Jennifer Smith,jennifer.smith4293@example.com,West,2023-02-15
C04780,Mary Moore,mary.moore2106@example.com,West,2023-10-23
C04781,Joseph Williams,joseph.williams2120@example.com,West,2021-05-28
C04782,Michael Gonzalez,michael.gonzalez9101@example.com,South,2021-10-07
C04783,Richard Jones,richard.jones1562@example.com,North,2022-08-29
C04784,John Rodriguez,john.rodriguez4315@example.com,,2023-03-05
C04785,John Rodriguez,john.rodriguez4689@example.com,Central,2023-02-22
C04786,Elizabeth Lopez,elizabeth.lopez7559@example.com,South,2023-09-08
C04787,Patricia Brown,patricia.brown5938@example.com,South,2023-07-13
C04788,Jennifer Martin,jennifer.martin7081@example.com,West,2021-02-21
C04789,Mary Miller,mary.miller4957@example.com,East,2023-10-14
C04790,Barbara Moore,barbara.moore5832@example.com,West,2023-12-23
C04791,Thomas Taylor,thomas.taylor1513@example.com,West,2021-04-20
C04792,Robert Brown,robert.brown6003@example.com,South,2022-06-07
C04793,Michael Anderson,michael.anderson7162@example.com,South,2023-10-03
C04794,Elizabeth Jackson,elizabeth.jackson738@example.com,South,2021-11-25
C04795,Jennifer Garcia,jennifer.garcia3754@example.com,East,2021-03-25
C04796,Joseph Smith,joseph.smith4749@example.com,North,2023-12-12
C04797,Michael Gonzalez,michael.gonzalez9103@example.com,West,2023-10-14
C04798,William Smith,,West,2022-12-25
C04799,Richard Smith,richard.smith62@example.com,West,2021-10-13
C04800,Jennifer Moore,jennifer.moore2534@example.com,South,2021-09-18
C04801,Patricia Jackson,patricia.jackson3483@example.com,Central,2021-12-04
C04802,Jessica Moore,jessica.moore4286@example.com,South,2022-03-18
C04803,Karen Miller,karen.miller3237@example.com,East,2023-01-08
C04804,Charles Wilson,charles.wilson9338@example.com,North,2023-04-02
C04805,Richard Johnson,richard.johnson4476@example.com,South,2022-02-19
C04806,William Rodriguez,william.rodriguez3369@example.com,Central,2022-07-22
C04807,Charles Moore,charles.moore1501@example.com,Central,2023-06-06
C04808,Barbara Brown,barbara.brown2524@example.com,South,2023-03-08
C04809,Linda Anderson,linda.anderson9132@example.com,West,2021-02-08
C04810,Elizabeth Moore,elizabeth.moore3695@example.com,East,2023-12-20
C04811,Patricia Williams,patricia.williams6731@example.com,Central,2023-01-11
C04812,Sarah Lopez,sarah.lopez9384@example.com,South,2022-05-21
C04813,Jessica Jackson,jessica.jackson3234@example.com,South,2023-04-20
C04814,Michael Gonzalez,michael.gonzalez5513@example.com,South,2023-08-03
C04815,Susan Taylor,susan.taylor8068@example.com,East,2023-01-10
C04816,Sarah Wilson,sarah.wilson1179@example.com,East,2022-06-11
C04817,Karen Williams,karen.williams9582@example.com,Central,2022-09-02
C04818,Jennifer Wilson,jennifer.wilson8051@example.com,South,2021-01-27
C04819,Jessica Gonzalez,jessica.gonzalez1884@example.com,North,2021-06-03
C04820,John Davis,john.davis9991@example.com,East,2021-01-01
C04821,Elizabeth Martinez,elizabeth.martinez3006@example.com,West,2023-10-20
C04822,Karen Garcia,karen.garcia1223@example.com,Central,2021-06-28
C04823,James Taylor,james.taylor6452@example.com,West,2022-05-28
C04824,Joseph Martin,joseph.martin304@example.com,Central,2021-07-03
C04825,David Thomas,david.thomas3673@example.com,North,2023-02-20
C04826,Joseph Davis,joseph.davis6343@example.com,North,2023-03-19
C04827,Patricia Johnson,patricia.johnson2970@example.com,West,2022-09-18
C04828,Linda Garcia,linda.garcia937@example.com,West,2023-06-18
C04829,Jennifer Rodriguez,jennifer.rodriguez5949@example.com,West,2023-01-16
C04830,Barbara Anderson,barbara.anderson3203@example.com,West,2021-08-31
C04831,Patricia Hernandez,patricia.hernandez5051@example.com,North,2023-08-14
C04832,Jessica Miller,jessica.miller2997@example.com,,2023-05-19
C04833,Thomas Hernandez,thomas.hernandez6657@example.com,Central,2023-05-11
C04834,John Johnson,john.johnson8582@example.com,Central,2022-12-12
C04835,Thomas Gonzalez,thomas.gonzalez7846@example.com,Central,2022-03-12
C04836,Michael Wilson,michael.wilson4487@example.com,West,2023-02-23
C04837,Michael Jones,michael.jones8029@example.com,West,2022-12-20
C04838,Karen Gonzalez,karen.gonzalez4323@example.com,Central,2023-03-05
C04839,Richard Martin,richard.martin4249@example.com,East,2021-06-10
C04840,Barbara Lopez,barbara.lopez3910@example.com,West,2022-10-17
C04841,Mary Jones,,East,2023-10-12
C04842,Jennifer Martin,jennifer.martin92@example.com,East,2023-12-10
C04843,Karen Gonzalez,karen.gonzalez5159@example.com,Central,2021-02-25
C04844,Linda Anderson,linda.anderson5725@example.com,North,2023-09-15
C04845,Thomas Smith,thomas.smith6138@example.com,South,2023-12-29
C04846,Barbara Gonzalez,barbara.gonzalez9509@example.com,Central,2023-04-14
C04847,Karen Gonzalez,karen.gonzalez4964@example.com,Central,2022-07-21
C04848,James Thomas,james.thomas3628@example.com,North,2022-07-17
C04849,John Lopez,john.lopez22@example.com,West,2022-06-12
C04850,James Hernandez,james.hernandez1694@example.com,South,2023-11-24
C04851,Linda Moore,linda.moore7405@example.com,West,2022-08-20
C04852,Richard Anderson,richard.anderson4607@example.com,East,2023-03-19
C04853,Susan Johnson,susan.johnson4058@example.com,South,2022-02-07
C04854,Charles Martin,charles.martin7775@example.com,East,2021-04-20
C04855,Charles Martinez,charles.martinez1144@example.com,North,2023-09-29
C04856,Susan Johnson,susan.johnson7913@example.com,North,2022-11-03
C04857,Patricia Gonzalez,patricia.gonzalez4900@example.com,East,2023-08-04
C04858,Jessica Jackson,jessica.jackson7690@example.com,South,2021-02-14
C04859,Susan Williams,susan.williams4319@example.com,East,2023-01-31
C04860,William Thomas,william.thomas8653@example.com,East,2022-12-06
C04861,Jennifer Wilson,jennifer.wilson520@example.com,West,2023-04-07
C04862,Thomas Thomas,thomas.thomas5475@example.com,West,2021-06-24
C04863,Sarah Brown,sarah.brown2621@example.com,South,2023-03-29
C04864,Patricia Miller,patricia.miller9339@example.com,South,2022-06-04
C04865,Barbara Martin,barbara.martin9638@example.com,East,2021-07-29
C04866,Michael Davis,michael.davis8163@example.com,Central,2022-11-16
C04867,Thomas Smith,thomas.smith8017@example.com,North,2023-04-09
C04868,Barbara Brown,barbara.brown491@example.com,East,2021-03-15
C04869,Joseph Taylor,joseph.taylor3359@example.com,East,2022-07-05
C04870,Thomas Miller,thomas.miller175@example.com,Central,2022-12-21
C04871,Joseph Miller,joseph.miller7092@example.com,East,2021-01-15
C04872,Elizabeth Rodriguez,elizabeth.rodriguez2119@example.com,Central,2021-01-21
C04873,Michael Brown,michael.brown7401@example.com,Central,2023-03-10
C04874,William Davis,william.davis1356@example.com,Central,2023-10-27
C04875,William Rodriguez,william.rodriguez4378@example.com,Central,2022-10-09
C04876,Charles Miller,charles.miller393@example.com,South,2021-03-10
C04877,Joseph Lopez,,East,2021-04-21
C04878,Patricia Lopez,patricia.lopez2605@example.com,North,2023-04-04
C04879,Richard Miller,,Central,2021-12-05
C04880,Linda Lopez,linda.lopez6547@example.com,North,2021-03-02
C04881,Joseph Martin,joseph.martin9719@example.com,East,2021-05-04
C04882,Jennifer Anderson,jennifer.anderson3416@example.com,North,2023-01-02
C04883,Michael Williams,michael.williams9150@example.com,,2022-08-22
C04884,Robert Miller,robert.miller1285@example.com,Central,2021-03-21
C04885,Richard Taylor,richard.taylor2070@example.com,North,2021-09-12
C04886,Mary Jackson,mary.jackson3892@example.com,North,2022-12-11
C04887,Elizabeth Taylor,elizabeth.taylor4717@example.com,South,2023-01-06
C04888,Joseph Thomas,joseph.thomas9831@example.com,South,2023-12-13
C04889,Robert Rodriguez,robert.rodriguez5399@example.com,East,2021-08-03
C04890,Barbara Williams,barbara.williams8779@example.com,South,2022-01-20
C04891,Thomas Jones,thomas.jones7154@example.com,South,2021-07-21
C04892,Thomas Hernandez,thomas.hernandez3026@example.com,East,2023-05-08
C04893,Thomas Taylor,thomas.taylor1299@example.com,East,2022-05-15
C04894,Mary Taylor,mary.taylor2031@example.com,Central,2022-09-14
C04895,William Taylor,william.taylor7430@example.com,,2022-08-26
C04896,Thomas Moore,thomas.moore4616@example.com,North,2022-10-29
C04897,James Taylor,james.taylor9374@example.com,East,2022-08-18
C04898,Mary Davis,,West,2023-01-10
C04899,Barbara Lopez,barbara.lopez9853@example.com,South,2022-11-13
C04900,Thomas Taylor,thomas.taylor1275@example.com,Central,2021-10-02
C04901,Robert Anderson,robert.anderson7187@example.com,East,2023-07-15
C04902,Jessica Thomas,jessica.thomas4449@example.com,South,2021-08-29
C04903,Robert Miller,robert.miller8427@example.com,East,2022-05-24
C04904,Jessica Martin,jessica.martin7700@example.com,North,2022-08-07
C04905,David Lopez,david.lopez9828@example.com,Central,2023-05-03
C04906,Joseph Rodriguez,joseph.rodriguez1729@example.com,South,2022-11-30
C04907,Susan Thomas,susan.thomas1924@example.com,East,2022-12-05
C04908,James Garcia,james.garcia7380@example.com,East,2021-02-12
C04909,Richard Martinez,richard.martinez2031@example.com,South,2023-09-16
C04910,Richard Lopez,richard.lopez3234@example.com,East,2021-08-20
C04911,Michael Rodriguez,michael.rodriguez1692@example.com,North,2022-08-03
C04912,Barbara Hernandez,barbara.hernandez9105@example.com,East,2022-11-20
C04913,Barbara Wilson,barbara.wilson3070@example.com,West,2022-03-16
C04914,Michael Lopez,michael.lopez7925@example.com,West,2021-04-21
C04915,Sarah Martin,sarah.martin5835@example.com,East,2021-07-07
C04916,James Taylor,james.taylor6839@example.com,North,2021-06-12
C04917,Jessica Williams,jessica.williams6072@example.com,West,2021-11-21
C04918,John Jackson,john.jackson7485@example.com,South,2023-02-25
C04919,Mary Martin,mary.martin3975@example.com,West,2023-11-27
C04920,Thomas Moore,thomas.moore5739@example.com,North,2021-03-10
C04921,Barbara Lopez,barbara.lopez9042@example.com,North,2023-01-27
C04922,Michael Garcia,michael.garcia717@example.com,East,2022-01-24
C04923,Linda Miller,linda.miller9350@example.com,West,2022-01-14
C04924,James Davis,james.davis8903@example.com,West,2021-05-09
C04925,Sarah Moore,sarah.moore3462@example.com,East,2023-07-11
C04926,Thomas Brown,thomas.brown6754@example.com,West,2022-07-14
C04927,Robert Smith,robert.smith8908@example.com,Central,2022-01-16
C04928,Elizabeth Garcia,elizabeth.garcia6632@example.com,West,2023-04-26
C04929,Elizabeth Rodriguez,elizabeth.rodriguez492@example.com,Central,2021-12-07
C04930,Jessica Martin,jessica.martin7113@example.com,West,2022-11-02
C04931,Thomas Williams,thomas.williams9006@example.com,East,2021-12-12
C04932,Elizabeth Gonzalez,elizabeth.gonzalez8626@example.com,North,2022-06-11
C04933,Richard Martin,richard.martin3560@example.com,Central,2022-11-17
C04934,Linda Williams,linda.williams5359@example.com,West,2021-10-23
C04935,Michael Martin,,South,2021-01-23
C04936,Sarah Jackson,sarah.jackson6145@example.com,Central,2023-05-07
C04937,Thomas Williams,thomas.williams1995@example.com,Central,2021-10-12
C04938,Charles Jones,charles.jones3982@example.com,South,2023-10-02
C04939,Robert Garcia,robert.garcia860@example.com,South,2022-07-07
C04940,Mary Gonzalez,mary.gonzalez1054@example.com,West,2022-09-09
C04941,Thomas Hernandez,thomas.hernandez8123@example.com,North,2022-11-07
C04942,David Jackson,david.jackson6309@example.com,East,2023-07-10
C04943,Richard Lopez,richard.lopez7543@example.com,Central,2021-04-21
C04944,Barbara Hernandez,barbara.hernandez1100@example.com,South,2023-09-08
C04945,Susan Rodriguez,susan.rodriguez4186@example.com,East,2023-04-29
C04946,Linda Garcia,,West,2023-06-09
C04947,Barbara Miller,barbara.miller4118@example.com,South,2022-08-21
C04948,Robert Williams,robert.williams8358@example.com,East,2021-07-24
C04949,Barbara Jones,barbara.jones831@example.com,North,2021-07-09
C04950,Charles Taylor,charles.taylor5696@example.com,North,2023-04-18
C04951,Barbara Brown,barbara.brown3858@example.com,Central,2021-06-29
C04952,William Miller,william.miller3042@example.com,Central,2023-09-02
C04953,Susan Wilson,susan.wilson3356@example.com,West,2021-04-08
C04954,William Jones,william.jones3395@example.com,,2021-03-25
C04955,Thomas Martin,thomas.martin1269@example.com,West,2023-01-15
C04956,Robert Jones,robert.jones9882@example.com,East,2022-08-29
C04957,Charles Wilson,charles.wilson5929@example.com,North,2021-09-29
C04958,Jessica Smith,jessica.smith2953@example.com,Central,2021-08-20
C04959,Elizabeth Miller,elizabeth.miller5187@example.com,Central,2021-04-02
C04960,Elizabeth Smith,elizabeth.smith7930@example.com,East,2021-03-24
C04961,Susan Williams,susan.williams178@example.com,South,2021-10-14
C04962,Patricia Gonzalez,patricia.gonzalez9008@example.com,East,2022-02-16
C04963,Joseph Brown,joseph.brown4629@example.com,South,2021-11-14
C04964,Mary Martinez,mary.martinez4028@example.com,South,2022-05-25
C04965,John Garcia,john.garcia6780@example.com,East,2021-03-30
C04966,Jennifer Davis,jennifer.davis3298@example.com,West,2022-11-27
C04967,Thomas Smith,thomas.smith6858@example.com,East,2022-11-11
C04968,David Jones,david.jones6898@example.com,South,2022-05-11
C04969,Richard Thomas,richard.thomas942@example.com,East,2021-01-16
C04970,Barbara Wilson,barbara.wilson9009@example.com,West,2022-10-16
C04971,Joseph Williams,joseph.williams1164@example.com,North,2021-07-07
C04972,Richard Anderson,richard.anderson9812@example.com,South,2023-01-18
C04973,Michael Jackson,michael.jackson3763@example.com,,2023-01-29
C04974,William Taylor,william.taylor4619@example.com,East,2023-05-08
C04975,David Thomas,david.thomas919@example.com,Central,2021-10-25
C04976,Patricia Taylor,,East,2022-06-27
C04977,Susan Taylor,susan.taylor5478@example.com,East,2021-02-20
C04978,Robert Johnson,robert.johnson4991@example.com,North,2022-09-17
C04979,Sarah Taylor,sarah.taylor538@example.com,North,2022-03-30
C04980,Michael Martinez,michael.martinez6412@example.com,South,2023-05-04
C04981,Michael Davis,michael.davis107@example.com,East,2022-02-01
C04982,Joseph Johnson,joseph.johnson48@example.com,Central,2021-09-02
C04983,Richard Rodriguez,richard.rodriguez3823@example.com,West,2021-10-28
C04984,Patricia Anderson,patricia.anderson176@example.com,East,2021-08-16
C04985,Jennifer Hernandez,jennifer.hernandez2780@example.com,South,2023-08-22
C04986,John Anderson,john.anderson8833@example.com,Central,2023-02-15
C04987,Karen Anderson,,Central,2022-04-30
C04988,Charles Davis,charles.davis501@example.com,North,2022-12-12
C04989,Barbara Jackson,barbara.jackson1376@example.com,Central,2022-01-23
C04990,Linda Williams,linda.williams7998@example.com,West,2023-10-21
C04991,James Taylor,james.taylor9866@example.com,East,2021-03-30
C04992,Richard Lopez,richard.lopez4850@example.com,East,2022-11-16
C04993,Charles Miller,charles.miller6040@example.com,West,2023-02-22
C04994,Barbara Smith,barbara.smith9447@example.com,South,2023-08-19
C04995,Sarah Hernandez,sarah.hernandez6970@example.com,South,2021-11-24
C04996,Susan Smith,susan.smith2109@example.com,West,2021-05-13
C04997,Patricia Moore,patricia.moore7146@example.com,North,2021-02-24
C04998,Karen Davis,karen.davis7144@example.com,Central,2022-07-25
C04999,Charles Smith,charles.smith9106@example.com,West,2022-02-07
C05000,Robert Thomas,robert.thomas6656@example.com,Central,2023-12-09
C05001,Joseph Anderson,joseph.anderson8044@example.com,North,2023-08-09
C05002,Robert Gonzalez,robert.gonzalez8299@example.com,North,2022-11-19
C05003,Susan Martin,susan.martin6574@example.com,North,2023-07-10
C05004,Michael Hernandez,michael.hernandez9743@example.com,Central,2021-12-09
C05005,Robert Johnson,robert.johnson5802@example.com,North,2023-01-25
C05006,Richard Davis,richard.davis9322@example.com,West,2023-12-23
C05007,Karen Garcia,karen.garcia5763@example.com,West,2023-05-20
C05008,Joseph Rodriguez,joseph.rodriguez8601@example.com,West,2021-09-05
C05009,Sarah Jones,sarah.jones1852@example.com,West,2023-07-10
C05010,Elizabeth Thomas,elizabeth.thomas7392@example.com,East,2022-11-14
C05011,Sarah Martinez,sarah.martinez3542@example.com,East,2023-08-20
C05012,Patricia Garcia,patricia.garcia5746@example.com,North,2022-02-14
C05013,Mary Gonzalez,mary.gonzalez4165@example.com,Central,2023-02-21
C05014,Jessica Brown,jessica.brown9459@example.com,West,2022-01-23
C05015,Michael Lopez,michael.lopez3916@example.com,South,2022-05-18
C05016,Sarah Thomas,sarah.thomas9123@example.com,East,2023-12-23
C05017,Robert Taylor,robert.taylor7823@example.com,South,2022-11-10
C05018,Jennifer Wilson,jennifer.wilson2813@example.com,Central,2023-10-03
C05019,William Thomas,william.thomas8261@example.com,South,2023-04-06
C05020,Charles Jackson,charles.jackson3228@example.com,East,2022-04-18
C05021,Charles Garcia,charles.garcia2090@example.com,South,2023-08-01
C05022,Thomas Wilson,thomas.wilson5500@example.com,North,2022-07-22
C05023,Joseph Lopez,joseph.lopez909@example.com,West,2023-10-11
C05024,Jessica Jackson,jessica.jackson1293@example.com,South,2021-09-15
C05025,Elizabeth Miller,elizabeth.miller4945@example.com,South,2023-10-27
C05026,John Williams,john.williams5414@example.com,North,2021-10-16
C05027,Joseph Garcia,joseph.garcia822@example.com,Central,2022-01-21
C05028,Richard Jackson,richard.jackson6114@example.com,East,2022-01-17
C05029,Karen Rodriguez,karen.rodriguez3229@example.com,North,2023-02-13
C05030,Joseph Smith,joseph.smith8534@example.com,,2022-07-12
C05031,Linda Jackson,linda.jackson4467@example.com,North,2021-05-19
C05032,James Martinez,james.martinez2391@example.com,Central,2022-01-31
C05033,Barbara Rodriguez,barbara.rodriguez9578@example.com,North,2023-12-11
C05034,John Taylor,john.taylor8941@example.com,Central,2021-08-21
C05035,Michael Jones,michael.jones9605@example.com,West,2022-10-20
C05036,Michael Taylor,michael.taylor5025@example.com,North,2022-10-28
C05037,Jessica Johnson,jessica.johnson3091@example.com,East,2021-07-09
C05038,Susan Martinez,susan.martinez2644@example.com,East,2022-11-16
C05039,David Martinez,david.martinez6820@example.com,North,2021-09-10
C05040,Linda Hernandez,linda.hernandez4107@example.com,Central,2021-12-14
C05041,Robert Davis,robert.davis9333@example.com,West,2021-06-20
C05042,Joseph Davis,joseph.davis4835@example.com,West,2021-05-08
C05043,Karen Hernandez,karen.hernandez4247@example.com,North,2021-04-14
C05044,Susan Johnson,susan.johnson4094@example.com,Central,2021-06-07
C05045,Mary Anderson,mary.anderson9472@example.com,East,2022-01-24
C05046,David Jones,david.jones1222@example.com,North,2021-01-01
C05047,Jennifer Garcia,jennifer.garcia4769@example.com,West,2021-05-18
C05048,Richard Taylor,richard.taylor682@example.com,East,2021-06-25
C05049,Thomas Hernandez,thomas.hernandez4421@example.com,South,2023-06-10
C05050,Richard Lopez,richard.lopez203@example.com,East,2021-05-18
C05051,David Wilson,david.wilson5235@example.com,West,2021-07-22
C05052,Barbara Thomas,barbara.thomas8992@example.com,North,2021-12-30
C05053,Elizabeth Jackson,elizabeth.jackson2921@example.com,Central,2021-07-30
C05054,Elizabeth Garcia,elizabeth.garcia9346@example.com,Central,2021-08-20
C05055,Elizabeth Brown,,North,2023-11-18
C05056,Barbara Gonzalez,barbara.gonzalez9458@example.com,Central,2021-12-11
C05057,Susan Hernandez,,North,2021-03-04
C05058,Patricia Anderson,patricia.anderson4948@example.com,South,2023-11-03
C05059,Elizabeth Martinez,elizabeth.martinez7141@example.com,Central,2023-12-03
C05060,Richard Gonzalez,richard.gonzalez5964@example.com,Central,2021-10-28
C05061,Joseph Garcia,joseph.garcia9829@example.com,West,2022-11-01
C05062,Karen Brown,karen.brown6822@example.com,East,2021-09-11
C05063,David Miller,david.miller2450@example.com,Central,2021-07-14
C05064,Patricia Miller,patricia.miller1010@example.com,South,2023-01-06
C05065,Richard Moore,richard.moore2799@example.com,South,2022-05-29
C05066,James Jones,james.jones2418@example.com,East,2023-03-16
C05067,Jessica Williams,jessica.williams3977@example.com,,2021-10-13
C05068,David Davis,david.davis4148@example.com,Central,2021-03-22
C05069,Joseph Thomas,,South,2022-02-10
C05070,Charles Moore,charles.moore8086@example.com,West,2023-08-21
C05071,Elizabeth Johnson,elizabeth.johnson8833@example.com,West,2021-10-02
C05072,John Johnson,john.johnson7354@example.com,South,2021-04-17
C05073,James Davis,james.davis3583@example.com,East,2021-02-08
C05074,Karen Thomas,karen.thomas2370@example.com,West,2021-10-09
C05075,Barbara Rodriguez,barbara.rodriguez2996@example.com,East,2023-06-14
C05076,Sarah Jackson,sarah.jackson3398@example.com,West,2023-06-09
C05077,Linda Jackson,linda.jackson9027@example.com,South,2021-07-31
C05078,Sarah Garcia,sarah.garcia8377@example.com,West,2021-12-07
C05079,Joseph Moore,joseph.moore6988@example.com,West,2021-03-23
C05080,William Garcia,william.garcia3806@example.com,West,2022-04-19
C05081,John Taylor,john.taylor9865@example.com,South,2021-06-15
C05082,Susan Jackson,susan.jackson9719@example.com,North,2022-10-15
C05083,Linda Martinez,linda.martinez7661@example.com,,2023-08-20
C05084,James Thomas,james.thomas7856@example.com,Central,2022-09-02
C05085,Charles Martinez,charles.martinez9468@example.com,West,2022-12-11
C05086,Joseph Gonzalez,joseph.gonzalez8267@example.com,West,2021-05-25
C05087,Linda Moore,linda.moore189@example.com,Central,2022-06-11
C05088,Sarah Rodriguez,sarah.rodriguez5882@example.com,South,2023-01-30
C05089,Charles Hernandez,charles.hernandez5516@example.com,South,2022-11-02
C05090,Karen Williams,karen.williams5752@example.com,Central,2022-12-27
C05091,Patricia Brown,patricia.brown425@example.com,West,2021-08-08
C05092,Linda Wilson,linda.wilson3759@example.com,East,2021-01-21
C05093,David Smith,david.smith4126@example.com,South,2021-10-19
C05094,Robert Davis,robert.davis4274@example.com,West,2023-08-13
C05095,Mary Miller,mary.miller2827@example.com,Central,2023-11-23
C05096,John Anderson,john.anderson1035@example.com,Central,2022-04-17
C05097,Barbara Martinez,barbara.martinez7261@example.com,East,2021-09-03
C05098,John Garcia,john.garcia7230@example.com,Central,2023-10-17
C05099,Michael Williams,michael.williams1437@example.com,South,2021-08-04
C05100,James Moore,james.moore8256@example.com,South,2023-06-04
C05101,David Jackson,david.jackson4251@example.com,North,2023-12-27
C05102,Patricia Taylor,patricia.taylor307@example.com,West,2023-02-02
C05103,John Johnson,john.johnson730@example.com,Central,2021-06-05
C05104,William Smith,william.smith8913@example.com,North,2022-06-21
C05105,Susan Williams,susan.williams6957@example.com,West,2022-01-28
C05106,Jennifer Williams,jennifer.williams4613@example.com,Central,2021-01-23
C05107,Michael Jones,michael.jones338@example.com,East,2022-06-08
C05108,Michael Miller,michael.miller5027@example.com,North,2023-01-10
C05109,John Johnson,john.johnson341@example.com,,2021-01-25
C05110,Elizabeth Brown,elizabeth.brown3265@example.com,East,2023-07-22
C05111,Charles Martinez,charles.martinez2182@example.com,West,2021-10-28
C05112,Robert Davis,robert.davis9778@example.com,West,2023-08-09
C05113,Robert Williams,robert.williams8014@example.com,North,2023-10-15
C05114,Sarah Anderson,sarah.anderson8047@example.com,West,2021-05-11
C05115,Michael Taylor,michael.taylor7871@example.com,North,2022-03-13
C05116,Karen Moore,karen.moore1377@example.com,Central,2023-07-24
C05117,Jennifer Johnson,jennifer.johnson4551@example.com,South,2023-01-10
C05118,Patricia Jackson,patricia.jackson4144@example.com,Central,2023-11-11
C05119,John Anderson,john.anderson3660@example.com,Central,2021-03-04
C05120,Jessica Jackson,jessica.jackson6599@example.com,North,2021-08-08
C05121,Barbara Thomas,barbara.thomas5227@example.com,Central,2021-08-06
C05122,Sarah Hernandez,sarah.hernandez3907@example.com,South,2022-07-26
C05123,Elizabeth Martin,elizabeth.martin3133@example.com,Central,2021-06-16
C05124,Charles Hernandez,,West,2022-10-06
C05125,Susan Anderson,susan.anderson139@example.com,North,2021-06-02
C05126,Barbara Miller,barbara.miller7515@example.com,East,2022-12-11
C05127,Barbara Lopez,barbara.lopez5515@example.com,East,2021-03-15
C05128,Joseph Taylor,joseph.taylor9724@example.com,West,2023-10-28
C05129,Thomas Moore,thomas.moore9631@example.com,South,2021-10-05
C05130,Patricia Johnson,patricia.johnson635@example.com,South,2021-01-19
C05131,William Smith,william.smith5085@example.com,North,2021-12-22
C05132,Elizabeth Gonzalez,elizabeth.gonzalez1731@example.com,East,2021-02-01
C05133,William Brown,william.brown377@example.com,East,2023-04-18
C05134,Jessica Williams,jessica.williams8550@example.com,East,2023-06-07
C05135,Robert Martinez,robert.martinez4926@example.com,West,2022-06-14
C05136,Charles Moore,charles.moore6790@example.com,North,2021-08-29
C05137,Thomas Anderson,thomas.anderson7639@example.com,South,2022-10-31
C05138,Joseph Johnson,joseph.johnson4674@example.com,South,2021-03-01
C05139,Joseph Davis,joseph.davis2206@example.com,West,2023-12-22
C05140,Charles Martin,charles.martin7912@example.com,East,2021-05-03
C05141,Michael Johnson,michael.johnson4273@example.com,South,2021-07-27
C05142,Joseph Anderson,joseph.anderson9746@example.com,Central,2021-10-20
C05143,William Gonzalez,william.gonzalez9399@example.com,West,2023-12-17
C05144,Patricia Brown,patricia.brown3140@example.com,Central,2022-08-14
C05145,Linda Jones,linda.jones4055@example.com,East,2023-02-16
C05146,Barbara Brown,barbara.brown8358@example.com,South,2021-06-15
C05147,Jessica Johnson,jessica.johnson354@example.com,South,2023-08-01
C05148,William Miller,william.miller2533@example.com,West,2023-08-19
C05149,Elizabeth Smith,elizabeth.smith5417@example.com,South,2021-11-14
C05150,Michael Brown,michael.brown1197@example.com,East,2021-05-17
C05151,Patricia Jackson,patricia.jackson443@example.com,North,2023-09-29
C05152,Patricia Davis,patricia.davis6587@example.com,South,2021-03-09
C05153,Barbara Jones,barbara.jones2893@example.com,East,2023-05-19
C05154,Joseph Davis,joseph.davis5989@example.com,Central,2021-10-06
C05155,David Wilson,david.wilson1965@example.com,West,2022-10-03
C05156,Karen Jackson,karen.jackson5097@example.com,South,2021-06-24
C05157,Sarah Rodriguez,sarah.rodriguez5398@example.com,West,2022-10-11
C05158,Sarah Jones,sarah.jones6578@example.com,Central,2023-12-30
C05159,Patricia Rodriguez,patricia.rodriguez9512@example.com,East,2022-01-10
C05160,Michael Jones,michael.jones3193@example.com,East,2022-12-14
C05161,Thomas Johnson,thomas.johnson3380@example.com,East,2021-12-18
C05162,Thomas Taylor,thomas.taylor496@example.com,West,2023-10-16
C05163,Thomas Williams,thomas.williams9600@example.com,West,2023-01-09
C05164,William Martinez,william.martinez2155@example.com,East,2023-08-28
C05165,Jessica Thomas,jessica.thomas7905@example.com,East,2022-06-26
C05166,Charles Davis,charles.davis556@example.com,East,2021-04-10
C05167,Susan Smith,susan.smith6333@example.com,Central,2023-03-11
C05168,Elizabeth Moore,elizabeth.moore7118@example.com,West,2023-01-18
C05169,Michael Thomas,michael.thomas7580@example.com,Central,2022-08-18
C05170,Richard Smith,richard.smith9549@example.com,North,2022-06-05
C05171,James Anderson,james.anderson2575@example.com,East,2022-12-27
C05172,Michael Martin,michael.martin7129@example.com,West,2022-04-01
C05173,Robert Rodriguez,,Central,2021-10-06
C05174,Barbara Brown,barbara.brown7814@example.com,North,2021-04-27
C05175,Michael Jones,michael.jones6091@example.com,South,2022-09-01
C05176,Linda Martin,linda.martin8332@example.com,East,2021-11-13
C05177,Joseph Moore,joseph.moore9392@example.com,South,2023-10-20
C05178,Charles Rodriguez,charles.rodriguez9338@example.com,East,2022-09-20
C05179,Karen Lopez,karen.lopez5801@example.com,Central,2021-12-21
C05180,Joseph Miller,joseph.miller1790@example.com,East,2021-10-22
C05181,Joseph Brown,joseph.brown8669@example.com,South,2022-07-28
C05182,James Garcia,james.garcia3495@example.com,South,2021-09-22
C05183,Jessica Gonzalez,jessica.gonzalez1678@example.com,East,2022-07-21
C05184,Mary Rodriguez,mary.rodriguez6381@example.com,East,2021-12-01
C05185,Sarah Gonzalez,sarah.gonzalez3792@example.com,North,2022-12-19
C05186,James Jones,james.jones2151@example.com,Central,2023-09-04
C05187,Elizabeth Hernandez,elizabeth.hernandez9629@example.com,Central,2021-10-04
C05188,Joseph Wilson,joseph.wilson8035@example.com,East,2022-03-07
C05189,David Rodriguez,david.rodriguez3556@example.com,South,2023-07-25
C05190,Michael Jones,michael.jones7217@example.com,South,2022-01-19
C05191,John Lopez,john.lopez1962@example.com,South,2023-09-30
C05192,Joseph Garcia,joseph.garcia1110@example.com,East,2023-12-05
C05193,Richard Jackson,richard.jackson6270@example.com,East,2023-10-15
C05194,John Lopez,john.lopez5841@example.com,North,2022-12-31
C05195,Jennifer Smith,jennifer.smith9181@example.com,South,2023-07-18
C05196,Linda Smith,linda.smith9312@example.com,North,2022-03-06
C05197,Linda Anderson,linda.anderson7362@example.com,South,2021-09-24
C05198,Karen Thomas,karen.thomas3159@example.com,East,2022-09-30
C05199,Thomas Hernandez,thomas.hernandez847@example.com,South,2023-07-19
C05200,Barbara Martin,barbara.martin440@example.com,West,2021-02-07
C05201,James Martin,james.martin964@example.com,South,2023-09-06
C05202,John Garcia,john.garcia1987@example.com,East,2022-05-18
C05203,Karen Hernandez,karen.hernandez9343@example.com,North,2022-03-06
C05204,John Hernandez,john.hernandez8456@example.com,East,2023-01-09
C05205,Joseph Martin,joseph.martin485@example.com,,2023-12-13
C05206,Sarah Johnson,sarah.johnson7110@example.com,Central,2021-05-18
C05207,Joseph Hernandez,joseph.hernandez194@example.com,East,2022-03-29
C05208,James Johnson,james.johnson7270@example.com,Central,2022-12-17
C05209,Thomas Thomas,thomas.thomas5318@example.com,Central,2021-01-11
C05210,Charles Hernandez,charles.hernandez9422@example.com,East,2022-08-31
C05211,Karen Anderson,karen.anderson2884@example.com,West,2022-08-20
C05212,Richard Jones,richard.jones7297@example.com,West,2021-08-02
C05213,Sarah Brown,sarah.brown4720@example.com,South,2022-04-08
C05214,Sarah Rodriguez,sarah.rodriguez5308@example.com,East,2021-10-27
C05215,Patricia Thomas,patricia.thomas6326@example.com,South,2022-02-17
C05216,Charles Martinez,charles.martinez1747@example.com,West,2021-03-10
C05217,Joseph Moore,joseph.moore9171@example.com,West,2023-01-08
C05218,Sarah Hernandez,sarah.hernandez7316@example.com,North,2021-06-26
C05219,Mary Gonzalez,mary.gonzalez7156@example.com,South,2022-08-17
C05220,John Taylor,john.taylor7334@example.com,Central,2022-10-12
C05221,Michael Anderson,michael.anderson7745@example.com,South,2022-03-12
C05222,Patricia Wilson,patricia.wilson4358@example.com,Central,2021-10-29
C05223,William Davis,william.davis7186@example.com,East,2022-08-23
C05224,Mary Thomas,mary.thomas9654@example.com,East,2023-11-09
C05225,Joseph Lopez,joseph.lopez6454@example.com,South,2021-10-13
C05226,Mary Davis,mary.davis2606@example.com,South,2023-10-14
C05227,Patricia Jones,patricia.jones5968@example.com,West,2021-05-29
C05228,Robert Davis,,East,2023-11-03
C05229,Charles Lopez,charles.lopez9618@example.com,South,2022-09-17
C05230,Jennifer Hernandez,jennifer.hernandez6363@example.com,North,2021-01-02
C05231,David Thomas,david.thomas8810@example.com,Central,2022-02-25
C05232,James Miller,james.miller4402@example.com,South,2023-04-11
C05233,David Miller,david.miller2049@example.com,East,2022-07-01
C05234,Karen Martin,karen.martin7272@example.com,West,2021-02-26
C05235,Jessica Johnson,jessica.johnson6983@example.com,West,2023-02-12
C05236,Patricia Rodriguez,patricia.rodriguez3926@example.com,West,2021-04-15
C05237,William Jackson,william.jackson1300@example.com,West,2022-08-05
C05238,Michael Gonzalez,michael.gonzalez9173@example.com,West,2023-07-28
C05239,Susan Garcia,susan.garcia1300@example.com,West,2022-09-09
C05240,James Hernandez,james.hernandez4178@example.com,Central,2021-09-07
C05241,Thomas Jones,thomas.jones4760@example.com,West,2022-07-16
C05242,Jennifer Thomas,jennifer.thomas8289@example.com,South,2022-05-29
C05243,Patricia Martin,patricia.martin8244@example.com,South,2022-06-13
C05244,Charles Garcia,charles.garcia1347@example.com,South,2022-03-25
C05245,Charles Jackson,charles.jackson8588@example.com,South,2021-02-18
C05246,James Anderson,james.anderson2014@example.com,South,2021-01-14
C05247,Elizabeth Rodriguez,elizabeth.rodriguez8380@example.com,East,2023-09-17
C05248,John Lopez,john.lopez4357@example.com,West,2023-02-17
C05249,Richard Smith,richard.smith4862@example.com,Central,2022-04-18
C05250,Charles Williams,charles.williams1618@example.com,East,2023-04-01
C05251,Jessica Anderson,jessica.anderson6546@example.com,West,2023-02-28
C05252,Richard Rodriguez,richard.rodriguez7876@example.com,North,2021-09-15
C05253,James Taylor,james.taylor5604@example.com,South,2022-09-29
C05254,David Hernandez,david.hernandez3032@example.com,East,2023-11-30
C05255,Jessica Taylor,jessica.taylor2202@example.com,Central,2021-10-22
C05256,Joseph Lopez,joseph.lopez4901@example.com,South,2023-06-02
C05257,John Moore,john.moore5928@example.com,West,2021-12-15
C05258,Karen Moore,karen.moore7659@example.com,South,2023-06-04
C05259,William Johnson,william.johnson1011@example.com,West,2023-04-30
C05260,Susan Miller,,South,2021-06-29
C05261,William Davis,william.davis912@example.com,Central,2022-05-05
C05262,Linda Smith,linda.smith1295@example.com,North,2023-11-08
C05263,William Smith,william.smith6562@example.com,Central,2022-12-04
C05264,Thomas Thomas,thomas.thomas5240@example.com,East,2023-03-16
C05265,Patricia Hernandez,patricia.hernandez1226@example.com,West,2022-06-03
C05266,Barbara Anderson,barbara.anderson8574@example.com,North,2022-02-14
C05267,Thomas Anderson,thomas.anderson1459@example.com,East,2023-03-25
C05268,Susan Martin,susan.martin7079@example.com,South,2022-02-21
C05269,Sarah Jackson,sarah.jackson5823@example.com,Central,2022-05-28
C05270,John Anderson,john.anderson8748@example.com,East,2023-03-04
C05271,Mary Brown,mary.brown9831@example.com,Central,2023-06-05
C05272,Robert Rodriguez,robert.rodriguez6957@example.com,East,2023-05-13
C05273,Jennifer Jackson,jennifer.jackson3211@example.com,Central,2023-06-03
C05274,Thomas Lopez,thomas.lopez1916@example.com,Central,2023-06-09
C05275,Jessica Jackson,jessica.jackson9933@example.com,North,2021-01-09
C05276,Robert Thomas,robert.thomas1263@example.com,North,2022-10-03
C05277,Robert Smith,robert.smith3079@example.com,West,2021-09-21
C05278,Patricia Lopez,patricia.lopez1233@example.com,East,2023-02-23
C05279,Jennifer Martinez,jennifer.martinez4435@example.com,South,2021-07-12
C05280,Richard Hernandez,richard.hernandez6964@example.com,South,2022-12-24
C05281,Mary Taylor,mary.taylor2551@example.com,South,2022-10-24
C05282,Linda Moore,linda.moore1497@example.com,North,2023-10-10
C05283,David Hernandez,david.hernandez9754@example.com,East,2022-07-15
C05284,Jennifer Johnson,jennifer.johnson2313@example.com,Central,2022-12-11
C05285,Mary Thomas,mary.thomas4588@example.com,Central,2022-05-21
C05286,Jennifer Taylor,jennifer.taylor887@example.com,Central,2023-08-12
C05287,James Jones,james.jones4342@example.com,East,2022-02-19
C05288,John Smith,john.smith198@example.com,North,2021-12-23
C05289,Linda Hernandez,linda.hernandez3958@example.com,South,2023-09-29
C05290,Jessica Davis,jessica.davis8021@example.com,East,2023-03-26
C05291,John Anderson,john.anderson2086@example.com,West,2022-11-23
C05292,David Martinez,david.martinez9133@example.com,East,2021-07-19
C05293,Jennifer Gonzalez,jennifer.gonzalez6657@example.com,East,2022-05-21
C05294,Charles Miller,charles.miller9456@example.com,South,2022-01-03
C05295,Joseph Johnson,joseph.johnson2275@example.com,East,2021-07-21
C05296,Michael Rodriguez,michael.rodriguez3647@example.com,Central,2021-11-19
C05297,Jessica Martin,jessica.martin8841@example.com,East,2022-08-13
C05298,Joseph Thomas,joseph.thomas3096@example.com,Central,2021-09-27
C05299,Karen Martin,karen.martin712@example.com,North,2021-08-13
C05300,Robert Anderson,robert.anderson5680@example.com,Central,2023-01-13
C05301,David Anderson,david.anderson1435@example.com,South,2021-07-03
C05302,Susan Garcia,,West,2022-10-29
C05303,Karen Williams,,East,2022-01-24
C05304,Richard Rodriguez,richard.rodriguez3533@example.com,East,2021-11-25
C05305,Charles Wilson,charles.wilson9638@example.com,South,2021-01-16
C05306,Mary Anderson,mary.anderson2462@example.com,West,2023-10-22
C05307,Linda Hernandez,linda.hernandez2576@example.com,North,2023-11-05
C05308,Joseph Moore,joseph.moore5237@example.com,North,2022-03-24
C05309,Michael Moore,michael.moore6098@example.com,North,2021-03-30
C05310,Mary Wilson,mary.wilson3469@example.com,South,2023-05-19
C05311,Jessica Anderson,jessica.anderson5419@example.com,East,2021-09-04
C05312,Jessica Garcia,jessica.garcia9057@example.com,West,2022-05-10
C05313,Elizabeth Rodriguez,elizabeth.rodriguez6901@example.com,South,2022-08-11
C05314,Richard Lopez,richard.lopez6769@example.com,Central,2021-05-14
C05315,David Martinez,david.martinez6731@example.com,East,2022-10-03
C05316,Jessica Miller,jessica.miller5138@example.com,North,2023-11-21
C05317,Barbara Brown,barbara.brown8188@example.com,West,2023-01-10
C05318,Charles Wilson,charles.wilson5361@example.com,North,2022-04-14
C05319,Linda Anderson,linda.anderson5158@example.com,Central,2022-07-12
C05320,Thomas Rodriguez,thomas.rodriguez2289@example.com,Central,2021-09-19
C05321,David Williams,david.williams4352@example.com,West,2023-01-25
C05322,Michael Anderson,michael.anderson2138@example.com,West,2022-07-14
C05323,John Martinez,john.martinez2359@example.com,East,2022-01-14
C05324,Karen Thomas,karen.thomas758@example.com,South,2021-11-14
C05325,Jennifer Jackson,jennifer.jackson9168@example.com,North,2022-02-15
C05326,Barbara Jones,barbara.jones5102@example.com,South,2021-12-07
C05327,Karen Lopez,karen.lopez540@example.com,East,2021-09-30
C05328,Sarah Rodriguez,sarah.rodriguez420@example.com,West,2022-11-04
C05329,Michael Martin,michael.martin892@example.com,West,2022-03-12
C05330,Elizabeth Thomas,elizabeth.thomas6601@example.com,Central,2023-06-17
C05331,Thomas Jones,thomas.jones5091@example.com,West,2023-02-12
C05332,Karen Martinez,karen.martinez9208@example.com,North,2022-09-26
C05333,Michael Taylor,michael.taylor6693@example.com,East,2021-02-03
C05334,Thomas Hernandez,thomas.hernandez5496@example.com,East,2023-05-25
C05335,Jennifer Jackson,jennifer.jackson7811@example.com,West,2021-10-27
C05336,Michael Jones,michael.jones5365@example.com,South,2022-09-15
C05337,Susan Moore,susan.moore9925@example.com,West,2022-07-08
C05338,Joseph Garcia,joseph.garcia3153@example.com,South,2022-05-30
C05339,Susan Wilson,susan.wilson6517@example.com,East,2022-09-03
C05340,Karen Gonzalez,karen.gonzalez1425@example.com,West,2023-03-22
C05341,Jennifer Taylor,jennifer.taylor8994@example.com,Central,2023-08-23
C05342,Karen Garcia,karen.garcia4454@example.com,Central,2022-06-06
C05343,James Davis,james.davis5902@example.com,West,2022-10-26
C05344,Susan Williams,susan.williams3761@example.com,East,2022-04-12
C05345,Linda Brown,linda.brown8921@example.com,North,2022-01-26
C05346,William Thomas,william.thomas6895@example.com,South,2022-02-21
C05347,Jessica Thomas,jessica.thomas9871@example.com,South,2021-01-05
C05348,John Garcia,john.garcia2621@example.com,North,2022-03-17
C05349,Patricia Taylor,patricia.taylor6014@example.com,North,2022-05-08
C05350,Charles Brown,charles.brown5961@example.com,North,2022-05-12
C05351,Richard Miller,richard.miller1091@example.com,North,2021-12-30
C05352,John Garcia,john.garcia7947@example.com,South,2023-05-24
C05353,Jessica Garcia,jessica.garcia573@example.com,South,2021-02-07
C05354,Linda Brown,linda.brown7480@example.com,East,2021-01-29
C05355,James Smith,james.smith1724@example.com,North,2023-02-10
C05356,David Miller,david.miller2854@example.com,East,2022-06-11
C05357,Michael Taylor,michael.taylor7881@example.com,North,2023-10-07
C05358,Elizabeth Wilson,elizabeth.wilson1889@example.com,North,2023-07-16
C05359,James Jones,james.jones7908@example.com,South,2022-06-06
C05360,Mary Johnson,mary.johnson3890@example.com,,2022-02-18
C05361,Elizabeth Jackson,elizabeth.jackson1869@example.com,South,2023-02-19
C05362,James Smith,james.smith6139@example.com,South,2021-06-05
C05363,Sarah Davis,sarah.davis2275@example.com,East,2023-07-13
C05364,Richard Garcia,richard.garcia5914@example.com,North,2021-06-30
C05365,Linda Brown,linda.brown1618@example.com,Central,2022-08-18
C05366,Jennifer Taylor,jennifer.taylor3525@example.com,West,2021-02-24
C05367,Patricia Williams,patricia.williams6569@example.com,North,2023-06-06
C05368,Joseph Moore,joseph.moore6741@example.com,,2022-10-18
C05369,Patricia Hernandez,patricia.hernandez3094@example.com,East,2023-06-05
C05370,Joseph Davis,joseph.davis258@example.com,North,2022-09-05
C05371,John Thomas,john.thomas5538@example.com,North,2021-01-25
C05372,Barbara Miller,barbara.miller1272@example.com,East,2021-05-05
C05373,David Smith,david.smith7330@example.com,,2022-06-16
C05374,Thomas Hernandez,thomas.hernandez2684@example.com,West,2023-07-04
C05375,Mary Davis,mary.davis8136@example.com,West,2023-10-05
C05376,Mary Smith,mary.smith9161@example.com,South,2023-07-10
C05377,Richard Rodriguez,richard.rodriguez4819@example.com,East,2022-04-21
C05378,David Hernandez,david.hernandez128@example.com,South,2023-07-20
C05379,Karen Anderson,karen.anderson3972@example.com,South,2021-02-22
C05380,Patricia Moore,patricia.moore3871@example.com,East,2021-11-19
C05381,John Miller,,South,2023-12-30
C05382,James Williams,,North,2021-03-26
C05383,Richard Hernandez,richard.hernandez1053@example.com,West,2022-07-14
C05384,Jessica Williams,jessica.williams1454@example.com,West,2022-12-22
C05385,Joseph Jackson,joseph.jackson7138@example.com,Central,2022-02-04
C05386,John Garcia,john.garcia4172@example.com,West,2021-02-21
C05387,Elizabeth Martinez,elizabeth.martinez8897@example.com,South,2023-12-04
C05388,Patricia Jackson,patricia.jackson1024@example.com,North,2022-07-16
C05389,David Wilson,david.wilson8190@example.com,West,2023-05-03
C05390,John Jackson,john.jackson5544@example.com,Central,2021-03-01
C05391,Patricia Thomas,patricia.thomas640@example.com,North,2022-09-20
C05392,David Williams,david.williams7917@example.com,West,2021-03-24
C05393,Robert Jones,robert.jones3370@example.com,East,2022-12-18
C05394,Linda Martinez,linda.martinez7408@example.com,South,2021-10-06
C05395,David Miller,david.miller2438@example.com,East,2022-01-09
C05396,Sarah Rodriguez,sarah.rodriguez8588@example.com,West,2023-01-09
C05397,Thomas Thomas,thomas.thomas2862@example.com,South,2022-01-25
C05398,Michael Hernandez,michael.hernandez7744@example.com,North,2022-06-07
C05399,James Martin,james.martin3977@example.com,West,2022-02-05
C05400,Karen Taylor,karen.taylor5052@example.com,East,2022-06-30
C05401,Robert Anderson,robert.anderson4071@example.com,South,2023-03-16
C05402,Barbara Jones,barbara.jones3929@example.com,Central,2023-05-03
C05403,Joseph Gonzalez,joseph.gonzalez2721@example.com,South,2022-11-14
C05404,Linda Davis,linda.davis5108@example.com,West,2021-04-26
C05405,Patricia Wilson,patricia.wilson6949@example.com,East,2021-08-27
C05406,William Jones,william.jones1506@example.com,South,2022-12-05
C05407,Jennifer Wilson,jennifer.wilson3470@example.com,Central,2022-01-08
C05408,Michael Miller,michael.miller5971@example.com,East,2023-01-16
C05409,Barbara Brown,barbara.brown5022@example.com,East,2021-06-22
C05410,John Brown,john.brown7655@example.com,Central,2022-11-12
C05411,Jessica Martinez,jessica.martinez2732@example.com,North,2023-12-25
C05412,Elizabeth Garcia,elizabeth.garcia4920@example.com,Central,2023-01-22
C05413,John Garcia,john.garcia1823@example.com,West,2023-10-03
C05414,Karen Garcia,karen.garcia4124@example.com,East,2023-10-24
C05415,Joseph Garcia,joseph.garcia4149@example.com,South,2023-12-18
C05416,Jessica Lopez,jessica.lopez9338@example.com,East,2021-01-05
C05417,Mary Anderson,mary.anderson5179@example.com,East,2021-06-04
C05418,Thomas Davis,thomas.davis4555@example.com,Central,2022-04-26
C05419,Mary Hernandez,mary.hernandez7628@example.com,Central,2022-10-27
C05420,Michael Williams,michael.williams422@example.com,North,2023-04-09
C05421,Elizabeth Davis,elizabeth.davis7839@example.com,West,2022-09-24
C05422,Michael Johnson,michael.johnson1164@example.com,,2023-05-12
C05423,Charles Gonzalez,charles.gonzalez1872@example.com,West,2023-04-27
C05424,Linda Anderson,linda.anderson5072@example.com,South,2021-05-11
C05425,Thomas Thomas,thomas.thomas9794@example.com,North,2021-01-19
C05426,Susan Williams,susan.williams4363@example.com,East,2021-07-29
C05427,Patricia Garcia,,South,2021-04-01
C05428,James Rodriguez,james.rodriguez864@example.com,West,2023-05-02
C05429,Thomas Davis,thomas.davis2190@example.com,South,2023-03-12
C05430,John Rodriguez,john.rodriguez8979@example.com,East,2023-08-05
C05431,Karen Gonzalez,karen.gonzalez6238@example.com,West,2022-06-20
C05432,Jennifer Johnson,jennifer.johnson1011@example.com,East,2022-07-07
C05433,Robert Rodriguez,,West,2023-09-28
C05434,Jennifer Davis,jennifer.davis8737@example.com,North,2022-12-26
C05435,Charles Lopez,charles.lopez2780@example.com,East,2022-07-14
C05436,Joseph Hernandez,joseph.hernandez7710@example.com,South,2023-10-01
C05437,Karen Taylor,karen.taylor2793@example.com,North,2023-10-19
C05438,Jessica Jackson,jessica.jackson7688@example.com,Central,2022-03-04
C05439,Richard Anderson,,East,2021-07-24
C05440,Mary Lopez,mary.lopez9612@example.com,East,2021-07-31
C05441,David Smith,david.smith4600@example.com,South,2022-04-30
C05442,David Wilson,david.wilson417@example.com,Central,2023-04-20
C05443,Karen Gonzalez,karen.gonzalez6972@example.com,Central,2023-01-02
C05444,Elizabeth Anderson,,West,2021-06-17
C05445,Jennifer Williams,jennifer.williams933@example.com,East,2021-12-05
C05446,Robert Gonzalez,robert.gonzalez5093@example.com,East,2023-12-15
C05447,James Jones,james.jones4546@example.com,East,2022-12-16
C05448,Karen Davis,karen.davis5270@example.com,South,2022-07-21
C05449,Linda Thomas,linda.thomas7425@example.com,Central,2023-07-05
C05450,Susan Lopez,susan.lopez5288@example.com,South,2022-06-01
C05451,Sarah Lopez,sarah.lopez2535@example.com,South,2022-11-09
C05452,Sarah Martinez,sarah.martinez6870@example.com,Central,2021-04-16
C05453,John Thomas,john.thomas5319@example.com,South,2021-12-25
C05454,Karen Rodriguez,karen.rodriguez9218@example.com,West,2021-11-28
C05455,Michael Martin,michael.martin6512@example.com,Central,2021-04-19
C05456,Robert Johnson,robert.johnson3672@example.com,East,2023-06-16
C05457,James Johnson,james.johnson9180@example.com,North,2021-06-18
C05458,Robert Martinez,robert.martinez2352@example.com,East,2022-10-18
C05459,Linda Moore,linda.moore5583@example.com,South,2023-09-15
C05460,Richard Davis,richard.davis5468@example.com,East,2022-10-02
C05461,Robert Wilson,,North,2021-10-16
C05462,James Gonzalez,james.gonzalez4032@example.com,West,2023-12-16
C05463,Karen Thomas,karen.thomas8612@example.com,West,2022-01-03
C05464,Richard Lopez,richard.lopez9884@example.com,South,2023-11-06
C05465,Mary Martinez,mary.martinez1678@example.com,Central,2021-06-24
C05466,Richard Johnson,richard.johnson4018@example.com,South,2023-02-05
C05467,Elizabeth Martinez,elizabeth.martinez1423@example.com,East,2023-05-31
C05468,Mary Garcia,mary.garcia261@example.com,South,2023-08-24
C05469,Sarah Moore,sarah.moore792@example.com,North,2022-05-08
C05470,Susan Thomas,susan.thomas6770@example.com,West,2023-07-21
C05471,Linda Wilson,linda.wilson5605@example.com,West,2023-01-02
C05472,Barbara Martinez,barbara.martinez5421@example.com,North,2023-10-30
C05473,Patricia Martin,patricia.martin5421@example.com,East,2021-08-16
C05474,Patricia Johnson,patricia.johnson2290@example.com,South,2023-01-31
C05475,Michael Davis,michael.davis808@example.com,South,2022-05-26
C05476,Michael Williams,michael.williams3372@example.com,North,2023-12-02
C05477,David Hernandez,david.hernandez467@example.com,South,2021-02-05
C05478,Susan Jones,,West,2021-08-06
C05479,David Brown,david.brown4866@example.com,Central,2021-11-18
C05480,Patricia Wilson,patricia.wilson4681@example.com,South,2022-06-07
C05481,Robert Anderson,robert.anderson9485@example.com,North,2022-08-01
C05482,Mary Wilson,mary.wilson9287@example.com,West,2022-12-08
C05483,Jennifer Johnson,jennifer.johnson2584@example.com,East,2022-02-27
C05484,Joseph Anderson,joseph.anderson1830@example.com,Central,2022-06-26
C05485,Thomas Moore,thomas.moore9873@example.com,Central,2022-09-07
C05486,Karen Lopez,karen.lopez1353@example.com,East,2021-05-18
C05487,Charles Rodriguez,charles.rodriguez5138@example.com,West,2022-08-24
C05488,Elizabeth Wilson,elizabeth.wilson4120@example.com,South,2021-01-13
C05489,James Rodriguez,james.rodriguez1189@example.com,South,2021-11-16
C05490,Thomas Gonzalez,thomas.gonzalez8119@example.com,East,2021-01-20
C05491,John Taylor,john.taylor9633@example.com,West,2022-12-11
C05492,Mary Brown,mary.brown4936@example.com,North,2022-04-13
C05493,Susan Thomas,susan.thomas2348@example.com,East,2021-09-20
C05494,Thomas Smith,thomas.smith939@example.com,East,2023-08-04
C05495,Jessica Johnson,jessica.johnson8115@example.com,West,2022-05-24
C05496,Patricia Wilson,patricia.wilson1602@example.com,,2023-09-26
C05497,Charles Martin,charles.martin2090@example.com,North,2022-07-04
C05498,Barbara Thomas,barbara.thomas5303@example.com,West,2022-01-02
C05499,Thomas Miller,thomas.miller2057@example.com,West,2023-10-26
C05500,David Williams,david.williams5818@example.com,West,2023-03-13
C05501,Thomas Taylor,thomas.taylor1151@example.com,West,2022-10-28
C05502,Barbara Wilson,barbara.wilson6823@example.com,West,2022-09-10
C05503,Mary Jackson,mary.jackson3925@example.com,South,2023-04-15
C05504,James Hernandez,james.hernandez9318@example.com,East,2023-04-27
C05505,Patricia Williams,patricia.williams3590@example.com,East,2022-01-20
C05506,Jennifer Jones,jennifer.jones4273@example.com,North,2023-02-04
C05507,Richard Martin,richard.martin6621@example.com,South,2021-10-25
C05508,Susan Jackson,susan.jackson7390@example.com,East,2023-03-06
C05509,Charles Thomas,charles.thomas9068@example.com,West,2023-11-06
C05510,Karen Wilson,karen.wilson3248@example.com,West,2021-04-30
C05511,Barbara Garcia,barbara.garcia8105@example.com,East,2023-03-08
C05512,Charles Garcia,charles.garcia2957@example.com,Central,2023-05-15
C05513,William Jones,,North,2022-07-31
C05514,Richard Jackson,richard.jackson164@example.com,West,2021-08-10
C05515,Karen Williams,karen.williams9350@example.com,West,2021-02-04
C05516,Thomas Lopez,thomas.lopez5668@example.com,,2021-11-04
C05517,Jennifer Miller,jennifer.miller198@example.com,East,2022-02-27
C05518,Barbara Thomas,barbara.thomas7452@example.com,Central,2021-12-07
C05519,Karen Taylor,karen.taylor5070@example.com,North,2021-01-18
C05520,Mary Miller,mary.miller2611@example.com,North,2021-09-19
C05521,Elizabeth Taylor,elizabeth.taylor2853@example.com,East,2023-02-20
C05522,Michael Hernandez,michael.hernandez2087@example.com,South,2023-04-27
C05523,John Brown,john.brown9123@example.com,,2022-05-13
C05524,Sarah Smith,sarah.smith7034@example.com,Central,2023-04-26
C05525,Robert Williams,robert.williams9211@example.com,North,2021-07-12
C05526,Jennifer Taylor,jennifer.taylor1288@example.com,Central,2022-03-05
C05527,Richard Wilson,richard.wilson6307@example.com,West,2022-09-15
C05528,Jessica Garcia,jessica.garcia8309@example.com,South,2022-10-31
C05529,Charles Taylor,charles.taylor4586@example.com,South,2023-10-04
C05530,Karen Johnson,karen.johnson2835@example.com,Central,2021-03-05
C05531,Linda Thomas,linda.thomas5919@example.com,South,2021-08-09
C05532,Michael Jones,michael.jones4112@example.com,South,2023-07-07
C05533,David Wilson,david.wilson7400@example.com,Central,2021-04-08
C05534,Linda Johnson,linda.johnson6049@example.com,West,2023-07-24
C05535,John Jones,john.jones6522@example.com,East,2022-08-22
C05536,Sarah Martin,sarah.martin1184@example.com,South,2023-11-01
C05537,Linda Taylor,linda.taylor8238@example.com,North,2021-06-01
C05538,David Brown,david.brown4531@example.com,West,2022-07-04
C05539,Charles Williams,charles.williams4032@example.com,North,2022-12-22
C05540,Joseph Wilson,joseph.wilson5676@example.com,South,2023-03-04
C05541,Patricia Jackson,patricia.jackson5371@example.com,Central,2021-02-18
C05542,Robert Jackson,robert.jackson4996@example.com,East,2022-08-31
C05543,Michael Rodriguez,michael.rodriguez5241@example.com,West,2021-06-07
C05544,Linda Moore,linda.moore8783@example.com,East,2021-02-03
C05545,Mary Jackson,mary.jackson1482@example.com,Central,2023-03-31
C05546,Joseph Taylor,joseph.taylor3073@example.com,South,2023-01-17
C05547,Charles Miller,charles.miller6286@example.com,North,2022-08-07
C05548,John Jones,,West,2022-11-02
C05549,Linda Wilson,linda.wilson563@example.com,West,2023-06-17
C05550,Robert Smith,,South,2022-03-16
C05551,Sarah Moore,sarah.moore1642@example.com,,2023-05-25
C05552,Richard Thomas,richard.thomas7023@example.com,West,2021-02-05
C05553,Michael Anderson,michael.anderson3663@example.com,East,2023-02-08
C05554,Barbara Wilson,,North,2021-01-06
C05555,Barbara Gonzalez,barbara.gonzalez5341@example.com,East,2022-02-01
C05556,Charles Wilson,charles.wilson8014@example.com,East,2023-07-12
C05557,Michael Martin,michael.martin3998@example.com,East,2021-01-12
C05558,Charles Hernandez,charles.hernandez4433@example.com,Central,2023-10-12
C05559,Linda Johnson,linda.johnson5797@example.com,Central,2021-09-13
C05560,Mary Garcia,mary.garcia5416@example.com,North,2021-12-27
C05561,Susan Wilson,susan.wilson2094@example.com,West,2021-04-10
C05562,Mary Jackson,mary.jackson5371@example.com,,2021-07-05
C05563,Elizabeth Gonzalez,elizabeth.gonzalez2002@example.com,Central,2021-01-27
C05564,Mary Smith,mary.smith1153@example.com,North,2021-03-13
C05565,Joseph Miller,joseph.miller8505@example.com,East,2023-06-23
C05566,Linda Martinez,linda.martinez8129@example.com,West,2022-04-21
C05567,Charles Johnson,charles.johnson9085@example.com,North,2023-12-24
C05568,David Jackson,david.jackson6193@example.com,Central,2021-08-12
C05569,Michael Smith,michael.smith5737@example.com,Central,2021-12-25
C05570,Barbara Williams,barbara.williams1697@example.com,Central,2022-02-07
C05571,Barbara Martin,barbara.martin4919@example.com,North,2021-12-07
C05572,Charles Martinez,charles.martinez1034@example.com,East,2021-03-16
C05573,Linda Jones,linda.jones4046@example.com,West,2023-08-17
C05574,Richard Wilson,richard.wilson595@example.com,West,2023-12-09
C05575,Charles Hernandez,charles.hernandez1164@example.com,,2022-03-12
C05576,Charles Martin,charles.martin7707@example.com,Central,2022-08-18
C05577,Michael Smith,michael.smith8652@example.com,South,2021-11-26
C05578,Charles Miller,charles.miller7336@example.com,South,2023-02-22
C05579,Linda Taylor,linda.taylor2734@example.com,West,2022-09-25
C05580,Sarah Williams,sarah.williams9027@example.com,South,2021-08-04
C05581,John Thomas,john.thomas8346@example.com,East,2023-07-09
C05582,Richard Anderson,richard.anderson8083@example.com,South,2021-10-04
C05583,Mary Davis,mary.davis968@example.com,Central,2023-06-29
C05584,David Anderson,,Central,2022-01-16
C05585,Linda Smith,linda.smith3428@example.com,West,2023-12-22
C05586,Jessica Brown,jessica.brown9743@example.com,South,2023-08-25
C05587,Jennifer Gonzalez,jennifer.gonzalez5303@example.com,West,2023-04-10
C05588,Elizabeth Jackson,elizabeth.jackson6787@example.com,East,2021-07-14
C05589,Elizabeth Hernandez,elizabeth.hernandez3750@example.com,South,2022-09-08
C05590,Elizabeth Taylor,elizabeth.taylor8714@example.com,East,2023-05-09
C05591,Karen Jackson,karen.jackson796@example.com,Central,2021-08-02
C05592,Patricia Brown,patricia.brown5156@example.com,West,2022-04-21
C05593,Sarah Lopez,sarah.lopez1222@example.com,West,2023-05-12
C05594,Jessica Johnson,jessica.johnson6034@example.com,West,2023-12-26
C05595,James Martin,james.martin8923@example.com,South,2022-04-03
C05596,William Wilson,william.wilson5303@example.com,South,2022-10-18
C05597,Thomas Wilson,thomas.wilson846@example.com,East,2022-12-06
C05598,Richard Miller,richard.miller3950@example.com,Central,2022-05-16
C05599,Elizabeth Martin,elizabeth.martin5892@example.com,East,2022-11-26
C05600,John Hernandez,john.hernandez5526@example.com,Central,2021-10-01
C05601,Richard Miller,richard.miller8773@example.com,South,2022-07-06
C05602,Robert Anderson,robert.anderson1453@example.com,Central,2023-03-10
C05603,Jennifer Taylor,jennifer.taylor6191@example.com,West,2022-05-29
C05604,Jessica Wilson,jessica.wilson2947@example.com,South,2021-02-20
C05605,Michael Moore,michael.moore5645@example.com,East,2023-06-29
C05606,Jennifer Wilson,jennifer.wilson8628@example.com,South,2021-11-14
C05607,Jennifer Jackson,jennifer.jackson4597@example.com,South,2022-04-02
C05608,Robert Taylor,robert.taylor16@example.com,West,2022-05-08
C05609,Charles Rodriguez,charles.rodriguez1554@example.com,East,2023-01-24
C05610,William Williams,william.williams8834@example.com,East,2023-12-22
C05611,Linda Williams,linda.williams4281@example.com,North,2022-12-12
C05612,Richard Davis,richard.davis459@example.com,South,2023-06-02
C05613,Jessica Miller,jessica.miller5348@example.com,,2023-07-04
C05614,Charles Moore,charles.moore6231@example.com,North,2023-10-29
C05615,Charles Wilson,charles.wilson2282@example.com,South,2023-01-21
C05616,Mary Taylor,mary.taylor6846@example.com,Central,2022-10-05
C05617,Richard Martinez,richard.martinez3446@example.com,West,2023-12-09
C05618,Sarah Garcia,,South,2023-06-19
C05619,Jennifer Taylor,jennifer.taylor9798@example.com,East,2022-03-14
C05620,Richard Miller,richard.miller1279@example.com,,2022-08-25
C05621,Richard Johnson,richard.johnson1690@example.com,West,2021-11-08
C05622,Thomas Smith,thomas.smith3861@example.com,West,2021-04-11
C05623,Thomas Martinez,thomas.martinez8186@example.com,North,2023-06-07
C05624,Linda Rodriguez,linda.rodriguez3647@example.com,North,2021-07-14
C05625,Mary Brown,mary.brown6361@example.com,West,2021-10-22
C05626,Thomas Rodriguez,thomas.rodriguez5945@example.com,East,2021-01-06
C05627,Sarah Hernandez,sarah.hernandez7434@example.com,West,2022-12-22
C05628,John Brown,john.brown31@example.com,Central,2021-03-16
C05629,Richard Wilson,richard.wilson717@example.com,North,2023-03-09
C05630,James Martinez,james.martinez6863@example.com,North,2022-11-19
C05631,Michael Taylor,michael.taylor1736@example.com,West,2021-10-02
C05632,Elizabeth Rodriguez,elizabeth.rodriguez1190@example.com,West,2023-10-04
C05633,Sarah Moore,sarah.moore4717@example.com,West,2022-03-29
C05634,Robert Williams,robert.williams7055@example.com,South,2022-07-15
C05635,Robert Miller,robert.miller8599@example.com,East,2022-06-05
C05636,James Anderson,james.anderson1250@example.com,North,2021-12-18
C05637,Karen Taylor,,South,2021-02-22
C05638,Barbara Smith,barbara.smith6974@example.com,North,2022-11-27
C05639,Linda Davis,linda.davis3264@example.com,West,2022-06-06
C05640,Joseph Jackson,joseph.jackson5191@example.com,North,2021-12-06
C05641,Elizabeth Jackson,elizabeth.jackson2913@example.com,South,2021-05-28
C05642,Barbara Garcia,barbara.garcia780@example.com,East,2023-06-22
C05643,Richard Moore,richard.moore59@example.com,South,2023-05-31
C05644,Jennifer Hernandez,jennifer.hernandez746@example.com,North,2022-04-12
C05645,Robert Rodriguez,robert.rodriguez9833@example.com,Central,2021-04-21
C05646,Linda Garcia,linda.garcia5987@example.com,South,2023-03-25
C05647,Robert Davis,robert.davis9194@example.com,East,2022-04-21
C05648,Jessica Gonzalez,jessica.gonzalez5813@example.com,Central,2022-06-29
C05649,Robert Moore,robert.moore5839@example.com,North,2021-02-23
C05650,Thomas Wilson,thomas.wilson4173@example.com,East,2022-05-19
C05651,Robert Jackson,robert.jackson767@example.com,North,2021-04-28
C05652,William Taylor,william.taylor8120@example.com,East,2022-10-08
C05653,Patricia Moore,patricia.moore2053@example.com,West,2021-08-03
C05654,Mary Martin,mary.martin852@example.com,East,2022-04-20
C05655,Charles Brown,charles.brown1176@example.com,West,2021-01-21
C05656,James Miller,james.miller4198@example.com,Central,2023-10-30
C05657,William Taylor,william.taylor6491@example.com,West,2023-09-08
C05658,Elizabeth Rodriguez,elizabeth.rodriguez9812@example.com,West,2023-06-26
C05659,Robert Davis,robert.davis6452@example.com,North,2023-08-21
C05660,William Brown,,North,2022-01-31
C05661,Susan Taylor,susan.taylor9736@example.com,South,2021-09-29
C05662,Sarah Jackson,,South,2023-01-18
C05663,Patricia Gonzalez,patricia.gonzalez299@example.com,Central,2022-11-04
C05664,Jessica Anderson,jessica.anderson6119@example.com,West,2022-08-17
C05665,Sarah Johnson,sarah.johnson3556@example.com,North,2023-03-31
C05666,Jessica Taylor,jessica.taylor1139@example.com,South,2021-05-18
C05667,Linda Hernandez,linda.hernandez4000@example.com,East,2023-11-22
C05668,Linda Martin,,Central,2023-01-03
C05669,Linda Martin,linda.martin6008@example.com,West,2022-12-10
C05670,Michael Garcia,michael.garcia9832@example.com,West,2022-08-18
C05671,James Williams,james.williams1378@example.com,Central,2022-09-16
C05672,Joseph Hernandez,joseph.hernandez4462@example.com,South,2023-07-10
C05673,Joseph Johnson,joseph.johnson4514@example.com,Central,2023-05-05
C05674,Joseph Moore,joseph.moore1112@example.com,East,2023-03-09
C05675,David Jackson,david.jackson7853@example.com,South,2021-07-12
C05676,Mary Miller,,West,2023-04-03
C05677,Sarah Jackson,sarah.jackson1583@example.com,Central,2021-02-11
C05678,Elizabeth Brown,elizabeth.brown8142@example.com,East,2022-07-24
C05679,Michael Johnson,michael.johnson7763@example.com,South,2023-10-27
C05680,Thomas Anderson,thomas.anderson7438@example.com,West,2021-07-26
C05681,Richard Hernandez,richard.hernandez8296@example.com,South,2022-09-24
C05682,John Brown,john.brown526@example.com,East,2023-05-10
C05683,Joseph Brown,joseph.brown2383@example.com,West,2021-05-17
C05684,Sarah Jones,sarah.jones9615@example.com,South,2023-12-30
C05685,Thomas Lopez,thomas.lopez2697@example.com,Central,2023-04-09
C05686,James Taylor,james.taylor4788@example.com,East,2022-11-17
C05687,Barbara Miller,barbara.miller7622@example.com,North,2022-07-24
C05688,Michael Anderson,michael.anderson6822@example.com,Central,2023-04-07
C05689,Jessica Smith,jessica.smith8079@example.com,West,2022-06-08
C05690,William Moore,william.moore1565@example.com,,2021-05-02
C05691,William Johnson,william.johnson7284@example.com,North,2021-09-09
C05692,Mary Wilson,mary.wilson5118@example.com,North,2023-09-23
C05693,Jennifer Jackson,jennifer.jackson6736@example.com,South,2023-10-28
C05694,David Martinez,david.martinez2521@example.com,South,2022-06-14
C05695,Charles Thomas,charles.thomas9433@example.com,Central,2023-02-07
C05696,Patricia Martin,patricia.martin7872@example.com,West,2022-10-21
C05697,William Anderson,william.anderson6001@example.com,West,2022-05-14
C05698,Jessica Williams,jessica.williams981@example.com,East,2021-10-20
C05699,Barbara Jackson,barbara.jackson904@example.com,West,2022-10-26
C05700,Michael Gonzalez,michael.gonzalez34@example.com,North,2022-04-05
C05701,James Rodriguez,james.rodriguez1004@example.com,South,2021-05-01
C05702,Mary Martinez,mary.martinez1982@example.com,North,2023-03-24
C05703,Jessica Anderson,jessica.anderson5770@example.com,North,2021-11-15
C05704,Joseph Jackson,joseph.jackson7680@example.com,West,2022-10-30
C05705,James Wilson,james.wilson4844@example.com,West,2021-02-18
C05706,Elizabeth Miller,elizabeth.miller8385@example.com,North,2023-04-14
C05707,Joseph Gonzalez,joseph.gonzalez2220@example.com,South,2023-06-17
C05708,Mary Jones,mary.jones5698@example.com,North,2022-04-21
C05709,Charles Williams,charles.williams5220@example.com,West,2023-09-16
C05710,Robert Hernandez,robert.hernandez6858@example.com,East,2023-08-16
C05711,Thomas Garcia,thomas.garcia735@example.com,West,2023-03-12
C05712,Patricia Hernandez,,South,2021-05-13
C05713,Linda Rodriguez,linda.rodriguez484@example.com,West,2021-10-04
C05714,Robert Johnson,robert.johnson7078@example.com,West,2022-10-24
C05715,Elizabeth Smith,elizabeth.smith5314@example.com,South,2021-08-22
C05716,Susan Jackson,susan.jackson4548@example.com,South,2023-10-23
C05717,Susan Williams,susan.williams7641@example.com,North,2021-05-19
C05718,Linda Taylor,linda.taylor525@example.com,West,2021-08-26
C05719,Linda Gonzalez,linda.gonzalez7268@example.com,Central,2023-01-01
C05720,David Lopez,david.lopez2186@example.com,East,2023-06-22
C05721,James Lopez,james.lopez5987@example.com,North,2021-11-17
C05722,Karen Lopez,karen.lopez592@example.com,Central,2022-07-01
C05723,Elizabeth Williams,elizabeth.williams2076@example.com,East,2023-06-08
C05724,Jennifer Hernandez,jennifer.hernandez9197@example.com,South,2022-05-20
C05725,David Wilson,,South,2022-12-10
C05726,John Lopez,john.lopez1432@example.com,Central,2023-07-04
C05727,Barbara Williams,barbara.williams9586@example.com,Central,2022-11-17
C05728,Michael Williams,michael.williams2829@example.com,South,2022-05-30
C05729,David Taylor,david.taylor326@example.com,Central,2023-05-17
C05730,Jennifer Brown,jennifer.brown3234@example.com,West,2023-03-24
C05731,William Gonzalez,william.gonzalez1261@example.com,West,2022-05-24
C05732,Robert Jones,robert.jones2090@example.com,East,2023-07-10
C05733,Mary Taylor,mary.taylor1553@example.com,North,2023-12-18
C05734,Patricia Garcia,patricia.garcia9550@example.com,North,2022-07-13
C05735,Mary Moore,mary.moore9849@example.com,East,2022-09-11
C05736,Sarah Brown,sarah.brown2225@example.com,Central,2022-05-27
C05737,James Smith,james.smith8540@example.com,East,2021-01-25
C05738,David Taylor,david.taylor685@example.com,,2022-03-20
C05739,Elizabeth Smith,elizabeth.smith5570@example.com,Central,2021-08-19
C05740,Mary Hernandez,mary.hernandez6172@example.com,South,2023-11-28
C05741,Susan Jackson,,South,2022-04-29
C05742,John Brown,john.brown6733@example.com,Central,2021-02-15
C05743,Robert Williams,robert.williams2634@example.com,East,2023-07-07
C05744,Susan Rodriguez,susan.rodriguez2363@example.com,South,2022-12-12
C05745,Charles Taylor,charles.taylor3116@example.com,South,2022-07-02
C05746,Karen Taylor,karen.taylor9176@example.com,East,2022-10-20
C05747,Karen Williams,karen.williams2821@example.com,Central,2022-05-17
C05748,Linda Williams,linda.williams4256@example.com,East,2022-12-26
C05749,Jessica Brown,jessica.brown6875@example.com,West,2023-11-16
C05750,Patricia Miller,patricia.miller372@example.com,Central,2021-04-28
C05751,Elizabeth Davis,elizabeth.davis8214@example.com,West,2021-07-25
C05752,Richard Rodriguez,,West,2022-10-24
C05753,Michael Jones,michael.jones2083@example.com,North,2021-10-30
C05754,William Moore,william.moore8016@example.com,North,2023-04-27
C05755,Patricia Miller,patricia.miller9315@example.com,East,2022-10-19
C05756,Sarah Gonzalez,sarah.gonzalez1943@example.com,North,2023-10-30
C05757,Michael Jackson,michael.jackson4021@example.com,North,2023-01-26
C05758,William Rodriguez,william.rodriguez2307@example.com,West,2022-12-24
C05759,Charles Moore,charles.moore8355@example.com,,2023-02-24
C05760,Barbara Gonzalez,barbara.gonzalez3214@example.com,Central,2021-10-18
C05761,Joseph Wilson,joseph.wilson2675@example.com,West,2021-06-19
C05762,Jennifer Thomas,jennifer.thomas5579@example.com,East,2022-02-26
C05763,Karen Martin,karen.martin5643@example.com,West,2021-03-09
C05764,Jennifer Jones,,West,2021-02-24
C05765,Susan Jones,susan.jones9242@example.com,North,2023-03-03
C05766,Charles Martinez,charles.martinez4383@example.com,East,2022-07-23
C05767,Patricia Martinez,patricia.martinez4043@example.com,North,2022-01-17
C05768,Linda Brown,linda.brown8661@example.com,West,2021-04-13
C05769,Susan Wilson,susan.wilson7969@example.com,East,2021-10-06
C05770,Mary Brown,mary.brown1303@example.com,North,2022-04-17
C05771,Thomas Rodriguez,thomas.rodriguez4046@example.com,Central,2021-02-06
C05772,John Moore,john.moore7324@example.com,West,2022-12-10
C05773,Linda Miller,linda.miller4629@example.com,East,2022-04-08
C05774,Karen Jones,karen.jones2195@example.com,East,2023-10-06
C05775,Jessica Anderson,jessica.anderson2974@example.com,East,2022-11-26
C05776,Mary Garcia,mary.garcia1748@example.com,Central,2022-12-07
C05777,Jennifer Williams,jennifer.williams1636@example.com,East,2023-06-04
C05778,Mary Davis,mary.davis6201@example.com,South,2023-03-23
C05779,Sarah Thomas,sarah.thomas8881@example.com,East,2021-02-02
C05780,Elizabeth Anderson,elizabeth.anderson5427@example.com,Central,2022-05-21
C05781,Barbara Taylor,barbara.taylor9734@example.com,West,2023-02-25
C05782,Charles Davis,charles.davis9663@example.com,East,2021-04-22
C05783,Robert Hernandez,robert.hernandez5088@example.com,West,2023-08-30
C05784,Charles Martinez,charles.martinez6743@example.com,West,2023-12-12
C05785,John Taylor,john.taylor9331@example.com,West,2023-04-29
C05786,John Davis,john.davis9408@example.com,East,2022-11-03
C05787,Charles Jones,charles.jones1060@example.com,Central,2023-06-17
C05788,Jennifer Davis,jennifer.davis5443@example.com,North,2022-07-30
C05789,Joseph Miller,joseph.miller8100@example.com,West,2022-02-07
C05790,Thomas Jackson,thomas.jackson6211@example.com,East,2023-10-08
C05791,Joseph Jackson,joseph.jackson1408@example.com,Central,2021-11-11
C05792,Robert Smith,robert.smith721@example.com,North,2021-03-03
C05793,Patricia Rodriguez,patricia.rodriguez2915@example.com,West,2021-04-29
C05794,Richard Garcia,richard.garcia5239@example.com,West,2022-11-28
C05795,Patricia Rodriguez,patricia.rodriguez9547@example.com,North,2023-03-26
C05796,Joseph Brown,joseph.brown230@example.com,,2022-06-28
C05797,Barbara Taylor,barbara.taylor7926@example.com,East,2021-12-24
C05798,Jessica Martinez,jessica.martinez9653@example.com,West,2021-09-21
C05799,Karen Martinez,karen.martinez8459@example.com,North,2022-12-09
C05800,Patricia Anderson,patricia.anderson2037@example.com,South,2021-05-11
C05801,Jennifer Miller,jennifer.miller4195@example.com,South,2023-06-04
C05802,Joseph Lopez,joseph.lopez7332@example.com,West,2022-05-29
C05803,Robert Gonzalez,robert.gonzalez5486@example.com,West,2022-02-28
C05804,John Smith,john.smith4908@example.com,Central,2021-07-08
C05805,William Smith,william.smith7706@example.com,North,2022-01-09
C05806,Thomas Smith,thomas.smith6766@example.com,Central,2023-09-13
C05807,William Gonzalez,william.gonzalez6440@example.com,West,2023-10-16
C05808,William Thomas,william.thomas2484@example.com,North,2021-12-15
C05809,Elizabeth Davis,elizabeth.davis6034@example.com,Central,2022-05-17
C05810,Mary Miller,mary.miller2518@example.com,South,2023-02-01
C05811,Robert Lopez,robert.lopez5340@example.com,West,2022-10-18
C05812,James Thomas,james.thomas9179@example.com,North,2021-12-27
C05813,Thomas Davis,thomas.davis9755@example.com,West,2022-07-03
C05814,Susan Williams,susan.williams3006@example.com,North,2022-02-24
C05815,Richard Davis,richard.davis1759@example.com,West,2023-06-23
C05816,David Gonzalez,david.gonzalez4885@example.com,Central,2021-03-20
C05817,Charles Hernandez,charles.hernandez1043@example.com,East,2023-04-02
C05818,Michael Smith,michael.smith1011@example.com,South,2021-08-30
C05819,Mary Lopez,mary.lopez1266@example.com,North,2023-08-05
C05820,Mary Martinez,mary.martinez8216@example.com,South,2023-01-16
C05821,Michael Thomas,michael.thomas4037@example.com,East,2023-09-16
C05822,Jennifer Martin,jennifer.martin5193@example.com,Central,2023-08-02
C05823,Jessica Johnson,jessica.johnson5483@example.com,Central,2021-03-17
C05824,Jessica Williams,jessica.williams2985@example.com,Central,2021-07-16
C05825,David Martinez,david.martinez8997@example.com,,2021-09-18
C05826,Charles Davis,charles.davis3554@example.com,North,2021-09-21
C05827,Richard Taylor,richard.taylor9371@example.com,East,2021-11-17
C05828,John Davis,john.davis7120@example.com,Central,2023-01-07
C05829,Jessica Thomas,jessica.thomas1370@example.com,Central,2023-12-14
C05830,William Garcia,william.garcia6135@example.com,Central,2023-04-28
C05831,John Thomas,john.thomas7140@example.com,East,2021-11-17
C05832,Robert Davis,robert.davis6040@example.com,South,2022-10-24
C05833,Sarah Thomas,sarah.thomas424@example.com,West,2021-11-06
C05834,Robert Moore,robert.moore2906@example.com,South,2023-01-01
C05835,Robert Moore,robert.moore7190@example.com,West,2022-02-02
C05836,Barbara Martin,barbara.martin6717@example.com,South,2022-09-27
C05837,Jessica Rodriguez,jessica.rodriguez6757@example.com,East,2023-07-21
C05838,Robert Taylor,robert.taylor4021@example.com,North,2021-09-09
C05839,Sarah Lopez,sarah.lopez808@example.com,North,2023-09-11
C05840,David Gonzalez,david.gonzalez5088@example.com,East,2022-11-25
C05841,Sarah Brown,sarah.brown197@example.com,North,2023-05-12
C05842,Jessica Martin,jessica.martin8059@example.com,East,2023-06-11
C05843,John Jackson,john.jackson3476@example.com,Central,2023-02-11
C05844,Michael Gonzalez,michael.gonzalez4845@example.com,East,2022-03-26
C05845,Linda Martinez,linda.martinez7278@example.com,Central,2022-04-14
C05846,Michael Thomas,michael.thomas9457@example.com,South,2023-06-01
C05847,Jennifer Taylor,jennifer.taylor1876@example.com,North,2022-01-07
C05848,Michael Thomas,michael.thomas4755@example.com,West,2022-10-04
C05849,Mary Hernandez,mary.hernandez2697@example.com,,2021-01-08
C05850,William Thomas,william.thomas2140@example.com,North,2023-05-25
C05851,Jennifer Martin,jennifer.martin1246@example.com,Central,2022-04-29
C05852,Susan Gonzalez,susan.gonzalez264@example.com,East,2021-07-10
C05853,Joseph Martinez,joseph.martinez7942@example.com,South,2023-01-18
C05854,Michael Martin,michael.martin7229@example.com,Central,2023-07-12
C05855,Elizabeth Taylor,elizabeth.taylor9759@example.com,East,2023-01-12
C05856,Joseph Brown,joseph.brown4010@example.com,Central,2022-06-22
C05857,William Martin,william.martin6395@example.com,West,2022-10-18
C05858,Jennifer Hernandez,jennifer.hernandez7847@example.com,West,2022-05-01
C05859,Joseph Garcia,joseph.garcia1301@example.com,Central,2023-07-22
C05860,Joseph Lopez,joseph.lopez6284@example.com,North,2021-06-16
C05861,Sarah Jackson,sarah.jackson8506@example.com,East,2022-03-29
C05862,Robert Garcia,robert.garcia9743@example.com,North,2022-10-25
C05863,Charles Smith,charles.smith5238@example.com,North,2023-02-17
C05864,David Moore,david.moore5970@example.com,East,2021-05-18
C05865,Charles Davis,charles.davis4543@example.com,South,2021-09-15
C05866,Jessica Brown,jessica.brown2208@example.com,South,2021-04-24
C05867,Susan Hernandez,susan.hernandez3879@example.com,South,2023-01-25
C05868,Karen Thomas,karen.thomas5141@example.com,Central,2021-02-11
C05869,Charles Gonzalez,charles.gonzalez2563@example.com,North,2021-01-01
C05870,Thomas Thomas,thomas.thomas9178@example.com,East,2023-10-30
C05871,Sarah Jones,sarah.jones7801@example.com,West,2023-05-21
C05872,Linda Johnson,linda.johnson9634@example.com,West,2023-11-22
C05873,Linda Wilson,linda.wilson6305@example.com,Central,2023-10-19
C05874,Thomas Hernandez,thomas.hernandez5489@example.com,North,2022-08-22
C05875,William Lopez,william.lopez760@example.com,South,2021-11-18
C05876,Karen Smith,,West,2022-01-08
C05877,Robert Gonzalez,robert.gonzalez5828@example.com,Central,2022-08-17
C05878,Richard Davis,richard.davis258@example.com,East,2022-12-21
C05879,Susan Thomas,susan.thomas1984@example.com,West,2023-06-25
C05880,Jennifer Rodriguez,jennifer.rodriguez5173@example.com,Central,2023-08-01
C05881,Mary Taylor,mary.taylor8206@example.com,West,2022-10-08
C05882,Michael Moore,michael.moore37@example.com,West,2023-09-05
C05883,Robert Wilson,robert.wilson8546@example.com,Central,2021-03-10
C05884,Joseph Smith,joseph.smith5722@example.com,South,2023-04-18
C05885,Karen Wilson,karen.wilson7348@example.com,South,2022-10-13
C05886,Richard Moore,richard.moore3971@example.com,North,2022-01-11
C05887,Jessica Taylor,jessica.taylor5466@example.com,Central,2021-11-15
C05888,Patricia Martinez,patricia.martinez9397@example.com,North,2021-07-31
C05889,Jessica Davis,jessica.davis42@example.com,West,2021-03-14
C05890,Thomas Lopez,thomas.lopez8695@example.com,West,2023-10-25
C05891,Michael Wilson,michael.wilson8453@example.com,West,2022-02-12
C05892,Sarah Gonzalez,sarah.gonzalez6973@example.com,West,2023-03-29
C05893,Jessica Thomas,jessica.thomas6085@example.com,East,2023-07-09
C05894,Linda Hernandez,linda.hernandez4762@example.com,North,2023-06-25
C05895,Jessica Jones,jessica.jones5797@example.com,East,2022-11-04
C05896,Sarah Martin,sarah.martin8228@example.com,North,2022-10-18
C05897,David Taylor,david.taylor7333@example.com,East,2022-08-21
C05898,Barbara Thomas,barbara.thomas2441@example.com,North,2021-08-22
C05899,James Martinez,james.martinez1404@example.com,West,2022-09-13
C05900,Charles Davis,charles.davis1916@example.com,North,2021-09-01
C05901,Susan Brown,susan.brown1409@example.com,East,2023-06-14
C05902,John Davis,,East,2022-12-31
C05903,Mary Johnson,mary.johnson679@example.com,East,2022-09-09
C05904,Mary Moore,mary.moore9621@example.com,West,2021-03-18
C05905,Richard Martinez,richard.martinez9945@example.com,Central,2023-06-15
C05906,Barbara Taylor,barbara.taylor668@example.com,South,2023-03-18
C05907,Michael Moore,michael.moore3565@example.com,West,2021-12-04
C05908,Elizabeth Lopez,elizabeth.lopez5329@example.com,North,2023-12-10
C05909,Linda Davis,linda.davis5726@example.com,East,2022-01-12
C05910,William Rodriguez,william.rodriguez6668@example.com,South,2021-03-14
C05911,Mary Johnson,mary.johnson4258@example.com,Central,2021-02-07
C05912,William Moore,william.moore8909@example.com,West,2021-12-06
C05913,David Brown,,Central,2023-06-16
C05914,Mary Jackson,mary.jackson9496@example.com,West,2023-10-17
C05915,James Jackson,james.jackson8210@example.com,West,2023-12-29
C05916,Sarah Brown,sarah.brown3652@example.com,South,2022-08-26
C05917,Richard Martin,richard.martin1780@example.com,Central,2021-04-22
C05918,Patricia Gonzalez,patricia.gonzalez4136@example.com,West,2021-11-11
C05919,Barbara Anderson,barbara.anderson3796@example.com,East,2021-08-10
C05920,Robert Anderson,robert.anderson6594@example.com,West,2021-11-28
C05921,Charles Lopez,charles.lopez8163@example.com,Central,2023-09-28
C05922,William Lopez,william.lopez609@example.com,Central,2023-07-14
C05923,Patricia Anderson,patricia.anderson3794@example.com,North,2023-10-13
C05924,Patricia Wilson,patricia.wilson604@example.com,South,2021-06-18
C05925,William Rodriguez,william.rodriguez7337@example.com,West,2022-06-27
C05926,William Brown,william.brown6062@example.com,East,2022-12-08
C05927,Thomas Jones,thomas.jones9824@example.com,West,2022-08-09
C05928,Barbara Rodriguez,barbara.rodriguez1415@example.com,Central,2021-08-23
C05929,Linda Anderson,linda.anderson9138@example.com,Central,2023-05-28
C05930,Robert Smith,robert.smith9879@example.com,Central,2023-06-29
C05931,Linda Martin,linda.martin6426@example.com,South,2021-12-22
C05932,Jessica Wilson,jessica.wilson40@example.com,West,2021-09-05
C05933,Elizabeth Wilson,elizabeth.wilson4285@example.com,,2021-12-15
C05934,Susan Brown,susan.brown3119@example.com,East,2022-12-25
C05935,David Gonzalez,david.gonzalez1415@example.com,South,2023-06-01
C05936,Robert Williams,robert.williams3405@example.com,North,2023-01-08
C05937,Barbara Williams,barbara.williams146@example.com,East,2021-09-29
C05938,Barbara Jones,barbara.jones7885@example.com,East,2023-10-28
C05939,Mary Taylor,mary.taylor4488@example.com,Central,2021-01-28
C05940,Joseph Garcia,joseph.garcia7714@example.com,West,2022-09-21
C05941,Mary Garcia,mary.garcia3472@example.com,North,2022-05-24
C05942,Robert Wilson,robert.wilson7699@example.com,South,2023-04-19
C05943,Robert Anderson,robert.anderson7327@example.com,West,2023-06-09
C05944,Karen Hernandez,karen.hernandez8301@example.com,North,2022-08-23
C05945,Richard Moore,richard.moore7313@example.com,West,2021-11-06
C05946,Charles Martinez,charles.martinez4399@example.com,South,2022-02-17
C05947,Susan Thomas,susan.thomas5679@example.com,West,2023-04-06
C05948,Susan Taylor,susan.taylor4271@example.com,Central,2021-01-10
C05949,David Davis,david.davis6625@example.com,West,2022-03-05
C05950,Jennifer Johnson,jennifer.johnson3136@example.com,North,2022-02-27
C05951,Patricia Thomas,patricia.thomas7376@example.com,East,2021-03-26
C05952,Michael Moore,michael.moore8750@example.com,South,2022-10-16
C05953,Patricia Taylor,patricia.taylor258@example.com,West,2021-01-24
C05954,Jennifer Davis,jennifer.davis6937@example.com,North,2022-03-31
C05955,Thomas Taylor,thomas.taylor5987@example.com,North,2022-07-20
C05956,Linda Jackson,linda.jackson7931@example.com,North,2022-05-19
C05957,William Williams,william.williams5203@example.com,North,2023-02-13
C05958,Susan Smith,susan.smith8194@example.com,South,2023-02-18
C05959,Barbara Johnson,barbara.johnson4747@example.com,South,2021-12-24
C05960,Robert Martinez,robert.martinez8102@example.com,Central,2022-11-21
C05961,Patricia Moore,patricia.moore2399@example.com,West,2021-07-23
C05962,Linda Hernandez,linda.hernandez707@example.com,South,2023-12-21
C05963,Elizabeth Johnson,elizabeth.johnson1268@example.com,West,2023-10-14
C05964,James Gonzalez,james.gonzalez2228@example.com,Central,2023-09-06
C05965,Barbara Garcia,barbara.garcia6925@example.com,West,2021-04-12
C05966,Sarah Miller,sarah.miller6861@example.com,West,2021-12-02
C05967,Patricia Martinez,patricia.martinez688@example.com,South,2022-02-06
C05968,Mary Taylor,mary.taylor7429@example.com,East,2021-02-06
C05969,Michael Martin,michael.martin165@example.com,South,2021-04-17
C05970,David Gonzalez,david.gonzalez2902@example.com,North,2021-12-30
C05971,Elizabeth Thomas,elizabeth.thomas4677@example.com,East,2023-07-09
C05972,Karen Taylor,karen.taylor8754@example.com,Central,2022-04-19
C05973,Jennifer Anderson,jennifer.anderson3743@example.com,East,2021-11-09
C05974,Karen Miller,karen.miller2834@example.com,West,2021-12-24
C05975,David Rodriguez,david.rodriguez610@example.com,Central,2022-05-25
C05976,Sarah Martinez,sarah.martinez8017@example.com,East,2021-06-24
C05977,Thomas Moore,thomas.moore6584@example.com,East,2023-07-20
C05978,Sarah Johnson,sarah.johnson941@example.com,Central,2022-07-07
C05979,Susan Miller,susan.miller6551@example.com,Central,2022-05-11
C05980,Jessica Lopez,jessica.lopez5890@example.com,East,2022-07-28
C05981,David Moore,david.moore3998@example.com,East,2023-10-21
C05982,Joseph Johnson,joseph.johnson9521@example.com,South,2021-10-24
C05983,Patricia Williams,patricia.williams3720@example.com,Central,2021-01-05
C05984,Elizabeth Miller,elizabeth.miller3433@example.com,East,2023-05-12
C05985,William Smith,william.smith1893@example.com,East,2021-07-05
C05986,Karen Miller,karen.miller3421@example.com,North,2023-06-10
C05987,Jennifer Garcia,jennifer.garcia6279@example.com,Central,2023-03-06
C05988,William Jones,william.jones6330@example.com,South,2023-02-16
C05989,Patricia Martinez,patricia.martinez860@example.com,South,2021-01-16
C05990,John Thomas,john.thomas1405@example.com,North,2022-08-28
C05991,David Anderson,david.anderson4097@example.com,North,2023-01-12
C05992,James Moore,james.moore1206@example.com,,2022-11-13
C05993,Susan Anderson,susan.anderson3814@example.com,South,2022-04-08
C05994,Barbara Martin,barbara.martin6048@example.com,West,2022-01-08
C05995,William Brown,william.brown3930@example.com,North,2022-01-16
C05996,Thomas Gonzalez,thomas.gonzalez7847@example.com,North,2022-10-31
C05997,Susan Smith,susan.smith2762@example.com,South,2023-01-21
C05998,Joseph Anderson,joseph.anderson7272@example.com,East,2023-01-23
C05999,Jessica Williams,jessica.williams8166@example.com,South,2023-10-13
C06000,Karen Martin,karen.martin8081@example.com,East,2021-09-07
C06001,David Taylor,david.taylor7612@example.com,Central,2023-12-10
C06002,Karen Brown,karen.brown6571@example.com,Central,2021-07-22
C06003,Jessica Brown,jessica.brown5198@example.com,North,2022-06-13
C06004,Jennifer Rodriguez,jennifer.rodriguez1901@example.com,Central,2023-01-17
C06005,Elizabeth Wilson,elizabeth.wilson7203@example.com,South,2023-08-21
C06006,William Williams,william.williams9395@example.com,North,2023-04-04
C06007,Karen Hernandez,karen.hernandez5084@example.com,East,2022-12-22
C06008,Jessica Smith,jessica.smith3147@example.com,North,2021-07-05
C06009,Jessica Gonzalez,jessica.gonzalez1464@example.com,West,2021-03-17
C06010,Patricia Brown,patricia.brown2060@example.com,Central,2021-07-05
C06011,Thomas Williams,thomas.williams7456@example.com,South,2023-08-21
C06012,Charles Gonzalez,charles.gonzalez5860@example.com,West,2021-03-04
C06013,John Jackson,john.jackson1046@example.com,East,2021-09-23
C06014,Richard Johnson,richard.johnson7172@example.com,South,2021-06-03
C06015,Patricia Wilson,patricia.wilson4591@example.com,South,2021-05-23
C06016,Patricia Rodriguez,patricia.rodriguez7751@example.com,East,2023-06-13
C06017,Robert Rodriguez,robert.rodriguez8654@example.com,South,2021-05-08
C06018,Susan Martinez,susan.martinez2070@example.com,North,2023-11-13
C06019,William Gonzalez,william.gonzalez899@example.com,Central,2021-07-20
C06020,David Martin,david.martin2439@example.com,West,2021-10-28
C06021,John Thomas,john.thomas4697@example.com,East,2022-04-24
C06022,Patricia Wilson,patricia.wilson4430@example.com,,2021-03-11
C06023,David Martinez,david.martinez1695@example.com,South,2021-08-02
C06024,Linda Martinez,linda.martinez6968@example.com,South,2021-01-25
C06025,Jessica Moore,jessica.moore9808@example.com,North,2023-05-28
C06026,Charles Hernandez,charles.hernandez7420@example.com,North,2023-12-16
C06027,Linda Smith,linda.smith4494@example.com,East,2022-07-24
C06028,Elizabeth Thomas,elizabeth.thomas5021@example.com,South,2022-04-02
C06029,Barbara Martin,barbara.martin7681@example.com,Central,2021-07-12
C06030,Susan Taylor,susan.taylor5903@example.com,East,2021-06-06
C06031,Jessica Hernandez,jessica.hernandez800@example.com,North,2022-03-15
C06032,Jessica Smith,jessica.smith1354@example.com,North,2023-03-26
C06033,Sarah Jackson,sarah.jackson7335@example.com,North,2023-01-05
C06034,Jennifer Jackson,jennifer.jackson349@example.com,East,2022-12-19
C06035,Jessica Jackson,jessica.jackson2510@example.com,Central,2021-11-10
C06036,Richard Gonzalez,richard.gonzalez8280@example.com,South,2021-12-19
C06037,Elizabeth Williams,elizabeth.williams6980@example.com,North,2022-12-11
C06038,William Johnson,william.johnson6247@example.com,West,2021-02-23
C06039,Thomas Moore,thomas.moore884@example.com,South,2021-09-09
C06040,Robert Brown,robert.brown7543@example.com,East,2021-11-01
C06041,Jennifer Miller,jennifer.miller3956@example.com,South,2023-09-23
C06042,Jessica Jones,,South,2022-12-06
C06043,Susan Brown,susan.brown6957@example.com,West,2022-06-19
C06044,John Miller,john.miller4576@example.com,West,2023-10-10
C06045,Michael Jones,michael.jones3303@example.com,West,2023-10-01
C06046,William Garcia,william.garcia1659@example.com,East,2021-01-25
C06047,Karen Rodriguez,,Central,2023-09-13
C06048,William Brown,william.brown6056@example.com,West,2022-08-12
C06049,Robert Hernandez,robert.hernandez826@example.com,East,2021-10-06
C06050,David Davis,david.davis36@example.com,Central,2023-10-04
C06051,Jessica Martin,jessica.martin9944@example.com,East,2022-01-09
C06052,Jessica Miller,jessica.miller7543@example.com,West,2023-12-03
C06053,Patricia Wilson,patricia.wilson1171@example.com,South,2022-10-19
C06054,Patricia Brown,patricia.brown1207@example.com,South,2021-03-02
C06055,Jessica Hernandez,jessica.hernandez3076@example.com,North,2022-06-17
C06056,Richard Jackson,richard.jackson4570@example.com,East,2021-08-01
C06057,Jennifer Miller,jennifer.miller2285@example.com,South,2021-12-15
C06058,Mary Moore,mary.moore7932@example.com,Central,2023-08-30
C06059,Mary Jackson,mary.jackson4988@example.com,North,2021-01-25
C06060,Thomas Lopez,thomas.lopez9206@example.com,Central,2021-12-14
C06061,Patricia Davis,patricia.davis1829@example.com,Central,2023-02-09
C06062,Mary Taylor,mary.taylor107@example.com,Central,2021-05-19
C06063,Barbara Brown,barbara.brown3800@example.com,West,2022-09-10
C06064,William Martin,william.martin8921@example.com,South,2022-02-09
C06065,Joseph Rodriguez,joseph.rodriguez7171@example.com,South,2021-07-16
C06066,Linda Miller,linda.miller7298@example.com,East,2023-03-22
C06067,Jennifer Martinez,jennifer.martinez6001@example.com,North,2023-09-27
C06068,James Smith,james.smith5258@example.com,East,2023-11-06
C06069,Thomas Jones,thomas.jones3350@example.com,Central,2021-09-12
C06070,Thomas Smith,thomas.smith9100@example.com,Central,2022-04-21
C06071,Thomas Hernandez,thomas.hernandez950@example.com,South,2022-07-29
C06072,Jessica Thomas,jessica.thomas9693@example.com,South,2023-11-22
C06073,Jessica Lopez,jessica.lopez3592@example.com,East,2022-08-27
C06074,Patricia Hernandez,patricia.hernandez3848@example.com,North,2021-02-03
C06075,Richard Wilson,richard.wilson6818@example.com,West,2023-04-03
C06076,Michael Davis,michael.davis1485@example.com,North,2021-07-11
C06077,Patricia Jackson,patricia.jackson5446@example.com,South,2022-05-17
C06078,Jessica Miller,jessica.miller1870@example.com,East,2022-04-17
C06079,Jessica Thomas,jessica.thomas1265@example.com,North,2022-03-17
C06080,Jessica Jackson,,North,2021-10-08
C06081,Mary Smith,mary.smith4699@example.com,East,2021-04-03
C06082,Jessica Jones,jessica.jones1582@example.com,East,2022-09-04
C06083,Robert Martinez,robert.martinez7072@example.com,West,2023-01-08
C06084,David Johnson,david.johnson6957@example.com,South,2021-02-19
C06085,David Davis,david.davis6302@example.com,West,2021-09-03
C06086,Robert Smith,robert.smith7378@example.com,North,2023-09-04
C06087,Sarah Martin,sarah.martin372@example.com,East,2022-10-20
C06088,James Moore,james.moore1618@example.com,West,2022-06-23
C06089,William Hernandez,william.hernandez7135@example.com,West,2021-06-12
C06090,Joseph Rodriguez,joseph.rodriguez4824@example.com,North,2022-06-18
C06091,Mary Lopez,mary.lopez1392@example.com,East,2022-10-30
C06092,Susan Thomas,,South,2023-03-18
C06093,Jessica Hernandez,jessica.hernandez9854@example.com,South,2021-02-19
C06094,John Davis,john.davis4219@example.com,North,2021-03-10
C06095,Barbara Moore,barbara.moore855@example.com,,2021-05-28
C06096,William Rodriguez,william.rodriguez7101@example.com,Central,2021-04-11
C06097,James Johnson,,East,2022-06-06
C06098,Barbara Rodriguez,barbara.rodriguez7569@example.com,South,2023-06-22
C06099,Barbara Garcia,barbara.garcia5920@example.com,East,2021-10-18
C06100,Elizabeth Gonzalez,elizabeth.gonzalez6964@example.com,West,2021-06-20
C06101,Michael Taylor,michael.taylor648@example.com,Central,2021-06-12
C06102,John Taylor,john.taylor1837@example.com,North,2023-02-26
C06103,Barbara Garcia,barbara.garcia6110@example.com,North,2022-11-07
C06104,Karen Smith,karen.smith5051@example.com,East,2023-06-19
C06105,John Thomas,john.thomas4207@example.com,West,2023-09-13
C06106,Jessica Gonzalez,jessica.gonzalez3092@example.com,North,2022-04-14
C06107,Jennifer Davis,jennifer.davis1993@example.com,West,2021-11-29
C06108,Barbara Martinez,barbara.martinez6157@example.com,Central,2022-08-23
C06109,William Gonzalez,william.gonzalez9728@example.com,East,2023-11-01
C06110,Karen Garcia,karen.garcia4118@example.com,North,2022-04-12
C06111,Jennifer Taylor,jennifer.taylor1103@example.com,South,2021-09-18
C06112,William Rodriguez,william.rodriguez8080@example.com,Central,2021-11-18
C06113,Charles Anderson,charles.anderson5319@example.com,North,2022-06-30
C06114,Elizabeth Taylor,elizabeth.taylor9425@example.com,North,2022-09-26
C06115,Richard Hernandez,richard.hernandez8920@example.com,West,2021-11-13
C06116,Elizabeth Moore,elizabeth.moore8244@example.com,North,2023-09-04
C06117,Linda Thomas,linda.thomas6510@example.com,West,2022-06-06
C06118,Charles Thomas,charles.thomas3372@example.com,North,2022-07-16
C06119,Robert Lopez,robert.lopez1828@example.com,Central,2023-05-18
C06120,Robert Moore,robert.moore9366@example.com,West,2023-07-27
C06121,Susan Wilson,susan.wilson6559@example.com,Central,2021-09-04
C06122,Karen Miller,karen.miller5977@example.com,East,2022-03-08
C06123,Patricia Anderson,patricia.anderson7131@example.com,West,2021-02-01
C06124,Thomas Lopez,thomas.lopez6889@example.com,West,2021-08-28
C06125,James Lopez,james.lopez7145@example.com,South,2023-05-02
C06126,Jessica Johnson,jessica.johnson4965@example.com,West,2023-09-13
C06127,Patricia Rodriguez,patricia.rodriguez558@example.com,West,2023-08-17
C06128,Mary Jones,mary.jones5984@example.com,North,2023-01-08
C06129,Barbara Martinez,barbara.martinez4196@example.com,North,2022-10-19
C06130,Joseph Hernandez,joseph.hernandez2166@example.com,South,2022-07-02
C06131,Sarah Rodriguez,sarah.rodriguez5849@example.com,East,2023-08-28
C06132,Richard Wilson,richard.wilson3450@example.com,East,2022-01-12
C06133,James Hernandez,james.hernandez433@example.com,East,2021-01-21
C06134,Joseph Garcia,joseph.garcia7708@example.com,West,2021-10-20
C06135,Jessica Gonzalez,jessica.gonzalez9369@example.com,Central,2023-10-17
C06136,Mary Moore,mary.moore9521@example.com,South,2023-05-24
C06137,Richard Smith,richard.smith3847@example.com,West,2021-03-05
C06138,Jennifer Anderson,jennifer.anderson7130@example.com,East,2021-12-20
C06139,Karen Martinez,karen.martinez3221@example.com,North,2023-09-15
C06140,Karen Gonzalez,karen.gonzalez1682@example.com,South,2023-08-15
C06141,Thomas Rodriguez,thomas.rodriguez2287@example.com,North,2022-08-13
C06142,Charles Williams,charles.williams9608@example.com,South,2023-05-28
C06143,Charles Hernandez,charles.hernandez356@example.com,West,2022-12-04
C06144,Karen Garcia,,West,2022-12-16
C06145,Susan Martin,susan.martin7806@example.com,West,2021-10-18
C06146,Michael Johnson,michael.johnson7836@example.com,North,2022-02-07
C06147,Michael Martinez,,South,2023-09-11
C06148,Elizabeth Davis,elizabeth.davis2914@example.com,West,2021-12-26
C06149,William Martin,william.martin4611@example.com,North,2023-02-16
C06150,Charles Lopez,charles.lopez1931@example.com,South,2022-09-08
C06151,Susan Rodriguez,susan.rodriguez646@example.com,North,2023-08-05
C06152,Karen Brown,karen.brown4312@example.com,East,2021-07-16
C06153,John Jones,john.jones451@example.com,South,2021-05-02
C06154,Barbara Martin,barbara.martin6305@example.com,West,2022-06-04
C06155,Robert Miller,robert.miller9404@example.com,East,2022-03-02
C06156,Jessica Lopez,jessica.lopez4703@example.com,Central,2023-02-28
C06157,Linda Thomas,linda.thomas7854@example.com,Central,2022-10-27
C06158,Mary Davis,mary.davis160@example.com,South,2023-08-31
C06159,Robert Williams,robert.williams7438@example.com,North,2023-01-03
C06160,Mary Hernandez,mary.hernandez5776@example.com,West,2021-10-26
C06161,William Martinez,william.martinez8373@example.com,West,2023-08-03
C06162,Jessica Jackson,jessica.jackson3942@example.com,Central,2022-07-04
C06163,Karen Williams,karen.williams2810@example.com,West,2023-11-04
C06164,Jessica Thomas,jessica.thomas4213@example.com,Central,2021-06-20
C06165,Mary Martinez,mary.martinez296@example.com,South,2023-02-20
C06166,David Garcia,david.garcia4616@example.com,East,2021-06-02
C06167,Thomas Johnson,,North,2021-01-17
C06168,Joseph Brown,joseph.brown9287@example.com,Central,2022-07-28
C06169,Linda Davis,linda.davis7478@example.com,South,2023-06-16
C06170,Thomas Brown,thomas.brown4770@example.com,South,2022-10-13
C06171,James Williams,james.williams9543@example.com,South,2021-06-12
C06172,James Brown,james.brown5297@example.com,East,2022-04-07
C06173,John Davis,john.davis7818@example.com,North,2021-05-15
C06174,Joseph Rodriguez,joseph.rodriguez9294@example.com,West,2021-02-26
C06175,Jessica Davis,jessica.davis112@example.com,North,2023-07-01
C06176,Michael Anderson,michael.anderson3492@example.com,Central,2021-04-01
C06177,John Smith,john.smith1601@example.com,East,2023-04-28
C06178,Jennifer Williams,jennifer.williams9038@example.com,South,2021-11-23
C06179,William Smith,william.smith2@example.com,South,2022-11-17
C06180,William Jackson,william.jackson6986@example.com,North,2022-10-04
C06181,John Rodriguez,john.rodriguez4089@example.com,North,2023-08-23
C06182,John Williams,john.williams9128@example.com,North,2021-03-08
C06183,Elizabeth Hernandez,elizabeth.hernandez862@example.com,East,2021-05-24
C06184,Patricia Jackson,patricia.jackson5374@example.com,West,2021-11-06
C06185,Jessica Gonzalez,jessica.gonzalez9838@example.com,East,2023-10-10
C06186,Jessica Martin,jessica.martin7161@example.com,East,2023-10-26
C06187,David Gonzalez,david.gonzalez2453@example.com,,2022-07-14
C06188,Jennifer Garcia,jennifer.garcia5073@example.com,East,2023-03-04
C06189,Charles Rodriguez,charles.rodriguez8196@example.com,North,2023-10-05
C06190,David Rodriguez,david.rodriguez1735@example.com,South,2023-10-19
C06191,Patricia Brown,patricia.brown4917@example.com,North,2023-01-26
C06192,Sarah Smith,sarah.smith1240@example.com,East,2023-10-01
C06193,Mary Moore,mary.moore2792@example.com,Central,2022-10-30
C06194,Mary Rodriguez,mary.rodriguez4438@example.com,North,2022-07-26
C06195,Robert Martin,robert.martin4270@example.com,West,2021-02-08
C06196,Thomas Moore,thomas.moore993@example.com,North,2021-09-11
C06197,Linda Anderson,linda.anderson8386@example.com,South,2022-06-01
C06198,Karen Anderson,karen.anderson705@example.com,East,2023-11-01
C06199,Patricia Martinez,patricia.martinez2456@example.com,North,2023-02-22
C06200,Sarah Williams,sarah.williams7195@example.com,North,2021-06-09
C06201,William Davis,william.davis6979@example.com,West,2022-04-08
C06202,Karen Anderson,karen.anderson6414@example.com,North,2022-10-03
C06203,William Brown,william.brown7521@example.com,East,2023-10-10
C06204,Susan Smith,susan.smith1317@example.com,West,2021-08-16
C06205,Sarah Smith,sarah.smith90@example.com,West,2022-01-02
C06206,Thomas Martinez,thomas.martinez6025@example.com,West,2023-05-27
C06207,Jessica Thomas,jessica.thomas750@example.com,West,2021-07-09
C06208,Karen Garcia,karen.garcia2898@example.com,South,2021-08-29
C06209,William Miller,william.miller175@example.com,Central,2021-08-15
C06210,Barbara Garcia,barbara.garcia7414@example.com,East,2022-03-31
C06211,Michael Wilson,michael.wilson7600@example.com,East,2021-04-22
C06212,Thomas Jackson,thomas.jackson1676@example.com,North,2022-07-03
C06213,Elizabeth Anderson,elizabeth.anderson6408@example.com,Central,2021-03-01
C06214,John Garcia,john.garcia2707@example.com,West,2021-05-05
C06215,Sarah Miller,sarah.miller6799@example.com,North,2021-03-20
C06216,Robert Lopez,robert.lopez8043@example.com,North,2023-04-07
C06217,Jennifer Johnson,jennifer.johnson6525@example.com,West,2023-02-01
C06218,David Martin,david.martin5763@example.com,Central,2021-09-10
C06219,Richard Anderson,richard.anderson6207@example.com,West,2021-11-07
C06220,Charles Gonzalez,charles.gonzalez5689@example.com,West,2022-01-30
C06221,Richard Johnson,richard.johnson2176@example.com,South,2023-02-09
C06222,Thomas Thomas,thomas.thomas3081@example.com,North,2021-12-31
C06223,David Rodriguez,david.rodriguez5892@example.com,Central,2021-02-10
C06224,Richard Martin,,West,2023-08-07
C06225,Michael Moore,michael.moore8160@example.com,Central,2022-08-12
C06226,Patricia Johnson,patricia.johnson834@example.com,West,2022-08-23
C06227,Thomas Martinez,thomas.martinez3947@example.com,Central,2021-02-25
C06228,James Rodriguez,james.rodriguez7055@example.com,East,2023-04-29
C06229,James Moore,james.moore9982@example.com,West,2023-02-26
C06230,William Jackson,william.jackson4014@example.com,Central,2022-08-06
C06231,Elizabeth Anderson,elizabeth.anderson835@example.com,East,2022-05-12
C06232,Mary Rodriguez,,West,2021-02-18
C06233,Jennifer Anderson,jennifer.anderson6971@example.com,North,2021-01-09
C06234,Mary Hernandez,mary.hernandez819@example.com,North,2022-11-03
C06235,Jessica Hernandez,jessica.hernandez4896@example.com,Central,2021-01-01
C06236,Sarah Martinez,sarah.martinez2949@example.com,North,2023-11-12
C06237,Jennifer Taylor,jennifer.taylor5334@example.com,West,2022-10-07
C06238,Linda Garcia,linda.garcia216@example.com,South,2023-01-09
C06239,John Hernandez,john.hernandez6059@example.com,North,2021-11-18
C06240,William Anderson,william.anderson1321@example.com,West,2023-08-29
C06241,Barbara Smith,barbara.smith5922@example.com,Central,2021-09-04
C06242,Thomas Rodriguez,thomas.rodriguez1439@example.com,East,2022-08-16
C06243,Patricia Jones,patricia.jones362@example.com,North,2021-03-27
C06244,William Lopez,william.lopez1110@example.com,Central,2022-03-12
C06245,Michael Jones,michael.jones7747@example.com,Central,2023-02-23
C06246,Sarah Jackson,sarah.jackson9567@example.com,South,2022-02-20
C06247,Mary Jackson,mary.jackson2472@example.com,South,2021-04-10
C06248,Richard Johnson,richard.johnson6013@example.com,West,2023-06-18
C06249,John Jones,john.jones4943@example.com,North,2022-02-25
C06250,Karen Martinez,karen.martinez1419@example.com,East,2021-05-23
C06251,Charles Davis,charles.davis7050@example.com,East,2023-06-02
C06252,Elizabeth Miller,elizabeth.miller7005@example.com,South,2022-09-20
C06253,David Martin,david.martin4587@example.com,West,2021-08-29
C06254,Barbara Johnson,barbara.johnson8898@example.com,North,2023-02-21
C06255,Linda Brown,linda.brown8751@example.com,Central,2023-04-22
C06256,Linda Davis,linda.davis760@example.com,North,2022-03-07
C06257,Linda Davis,linda.davis8490@example.com,South,2023-03-03
C06258,James Jones,,South,2022-06-14
C06259,James Smith,james.smith5085@example.com,Central,2023-02-17
C06260,Susan Taylor,susan.taylor4968@example.com,West,2023-03-08
C06261,Mary Garcia,mary.garcia7604@example.com,Central,2023-05-24
C06262,Michael Wilson,,South,2023-09-22
C06263,Michael Taylor,michael.taylor949@example.com,Central,2021-10-29
C06264,Michael Miller,michael.miller708@example.com,North,2021-12-14
C06265,Elizabeth Anderson,elizabeth.anderson8192@example.com,West,2023-12-09
C06266,Richard Jones,,Central,2023-04-28
C06267,Michael Gonzalez,michael.gonzalez7544@example.com,South,2021-05-20
C06268,Susan Moore,susan.moore9405@example.com,North,2023-03-29
C06269,Thomas Taylor,thomas.taylor1038@example.com,South,2021-04-07
C06270,Elizabeth Garcia,elizabeth.garcia6054@example.com,East,2023-10-29
C06271,James Wilson,james.wilson8945@example.com,West,2021-11-18
C06272,Elizabeth Brown,elizabeth.brown9989@example.com,Central,2022-03-21
C06273,Patricia Johnson,patricia.johnson9136@example.com,South,2021-01-09
C06274,Karen Moore,karen.moore5665@example.com,East,2023-12-23
C06275,Joseph Moore,joseph.moore9397@example.com,East,2023-12-30
C06276,Linda Miller,linda.miller4178@example.com,East,2023-07-27
C06277,Robert Gonzalez,robert.gonzalez982@example.com,South,2023-10-30
C06278,James Wilson,james.wilson6923@example.com,West,2022-10-18
C06279,Karen Jackson,karen.jackson7808@example.com,East,2021-02-19
C06280,Thomas Thomas,,South,2021-12-21
C06281,David Davis,david.davis7190@example.com,West,2023-12-14
C06282,Thomas Thomas,thomas.thomas379@example.com,North,2022-10-18
C06283,Jessica Moore,jessica.moore1613@example.com,West,2021-06-09
C06284,Elizabeth Garcia,elizabeth.garcia1957@example.com,East,2021-10-09
C06285,William Thomas,william.thomas9736@example.com,East,2021-08-16
C06286,Jessica Moore,jessica.moore2606@example.com,North,2023-09-06
C06287,Susan Wilson,,East,2023-06-22
C06288,Thomas Rodriguez,thomas.rodriguez6570@example.com,North,2022-11-12
C06289,Joseph Anderson,joseph.anderson4822@example.com,West,2023-09-22
C06290,Thomas Hernandez,thomas.hernandez7004@example.com,South,2022-12-05
C06291,Elizabeth Jones,elizabeth.jones4311@example.com,West,2021-12-24
C06292,Karen Garcia,karen.garcia9381@example.com,West,2023-05-11
C06293,Jessica Martin,jessica.martin4446@example.com,North,2022-06-17
C06294,Patricia Davis,patricia.davis8467@example.com,South,2023-12-13
C06295,Michael Davis,michael.davis2212@example.com,Central,2023-12-11
C06296,Richard Jones,richard.jones2542@example.com,East,2023-10-24
C06297,Susan Garcia,susan.garcia9225@example.com,West,2021-05-04
C06298,Linda Lopez,linda.lopez6578@example.com,East,2021-04-17
C06299,Sarah Martinez,sarah.martinez3290@example.com,North,2021-11-26
C06300,Susan Jones,susan.jones7882@example.com,,2023-03-28
C06301,Mary Johnson,mary.johnson1265@example.com,West,2022-08-08
C06302,Richard Johnson,richard.johnson9593@example.com,North,2021-03-16
C06303,Charles Williams,charles.williams105@example.com,North,2022-12-30
C06304,Charles Hernandez,charles.hernandez5062@example.com,East,2022-05-25
C06305,Mary Johnson,mary.johnson1575@example.com,Central,2023-03-31
C06306,Robert Thomas,robert.thomas4885@example.com,South,2021-01-09
C06307,David Garcia,david.garcia2139@example.com,Central,2023-07-27
C06308,Michael Johnson,michael.johnson8177@example.com,South,2023-04-24
C06309,Richard Lopez,richard.lopez6552@example.com,North,2023-07-06
C06310,Mary Moore,mary.moore6620@example.com,North,2023-10-11
C06311,John Miller,,South,2021-02-15
C06312,Susan Rodriguez,susan.rodriguez2886@example.com,West,2022-06-11
C06313,Linda Martinez,linda.martinez9426@example.com,West,2023-06-02
C06314,Barbara Johnson,barbara.johnson5241@example.com,East,2023-10-02
C06315,William Williams,william.williams1339@example.com,North,2023-02-05
C06316,Charles Lopez,charles.lopez3150@example.com,Central,2023-10-18
C06317,David Lopez,david.lopez9823@example.com,Central,2022-10-11
C06318,Charles Garcia,charles.garcia973@example.com,North,2022-10-24
C06319,Jennifer Taylor,jennifer.taylor2699@example.com,North,2021-07-22
C06320,Richard Rodriguez,,South,2021-10-02
C06321,Karen Thomas,karen.thomas7504@example.com,East,2022-08-12
C06322,Linda Davis,linda.davis2384@example.com,East,2023-07-25
C06323,Thomas Wilson,thomas.wilson8174@example.com,East,2021-04-21
C06324,Elizabeth Thomas,elizabeth.thomas7446@example.com,West,2023-09-12
C06325,Robert Taylor,robert.taylor3459@example.com,East,2021-01-21
C06326,Susan Anderson,,Central,2022-08-21
C06327,Elizabeth Garcia,elizabeth.garcia8321@example.com,Central,2023-02-16
C06328,William Jones,william.jones1985@example.com,South,2023-11-03
C06329,Barbara Martin,barbara.martin7698@example.com,North,2022-01-04
C06330,Elizabeth Taylor,elizabeth.taylor9702@example.com,East,2023-08-20
C06331,Charles Jackson,charles.jackson9305@example.com,Central,2022-04-14
C06332,William Lopez,william.lopez6208@example.com,North,2022-04-02
C06333,Elizabeth Miller,elizabeth.miller4346@example.com,West,2023-11-19
C06334,James Wilson,james.wilson3547@example.com,South,2022-08-22
C06335,Linda Hernandez,linda.hernandez7370@example.com,East,2021-02-12
C06336,Jessica Miller,jessica.miller2024@example.com,South,2021-07-26
C06337,John Garcia,john.garcia6447@example.com,South,2023-11-13
C06338,John Hernandez,john.hernandez4195@example.com,West,2023-11-01
C06339,Charles Miller,charles.miller7609@example.com,West,2021-04-30
C06340,Barbara Smith,,East,2021-02-10
C06341,Richard Jones,richard.jones6306@example.com,South,2022-01-03
C06342,William Miller,william.miller2130@example.com,West,2023-10-13
C06343,Karen Taylor,karen.taylor862@example.com,West,2023-11-18
C06344,Karen Davis,karen.davis7225@example.com,Central,2022-11-05
C06345,Jennifer Miller,jennifer.miller9649@example.com,South,2021-08-11
C06346,Thomas Martinez,thomas.martinez5931@example.com,North,2022-04-05
C06347,Thomas Lopez,thomas.lopez7412@example.com,Central,2021-12-06
C06348,Richard Jones,,West,2022-12-22
C06349,Patricia Hernandez,patricia.hernandez9885@example.com,East,2022-08-05
C06350,Joseph Moore,joseph.moore8096@example.com,East,2022-04-04
C06351,Michael Miller,michael.miller1158@example.com,West,2022-04-12
C06352,John Miller,john.miller4895@example.com,East,2021-05-11
C06353,Karen Wilson,karen.wilson1553@example.com,West,2021-04-14
C06354,Robert Brown,robert.brown335@example.com,North,2023-12-19
C06355,Susan Martinez,susan.martinez9226@example.com,Central,2023-08-09
C06356,Mary Smith,mary.smith5752@example.com,South,2022-04-11
C06357,Thomas Johnson,thomas.johnson6911@example.com,Central,2022-11-09
C06358,Michael Thomas,michael.thomas6277@example.com,South,2023-08-16
C06359,Charles Garcia,charles.garcia8159@example.com,West,2022-01-02
C06360,Richard Taylor,richard.taylor7795@example.com,North,2022-12-14
C06361,Jennifer Rodriguez,jennifer.rodriguez3382@example.com,South,2021-02-23
C06362,Joseph Hernandez,joseph.hernandez7309@example.com,North,2022-09-06
C06363,William Martin,william.martin4386@example.com,North,2023-02-09
C06364,William Hernandez,william.hernandez9416@example.com,West,2022-06-23
C06365,Michael Moore,,Central,2021-10-16
C06366,Jessica Anderson,jessica.anderson1220@example.com,West,2022-04-14
C06367,Susan Taylor,,West,2021-08-13
C06368,Sarah Jones,sarah.jones5728@example.com,North,2022-01-28
C06369,John Moore,john.moore7120@example.com,North,2021-08-04
C06370,William Rodriguez,william.rodriguez6116@example.com,North,2023-04-05
C06371,Joseph Gonzalez,joseph.gonzalez157@example.com,East,2022-07-08
C06372,Linda Rodriguez,linda.rodriguez25@example.com,North,2023-03-15
C06373,Barbara Hernandez,barbara.hernandez7432@example.com,East,2023-05-09
C06374,Richard Lopez,richard.lopez7504@example.com,South,2023-09-04
C06375,Jessica Martinez,jessica.martinez1370@example.com,,2023-12-01
C06376,David Martin,david.martin345@example.com,South,2021-04-22
C06377,Karen Martinez,karen.martinez6984@example.com,South,2023-09-21
C06378,James Wilson,james.wilson1601@example.com,East,2023-08-06
C06379,Linda Smith,linda.smith5276@example.com,East,2021-01-01
C06380,Jessica Taylor,jessica.taylor1152@example.com,West,2022-02-19
C06381,Mary Jackson,mary.jackson6191@example.com,North,2021-04-14
C06382,Susan Gonzalez,susan.gonzalez1995@example.com,North,2023-07-31
C06383,Mary Hernandez,mary.hernandez9441@example.com,North,2023-08-20
C06384,Joseph Martin,joseph.martin7058@example.com,North,2022-08-07
C06385,Susan Anderson,susan.anderson529@example.com,Central,2021-04-10
C06386,Sarah Anderson,sarah.anderson4443@example.com,North,2021-11-03
C06387,Karen Taylor,,West,2022-09-29
C06388,Jessica Anderson,jessica.anderson9228@example.com,Central,2022-03-20
C06389,Joseph Lopez,joseph.lopez6608@example.com,West,2023-06-02
C06390,Jennifer Anderson,jennifer.anderson4156@example.com,South,2022-04-25
C06391,James Johnson,james.johnson9337@example.com,North,2022-06-12
C06392,Jessica Hernandez,jessica.hernandez9674@example.com,North,2022-02-03
C06393,Michael Gonzalez,michael.gonzalez7411@example.com,North,2022-11-02
C06394,Richard Anderson,richard.anderson8551@example.com,,2021-11-23
C06395,Sarah Garcia,sarah.garcia4814@example.com,West,2021-09-01
C06396,Linda Anderson,linda.anderson1307@example.com,East,2022-07-25
C06397,Jennifer Miller,jennifer.miller1734@example.com,Central,2022-04-28
C06398,Jessica Moore,jessica.moore1406@example.com,North,2021-05-09
C06399,Barbara Brown,barbara.brown8400@example.com,South,2021-02-17
C06400,James Rodriguez,james.rodriguez7211@example.com,East,2022-09-18
C06401,Elizabeth Martin,elizabeth.martin4289@example.com,East,2021-05-13
C06402,David Brown,david.brown9910@example.com,Central,2021-11-15
C06403,Jessica Moore,jessica.moore9251@example.com,North,2021-11-25
C06404,Susan Moore,susan.moore9774@example.com,Central,2023-05-23
C06405,Mary Wilson,mary.wilson8563@example.com,East,2021-06-15
C06406,Susan Wilson,susan.wilson6370@example.com,West,2021-11-08
C06407,Karen Rodriguez,karen.rodriguez2674@example.com,West,2023-08-19
C06408,Mary Moore,mary.moore489@example.com,Central,2022-12-07
C06409,Sarah Jones,sarah.jones4590@example.com,North,2023-09-10
C06410,Jessica Jackson,jessica.jackson5281@example.com,South,2021-01-14
C06411,Mary Davis,mary.davis963@example.com,East,2023-12-01
C06412,Susan Williams,susan.williams7329@example.com,Central,2021-12-31
C06413,Robert Martinez,robert.martinez4977@example.com,West,2021-07-25
C06414,Karen Rodriguez,karen.rodriguez9664@example.com,East,2022-03-10
C06415,Jennifer Lopez,jennifer.lopez1234@example.com,North,2021-10-07
C06416,Richard Davis,richard.davis3478@example.com,Central,2021-10-24
C06417,Joseph Thomas,joseph.thomas7758@example.com,East,2021-12-05
C06418,Susan Taylor,susan.taylor2824@example.com,East,2022-06-25
C06419,Michael Rodriguez,michael.rodriguez4196@example.com,South,2023-12-07
C06420,James Brown,james.brown1978@example.com,East,2022-07-21
C06421,Patricia Lopez,patricia.lopez1682@example.com,Central,2023-01-13
C06422,Barbara Davis,barbara.davis2574@example.com,South,2021-01-29
C06423,Thomas Miller,thomas.miller9991@example.com,North,2021-12-08
C06424,David Jones,david.jones3611@example.com,South,2021-10-24
C06425,Patricia Miller,patricia.miller9322@example.com,West,2023-06-05
C06426,David Wilson,david.wilson2717@example.com,West,2022-04-02
C06427,Barbara Smith,barbara.smith202@example.com,East,2022-10-30
C06428,David Taylor,david.taylor726@example.com,East,2021-12-16
C06429,Karen Martinez,karen.martinez683@example.com,Central,2023-02-16
C06430,Jennifer Lopez,jennifer.lopez5691@example.com,South,2023-07-15
C06431,James Wilson,james.wilson2577@example.com,East,2023-08-07
C06432,Michael Gonzalez,michael.gonzalez319@example.com,East,2021-09-30
C06433,Robert Wilson,robert.wilson2353@example.com,North,2023-08-01
C06434,Barbara Smith,barbara.smith1041@example.com,South,2023-07-10
C06435,James Miller,james.miller4928@example.com,East,2023-06-28
C06436,Jessica Hernandez,jessica.hernandez6222@example.com,Central,2023-05-14
C06437,Michael Thomas,michael.thomas1471@example.com,West,2023-08-26
C06438,James Taylor,james.taylor509@example.com,East,2022-01-13
C06439,Sarah Jackson,sarah.jackson9024@example.com,North,2021-11-04
C06440,Linda Martin,linda.martin6396@example.com,East,2023-01-15
C06441,Michael Thomas,michael.thomas6373@example.com,East,2021-11-21
C06442,David Gonzalez,david.gonzalez2535@example.com,,2022-02-25
C06443,William Wilson,william.wilson4201@example.com,South,2023-03-03
C06444,Patricia Miller,patricia.miller8484@example.com,North,2023-02-10
C06445,Mary Wilson,mary.wilson9344@example.com,South,2022-06-23
C06446,David Williams,david.williams606@example.com,Central,2021-11-08
C06447,Karen Jones,karen.jones1157@example.com,Central,2023-02-13
C06448,James Martinez,james.martinez3040@example.com,East,2021-08-05
C06449,Mary Davis,mary.davis6907@example.com,North,2022-11-14
C06450,Susan Garcia,susan.garcia5177@example.com,Central,2022-09-07
C06451,John Jones,john.jones3511@example.com,Central,2021-01-04
C06452,Sarah Taylor,sarah.taylor8504@example.com,North,2021-07-07
C06453,James Anderson,james.anderson1630@example.com,South,2022-02-23
C06454,Richard Smith,richard.smith4006@example.com,West,2023-11-06
C06455,David Moore,david.moore8284@example.com,East,2023-09-27
C06456,Robert Brown,robert.brown3251@example.com,West,2023-05-04
C06457,Michael Moore,michael.moore3665@example.com,North,2021-06-05
C06458,Thomas Johnson,thomas.johnson4988@example.com,East,2021-04-06
C06459,Charles Thomas,charles.thomas9339@example.com,East,2023-02-09
C06460,Thomas Rodriguez,thomas.rodriguez2894@example.com,North,2021-03-09
C06461,John Taylor,john.taylor7742@example.com,South,2022-04-13
C06462,Patricia Brown,patricia.brown2614@example.com,East,2023-06-22
C06463,Elizabeth Gonzalez,elizabeth.gonzalez121@example.com,South,2021-08-07
C06464,Robert Williams,robert.williams8018@example.com,West,2021-02-04
C06465,Elizabeth Garcia,elizabeth.garcia4006@example.com,West,2023-12-14
C06466,Sarah Moore,sarah.moore1506@example.com,Central,2021-12-08
C06467,James Wilson,,East,2022-12-06
C06468,Robert Anderson,robert.anderson2744@example.com,North,2021-07-30
C06469,James Jackson,james.jackson5639@example.com,,2021-05-23
C06470,Joseph Martin,joseph.martin2964@example.com,North,2021-12-14
C06471,Robert Miller,robert.miller8901@example.com,North,2023-07-09
C06472,Mary Garcia,mary.garcia490@example.com,Central,2021-07-06
C06473,Karen Martinez,karen.martinez81@example.com,East,2023-03-05
C06474,John Davis,,West,2023-10-03
C06475,Jennifer Johnson,jennifer.johnson4626@example.com,Central,2021-01-15
C06476,Susan Miller,susan.miller5749@example.com,South,2021-08-18
C06477,Richard Garcia,richard.garcia6902@example.com,North,2022-07-12
C06478,Richard Brown,richard.brown7952@example.com,East,2022-11-24
C06479,Patricia Miller,patricia.miller3627@example.com,North,2023-06-27
C06480,Michael Johnson,michael.johnson9610@example.com,South,2021-01-01
C06481,Jessica Martinez,jessica.martinez1530@example.com,South,2023-05-10
C06482,Susan Hernandez,susan.hernandez3914@example.com,North,2023-02-26
C06483,Linda Taylor,linda.taylor5930@example.com,South,2021-07-27
C06484,Charles Hernandez,,North,2022-09-04
C06485,Patricia Gonzalez,patricia.gonzalez2321@example.com,West,2021-07-09
C06486,Elizabeth Wilson,elizabeth.wilson8512@example.com,North,2023-01-13
C06487,James Smith,james.smith3689@example.com,East,2023-01-09
C06488,Thomas Martinez,thomas.martinez6366@example.com,East,2021-05-01
C06489,Patricia Taylor,patricia.taylor1730@example.com,Central,2022-03-14
C06490,Jennifer Smith,jennifer.smith1556@example.com,East,2023-12-06
C06491,Sarah Martin,sarah.martin115@example.com,North,2021-08-18
C06492,Jessica Lopez,jessica.lopez530@example.com,East,2021-11-27
C06493,Richard Anderson,richard.anderson7753@example.com,North,2021-07-12
C06494,Richard Garcia,richard.garcia2382@example.com,Central,2022-08-05
C06495,Michael Martin,michael.martin7067@example.com,Central,2023-10-20
C06496,Jennifer Smith,jennifer.smith2330@example.com,East,2023-09-23
C06497,John Smith,john.smith3726@example.com,East,2023-09-27
C06498,Richard Martinez,richard.martinez1449@example.com,South,2023-08-19
C06499,Patricia Jackson,patricia.jackson7174@example.com,East,2022-08-31
C06500,Barbara Jackson,barbara.jackson6033@example.com,Central,2021-04-12
C06501,Robert Martin,robert.martin303@example.com,Central,2023-08-22
C06502,Michael Hernandez,michael.hernandez6959@example.com,East,2023-07-09
C06503,Robert Jackson,robert.jackson4165@example.com,North,2021-02-20
C06504,Charles Taylor,charles.taylor2614@example.com,North,2021-08-27
C06505,William Wilson,william.wilson4869@example.com,South,2023-05-07
C06506,James Anderson,james.anderson4844@example.com,North,2021-01-27
C06507,Jennifer Garcia,jennifer.garcia5948@example.com,East,2022-02-19
C06508,John Miller,john.miller4172@example.com,West,2022-01-18
C06509,Sarah Smith,sarah.smith9438@example.com,North,2022-06-29
C06510,Mary Brown,mary.brown6364@example.com,West,2022-12-20
C06511,Sarah Rodriguez,sarah.rodriguez9085@example.com,North,2022-02-23
C06512,Michael Martin,michael.martin6654@example.com,North,2021-12-02
C06513,Charles Wilson,charles.wilson5800@example.com,North,2021-05-05
C06514,Richard Martinez,richard.martinez6332@example.com,West,2023-09-10
C06515,Richard Rodriguez,richard.rodriguez7595@example.com,East,2022-11-09
C06516,Mary Moore,mary.moore4285@example.com,North,2021-06-09
C06517,Elizabeth Davis,elizabeth.davis9398@example.com,South,2021-02-01
C06518,Charles Jackson,charles.jackson2796@example.com,,2023-12-03
C06519,Barbara Hernandez,barbara.hernandez1755@example.com,Central,2021-11-10
C06520,David Hernandez,,South,2023-04-19
C06521,David Jackson,david.jackson1931@example.com,North,2023-12-20
C06522,Mary Lopez,mary.lopez3043@example.com,South,2021-03-29
C06523,David Miller,david.miller248@example.com,West,2021-01-31
C06524,Sarah Davis,sarah.davis870@example.com,Central,2021-08-03
C06525,Susan Thomas,susan.thomas7601@example.com,Central,2021-05-14
C06526,Charles Brown,charles.brown285@example.com,West,2023-07-28
C06527,Mary Martin,mary.martin5800@example.com,East,2022-09-20
C06528,Barbara Rodriguez,barbara.rodriguez402@example.com,Central,2021-08-27
C06529,Elizabeth Davis,elizabeth.davis8354@example.com,West,2022-09-18
C06530,Linda Brown,linda.brown5201@example.com,East,2023-05-20
C06531,Karen Hernandez,karen.hernandez9822@example.com,Central,2023-02-12
C06532,Jennifer Wilson,jennifer.wilson3713@example.com,West,2022-06-26
C06533,Linda Thomas,linda.thomas703@example.com,Central,2021-03-24
C06534,David Wilson,david.wilson6644@example.com,North,2022-06-28
C06535,John Davis,john.davis5050@example.com,West,2022-04-18
C06536,Robert Jackson,robert.jackson8307@example.com,Central,2023-06-03
C06537,Mary Lopez,mary.lopez1422@example.com,West,2021-11-24
C06538,William Garcia,william.garcia3896@example.com,South,2022-03-17
C06539,Joseph Davis,joseph.davis8751@example.com,South,2023-12-13
C06540,William Miller,william.miller4707@example.com,East,2023-09-14
C06541,Patricia Wilson,patricia.wilson9201@example.com,North,2022-08-11
C06542,Joseph Gonzalez,,South,2023-09-14
C06543,Linda Lopez,linda.lopez5113@example.com,East,2023-05-06
C06544,Elizabeth Anderson,elizabeth.anderson3179@example.com,North,2023-11-15
C06545,Sarah Hernandez,sarah.hernandez9707@example.com,West,2021-02-08
C06546,James Moore,james.moore8564@example.com,East,2022-02-03
C06547,Mary Brown,mary.brown4886@example.com,East,2021-08-02
C06548,Richard Lopez,,Central,2022-06-26
C06549,John Taylor,john.taylor619@example.com,South,2023-04-04
C06550,Jennifer Moore,jennifer.moore8633@example.com,West,2022-02-25
C06551,William Gonzalez,william.gonzalez557@example.com,Central,2023-06-08
C06552,Michael Williams,michael.williams4292@example.com,North,2022-01-25
C06553,Joseph Jones,joseph.jones2486@example.com,South,2021-01-15
C06554,Elizabeth Hernandez,elizabeth.hernandez111@example.com,North,2023-12-11
C06555,Linda Rodriguez,linda.rodriguez9301@example.com,North,2023-10-01
C06556,Susan Rodriguez,susan.rodriguez9514@example.com,West,2023-04-14
C06557,Sarah Brown,sarah.brown3334@example.com,West,2021-11-27
C06558,Jessica Moore,jessica.moore1692@example.com,East,2022-03-02
C06559,Charles Garcia,charles.garcia5981@example.com,Central,2021-12-25
C06560,John Miller,john.miller6514@example.com,West,2022-05-04
C06561,Linda Taylor,linda.taylor5094@example.com,West,2023-07-21
C06562,Richard Smith,richard.smith2532@example.com,East,2021-01-30
C06563,Jessica Garcia,jessica.garcia6778@example.com,East,2021-05-26
C06564,James Hernandez,james.hernandez497@example.com,North,2021-06-02
C06565,Jennifer Taylor,jennifer.taylor8368@example.com,West,2022-03-30
C06566,Karen Moore,karen.moore5390@example.com,Central,2021-04-29
C06567,Sarah Jones,sarah.jones3012@example.com,Central,2023-05-22
C06568,Charles Lopez,charles.lopez4095@example.com,South,2023-05-14
C06569,Charles Taylor,charles.taylor2436@example.com,South,2021-12-09
C06570,Elizabeth Taylor,elizabeth.taylor6789@example.com,North,2021-11-23
C06571,Linda Johnson,linda.johnson6371@example.com,North,2022-07-27
C06572,Richard Thomas,richard.thomas613@example.com,East,2021-06-08
C06573,Robert Moore,robert.moore15@example.com,West,2021-11-21
C06574,Mary Moore,mary.moore3303@example.com,South,2023-07-04
C06575,Elizabeth Taylor,elizabeth.taylor5403@example.com,South,2023-05-22
C06576,John Thomas,john.thomas3627@example.com,South,2023-07-30
C06577,Susan Smith,susan.smith6816@example.com,South,2022-11-11
C06578,John Davis,john.davis6679@example.com,Central,2023-01-07
C06579,Jessica Martinez,jessica.martinez1220@example.com,Central,2022-03-26
C06580,Susan Gonzalez,susan.gonzalez3993@example.com,West,2023-01-31
C06581,Susan Williams,susan.williams8310@example.com,South,2023-07-17
C06582,Jessica Thomas,jessica.thomas8595@example.com,South,2022-07-21
C06583,David Taylor,david.taylor3830@example.com,Central,2023-11-17
C06584,Michael Anderson,michael.anderson4779@example.com,Central,2022-01-25
C06585,Karen Gonzalez,karen.gonzalez615@example.com,East,2021-01-09
C06586,Jennifer Lopez,jennifer.lopez6389@example.com,North,2023-09-09
C06587,Thomas Garcia,thomas.garcia5454@example.com,Central,2021-05-27
C06588,Richard Brown,richard.brown56@example.com,West,2022-03-03
C06589,Jennifer Jackson,,Central,2021-03-05
C06590,Elizabeth Miller,elizabeth.miller8043@example.com,South,2021-01-20
C06591,Thomas Gonzalez,thomas.gonzalez5224@example.com,,2023-04-27
C06592,Patricia Martin,patricia.martin9726@example.com,North,2023-10-26
C06593,Michael Martin,michael.martin3386@example.com,South,2022-09-15
C06594,Mary Garcia,mary.garcia7717@example.com,Central,2023-01-06
C06595,Mary Williams,mary.williams6612@example.com,East,2023-08-31
C06596,Elizabeth Taylor,elizabeth.taylor6194@example.com,South,2021-01-23
C06597,Jessica Smith,jessica.smith5585@example.com,East,2023-09-08
C06598,Michael Taylor,michael.taylor4651@example.com,Central,2021-02-28
C06599,Susan Gonzalez,susan.gonzalez1908@example.com,North,2022-02-01
C06600,John Anderson,john.anderson6201@example.com,South,2023-02-07
C06601,Richard Martin,richard.martin7587@example.com,North,2022-08-24
C06602,Michael Davis,michael.davis6342@example.com,West,2022-11-12
C06603,Barbara Rodriguez,barbara.rodriguez6443@example.com,West,2022-07-04
C06604,Jennifer Wilson,jennifer.wilson351@example.com,South,2021-11-19
C06605,Elizabeth Martin,elizabeth.martin9648@example.com,Central,2021-04-13
C06606,Sarah Brown,sarah.brown8420@example.com,East,2021-03-16
C06607,Elizabeth Brown,elizabeth.brown4738@example.com,South,2022-04-02
C06608,Elizabeth Taylor,elizabeth.taylor7290@example.com,North,2023-03-11
C06609,Patricia Jackson,patricia.jackson3951@example.com,Central,2021-12-04
C06610,Jennifer Martin,jennifer.martin3413@example.com,Central,2022-08-20
C06611,Elizabeth Miller,elizabeth.miller1150@example.com,North,2022-07-17
C06612,David Hernandez,david.hernandez7202@example.com,Central,2021-03-25
C06613,Jessica Garcia,jessica.garcia5614@example.com,Central,2022-05-27
C06614,Mary Gonzalez,mary.gonzalez3437@example.com,East,2023-12-16
C06615,Michael Anderson,michael.anderson1208@example.com,East,2021-04-18
C06616,Elizabeth Brown,elizabeth.brown3869@example.com,West,2023-02-17
C06617,Jessica Martin,jessica.martin5920@example.com,South,2021-09-29
C06618,William Martin,william.martin6276@example.com,West,2023-05-14
C06619,Jessica Hernandez,jessica.hernandez5382@example.com,Central,2021-09-28
C06620,James Martin,james.martin5010@example.com,North,2022-07-23
C06621,Elizabeth Miller,elizabeth.miller9173@example.com,Central,2023-07-05
C06622,Richard Jackson,richard.jackson4569@example.com,South,2023-03-04
C06623,Jessica Rodriguez,jessica.rodriguez8945@example.com,Central,2023-03-12
C06624,Karen Smith,karen.smith8510@example.com,Central,2021-06-11
C06625,Elizabeth Brown,elizabeth.brown8835@example.com,East,2022-08-08
C06626,Karen Johnson,karen.johnson4612@example.com,East,2022-01-17
C06627,Joseph Johnson,joseph.johnson7418@example.com,East,2021-11-05
C06628,Jessica Moore,jessica.moore6750@example.com,Central,2023-08-01
C06629,Jennifer Moore,jennifer.moore7787@example.com,North,2021-07-05
C06630,Karen Davis,karen.davis2031@example.com,West,2022-05-05
C06631,Joseph Moore,joseph.moore2759@example.com,North,2023-04-28
C06632,Thomas Martin,thomas.martin9983@example.com,North,2023-02-02
C06633,Sarah Thomas,sarah.thomas7870@example.com,West,2021-08-06
C06634,Michael Jackson,michael.jackson3531@example.com,Central,2022-10-23
C06635,Richard Anderson,richard.anderson7834@example.com,East,2023-03-19
C06636,Linda Williams,linda.williams7852@example.com,North,2022-01-07
C06637,Susan Wilson,susan.wilson7204@example.com,Central,2023-04-07
C06638,Linda Davis,linda.davis9204@example.com,Central,2021-01-22
C06639,Michael Jones,michael.jones6719@example.com,Central,2022-09-13
C06640,James Martin,james.martin4143@example.com,East,2022-07-21
C06641,Charles Thomas,,East,2022-09-01
C06642,William Davis,william.davis4206@example.com,East,2021-09-28
C06643,Patricia Anderson,patricia.anderson6231@example.com,Central,2021-06-06
C06644,Jennifer Taylor,jennifer.taylor4089@example.com,Central,2021-01-19
C06645,James Jackson,james.jackson2669@example.com,East,2023-03-01
C06646,David Smith,david.smith4733@example.com,West,2023-05-08
C06647,Karen Johnson,karen.johnson629@example.com,Central,2022-03-24
C06648,Michael Williams,michael.williams5180@example.com,,2022-07-12
C06649,Patricia Hernandez,patricia.hernandez7474@example.com,East,2021-10-25
C06650,Joseph Wilson,joseph.wilson8475@example.com,North,2021-12-24
C06651,Jessica Anderson,jessica.anderson9350@example.com,South,2022-04-09
C06652,Linda Hernandez,linda.hernandez7142@example.com,Central,2021-11-13
C06653,James Williams,james.williams9035@example.com,East,2023-02-14
C06654,John Wilson,john.wilson2872@example.com,East,2023-04-29
C06655,Elizabeth Williams,elizabeth.williams228@example.com,Central,2023-09-25
C06656,Linda Garcia,linda.garcia6684@example.com,South,2023-05-27
C06657,Barbara Lopez,barbara.lopez4612@example.com,North,2021-05-07
C06658,Linda Moore,linda.moore4595@example.com,West,2021-12-22
C06659,Susan Rodriguez,susan.rodriguez4960@example.com,North,2023-11-17
C06660,Karen Garcia,karen.garcia8359@example.com,North,2022-03-07
C06661,David Miller,david.miller5565@example.com,East,2022-12-04
C06662,Susan Jones,susan.jones8732@example.com,West,2021-01-05
C06663,Jessica Taylor,jessica.taylor1388@example.com,South,2023-11-04
C06664,Elizabeth Anderson,elizabeth.anderson5458@example.com,South,2022-06-11
C06665,Mary Anderson,mary.anderson4477@example.com,Central,2022-10-12
C06666,James Lopez,james.lopez8777@example.com,South,2021-04-17
C06667,Barbara Hernandez,barbara.hernandez4415@example.com,East,2021-05-02
C06668,Richard Martin,richard.martin379@example.com,West,2022-12-16
C06669,Charles Anderson,charles.anderson3581@example.com,South,2021-01-03
C06670,Linda Brown,linda.brown5171@example.com,West,2022-05-28
C06671,William Jones,,East,2021-02-04
C06672,Mary Jackson,mary.jackson2702@example.com,South,2022-12-28
C06673,Mary Thomas,mary.thomas9179@example.com,North,2022-12-02
C06674,Michael Jackson,michael.jackson442@example.com,South,2022-03-05
C06675,Jennifer Martin,jennifer.martin2607@example.com,South,2022-11-09
C06676,Barbara Lopez,barbara.lopez5673@example.com,West,2023-11-01
C06677,Elizabeth Martin,elizabeth.martin8157@example.com,East,2023-06-26
C06678,Sarah Davis,sarah.davis3760@example.com,Central,2022-08-16
C06679,Michael Williams,michael.williams484@example.com,East,2023-10-31
C06680,Thomas Lopez,thomas.lopez7290@example.com,Central,2023-12-21
C06681,James Jackson,james.jackson5573@example.com,Central,2023-07-02
C06682,Thomas Miller,thomas.miller199@example.com,North,2023-06-05
C06683,Barbara Jackson,barbara.jackson8563@example.com,North,2022-08-22
C06684,David Wilson,david.wilson2579@example.com,West,2021-01-08
C06685,Michael Garcia,michael.garcia7332@example.com,Central,2023-11-06
C06686,Joseph Lopez,joseph.lopez8527@example.com,East,2021-03-07
C06687,Robert Johnson,robert.johnson7957@example.com,South,2023-03-31
C06688,Charles Johnson,charles.johnson7582@example.com,South,2023-03-28
C06689,William Moore,william.moore4119@example.com,West,2021-12-10
C06690,Mary Jones,mary.jones4881@example.com,East,2022-07-05
C06691,James Thomas,james.thomas3859@example.com,Central,2021-01-01
C06692,Patricia Williams,patricia.williams2964@example.com,South,2023-09-28
C06693,Jennifer Martin,jennifer.martin1180@example.com,Central,2022-06-02
C06694,Robert Wilson,robert.wilson1353@example.com,West,2023-05-11
C06695,William Thomas,william.thomas1086@example.com,West,2022-03-27
C06696,Barbara Garcia,barbara.garcia7258@example.com,East,2021-02-21
C06697,Sarah Davis,sarah.davis1744@example.com,,2021-01-11
C06698,John Gonzalez,john.gonzalez1312@example.com,Central,2021-07-05
C06699,David Garcia,david.garcia9319@example.com,North,2023-10-06
C06700,Elizabeth Williams,elizabeth.williams6279@example.com,East,2021-03-19
C06701,Sarah Gonzalez,sarah.gonzalez397@example.com,South,2022-04-27
C06702,Patricia Gonzalez,patricia.gonzalez8041@example.com,South,2022-09-08
C06703,Richard Rodriguez,richard.rodriguez4601@example.com,North,2023-03-17
C06704,Mary Wilson,mary.wilson7442@example.com,South,2023-07-18
C06705,Thomas Moore,thomas.moore2696@example.com,North,2021-03-22
C06706,Mary Anderson,mary.anderson2637@example.com,North,2022-06-11
C06707,Jessica Martin,jessica.martin8734@example.com,North,2023-07-24
C06708,Mary Lopez,mary.lopez6402@example.com,West,2023-01-29
C06709,Joseph Lopez,joseph.lopez7371@example.com,South,2022-04-06
C06710,Richard Anderson,richard.anderson5247@example.com,East,2021-06-20
C06711,James Jackson,james.jackson9568@example.com,South,2023-09-17
C06712,Thomas Martinez,thomas.martinez8847@example.com,West,2022-03-21
C06713,Mary Moore,mary.moore74@example.com,South,2022-03-11
C06714,James Rodriguez,james.rodriguez8923@example.com,West,2021-01-05
C06715,James Jones,james.jones6434@example.com,West,2022-06-21
C06716,Joseph Lopez,joseph.lopez3315@example.com,Central,2022-08-19
C06717,John Wilson,john.wilson3455@example.com,East,2023-08-23
C06718,Robert Miller,robert.miller864@example.com,East,2021-07-03
C06719,Jessica Garcia,jessica.garcia6362@example.com,South,2021-04-19
C06720,William Moore,william.moore214@example.com,Central,2021-06-11
C06721,Patricia Garcia,patricia.garcia6019@example.com,East,2022-04-20
C06722,Mary Gonzalez,mary.gonzalez5220@example.com,West,2021-09-17
C06723,John Brown,john.brown2188@example.com,West,2021-01-02
C06724,Charles Taylor,charles.taylor1553@example.com,West,2023-05-29
C06725,Linda Lopez,linda.lopez2109@example.com,South,2023-09-19
C06726,Michael Anderson,michael.anderson1877@example.com,West,2023-03-20
C06727,Sarah Wilson,sarah.wilson8618@example.com,East,2022-09-22
C06728,Patricia Martinez,patricia.martinez7745@example.com,East,2022-09-29
C06729,Susan Moore,susan.moore9327@example.com,West,2022-01-16
C06730,David Garcia,david.garcia5203@example.com,West,2023-10-04
C06731,Jessica Davis,jessica.davis9381@example.com,West,2023-03-02
C06732,Mary Davis,mary.davis2640@example.com,South,2021-03-03
C06733,Patricia Rodriguez,patricia.rodriguez279@example.com,East,2021-05-07
C06734,Joseph Williams,joseph.williams5754@example.com,North,2023-02-18
C06735,Linda Jones,linda.jones3664@example.com,East,2023-10-04
C06736,Robert Hernandez,robert.hernandez9684@example.com,North,2022-12-07
C06737,Linda Davis,linda.davis8276@example.com,North,2021-02-05
C06738,Susan Garcia,susan.garcia8971@example.com,Central,2023-04-17
C06739,Richard Johnson,,Central,2022-12-21
C06740,John Taylor,john.taylor3531@example.com,South,2022-02-24
C06741,Susan Davis,susan.davis5272@example.com,North,2023-12-06
C06742,Jessica Anderson,jessica.anderson4077@example.com,South,2022-06-18
C06743,Patricia Wilson,patricia.wilson7599@example.com,North,2023-10-03
C06744,Elizabeth Davis,elizabeth.davis338@example.com,East,2021-09-25
C06745,Karen Miller,karen.miller2295@example.com,South,2023-12-07
C06746,Jessica Smith,jessica.smith9897@example.com,South,2022-11-19
C06747,Patricia Wilson,patricia.wilson2766@example.com,Central,2022-10-02
C06748,Barbara Rodriguez,barbara.rodriguez8622@example.com,West,2023-09-04
C06749,Michael Davis,michael.davis1673@example.com,South,2021-07-16
C06750,Robert Moore,robert.moore7618@example.com,West,2021-01-15
C06751,William Brown,william.brown7248@example.com,East,2023-08-16
C06752,Susan Hernandez,susan.hernandez2984@example.com,South,2023-04-02
C06753,Thomas Hernandez,thomas.hernandez1882@example.com,South,2023-01-30
C06754,John Anderson,john.anderson1710@example.com,South,2022-09-01
C06755,David Rodriguez,,,2021-02-17
C06756,Barbara Anderson,barbara.anderson4257@example.com,Central,2023-09-20
C06757,Susan Wilson,susan.wilson5119@example.com,Central,2022-04-08
C06758,Sarah Davis,sarah.davis1949@example.com,West,2022-04-27
C06759,Michael Lopez,michael.lopez9940@example.com,South,2021-09-19
C06760,William Lopez,william.lopez2078@example.com,Central,2023-03-04
C06761,James Miller,james.miller5974@example.com,East,2023-05-19
C06762,Barbara Martinez,barbara.martinez6675@example.com,East,2021-08-12
C06763,Mary Brown,mary.brown4799@example.com,West,2021-06-12
C06764,Jennifer Jackson,jennifer.jackson8298@example.com,South,2022-10-04
C06765,Thomas Rodriguez,thomas.rodriguez4616@example.com,North,2021-10-03
C06766,Joseph Thomas,joseph.thomas1204@example.com,West,2021-08-04
C06767,David Gonzalez,david.gonzalez8224@example.com,South,2021-01-10
C06768,Charles Brown,charles.brown7388@example.com,West,2022-06-01
C06769,James Taylor,james.taylor33@example.com,North,2021-11-24
C06770,Jennifer Jackson,jennifer.jackson733@example.com,East,2023-03-08
C06771,David Moore,,Central,2023-05-12
C06772,William Hernandez,william.hernandez2077@example.com,East,2021-09-23
C06773,Thomas Smith,thomas.smith2763@example.com,West,2022-01-01
C06774,Susan Johnson,susan.johnson220@example.com,East,2021-02-22
C06775,Patricia Taylor,patricia.taylor9040@example.com,North,2021-01-01
C06776,James Hernandez,james.hernandez3197@example.com,South,2023-03-25
C06777,Thomas Thomas,thomas.thomas2626@example.com,South,2022-01-26
C06778,James Anderson,james.anderson1156@example.com,Central,2023-05-19
C06779,Charles Garcia,charles.garcia2725@example.com,Central,2023-03-13
C06780,Jennifer Brown,jennifer.brown6002@example.com,East,2021-05-19
C06781,Charles Moore,charles.moore975@example.com,South,2021-10-02
C06782,Karen Garcia,karen.garcia9738@example.com,South,2023-04-18
C06783,Michael Hernandez,michael.hernandez8814@example.com,South,2021-12-10
C06784,Richard Miller,richard.miller9166@example.com,Central,2022-07-06
C06785,Karen Hernandez,karen.hernandez5754@example.com,North,2022-04-16
C06786,Linda Lopez,linda.lopez5952@example.com,Central,2021-11-01
C06787,Thomas Davis,thomas.davis4302@example.com,South,2021-07-19
C06788,Susan Williams,,East,2023-09-27
C06789,Barbara Miller,barbara.miller304@example.com,South,2021-06-26
C06790,William Jackson,william.jackson9855@example.com,North,2022-09-02
C06791,John Wilson,john.wilson7668@example.com,South,2022-01-19
C06792,Joseph Martin,joseph.martin8324@example.com,North,2022-06-24
C06793,Sarah Williams,sarah.williams1164@example.com,Central,2023-08-28
C06794,Jennifer Taylor,jennifer.taylor4581@example.com,Central,2023-09-18
C06795,William Jackson,william.jackson4219@example.com,North,2021-12-23
C06796,Susan Garcia,susan.garcia9055@example.com,Central,2022-12-11
C06797,Sarah Smith,sarah.smith8082@example.com,North,2021-02-16
C06798,Barbara Anderson,barbara.anderson339@example.com,West,2022-03-07
C06799,David Anderson,david.anderson5268@example.com,Central,2022-12-06
C06800,Barbara Wilson,,Central,2021-01-28
C06801,James Brown,james.brown5562@example.com,Central,2022-03-09
C06802,Richard Jones,richard.jones4477@example.com,East,2022-08-08
C06803,Jessica Johnson,jessica.johnson77@example.com,East,2021-03-23
C06804,Richard Anderson,richard.anderson2278@example.com,East,2021-04-14
C06805,Karen Lopez,karen.lopez7751@example.com,South,2023-12-27
C06806,Jessica Thomas,jessica.thomas4733@example.com,South,2021-04-22
C06807,Sarah Miller,sarah.miller5461@example.com,Central,2021-07-13
C06808,Mary Johnson,mary.johnson6842@example.com,West,2021-06-14
C06809,Thomas Smith,thomas.smith4328@example.com,South,2021-11-12
C06810,Jennifer Miller,jennifer.miller253@example.com,Central,2022-12-07
C06811,Joseph Davis,joseph.davis3520@example.com,West,2022-01-19
C06812,Thomas Thomas,thomas.thomas6196@example.com,West,2023-01-02
C06813,Barbara Jones,barbara.jones5438@example.com,Central,2023-02-26
C06814,Sarah Lopez,sarah.lopez401@example.com,West,2022-07-02
C06815,Thomas Thomas,thomas.thomas8604@example.com,West,2023-11-11
C06816,Jessica Brown,jessica.brown3673@example.com,North,2022-12-23
C06817,William Gonzalez,william.gonzalez4343@example.com,South,2023-06-30
C06818,Karen Taylor,karen.taylor5721@example.com,East,2023-11-08
C06819,Elizabeth Martinez,,North,2022-09-30
C06820,Barbara Johnson,barbara.johnson5390@example.com,West,2022-02-06
C06821,Jessica Johnson,jessica.johnson7003@example.com,East,2021-05-15
C06822,Thomas Brown,thomas.brown9676@example.com,North,2023-06-22
C06823,Barbara Martin,barbara.martin5706@example.com,East,2023-12-11
C06824,Patricia Miller,patricia.miller4033@example.com,South,2023-08-01
C06825,Joseph Williams,joseph.williams1327@example.com,North,2023-02-12
C06826,Joseph Anderson,joseph.anderson4826@example.com,South,2022-06-25
C06827,Sarah Martin,sarah.martin42@example.com,Central,2021-11-14
C06828,Joseph Brown,joseph.brown4232@example.com,West,2022-07-10
C06829,Jessica Rodriguez,jessica.rodriguez9904@example.com,East,2023-03-11
C06830,Thomas Moore,thomas.moore9541@example.com,Central,2023-03-12
C06831,John Taylor,john.taylor7873@example.com,West,2022-10-10
C06832,Thomas Johnson,thomas.johnson8842@example.com,North,2023-04-29
C06833,David Garcia,david.garcia1104@example.com,West,2021-03-16
C06834,James Hernandez,james.hernandez3174@example.com,South,2021-02-10
C06835,Barbara Hernandez,barbara.hernandez8030@example.com,South,2023-12-25
C06836,Elizabeth Hernandez,elizabeth.hernandez6019@example.com,West,2022-10-20
C06837,Barbara Jackson,barbara.jackson1542@example.com,West,2022-04-11
C06838,Mary Thomas,mary.thomas8494@example.com,South,2023-12-02
C06839,Linda Lopez,linda.lopez9528@example.com,North,2022-04-29
C06840,William Hernandez,william.hernandez9552@example.com,South,2023-01-28
C06841,Thomas Johnson,thomas.johnson2968@example.com,East,2021-06-08
C06842,Patricia Gonzalez,patricia.gonzalez2936@example.com,West,2022-03-02
C06843,David Brown,david.brown4637@example.com,Central,2022-02-16
C06844,Robert Thomas,robert.thomas897@example.com,North,2021-03-10
C06845,Robert Taylor,robert.taylor1217@example.com,,2023-09-20
C06846,Richard Davis,richard.davis4862@example.com,South,2023-05-01
C06847,James Garcia,james.garcia6150@example.com,South,2023-01-21
C06848,Richard Rodriguez,richard.rodriguez1210@example.com,South,2023-10-12
C06849,Mary Garcia,mary.garcia5420@example.com,East,2021-06-30
C06850,William Davis,william.davis5751@example.com,North,2022-02-10
C06851,Richard Taylor,richard.taylor5995@example.com,East,2021-12-14
C06852,Richard Johnson,richard.johnson2322@example.com,South,2023-08-22
C06853,Robert Garcia,,East,2023-01-08
C06854,Linda Johnson,linda.johnson6646@example.com,North,2021-02-04
C06855,James Rodriguez,james.rodriguez5990@example.com,Central,2023-01-16
C06856,Jennifer Miller,jennifer.miller4391@example.com,West,2023-02-06
C06857,Susan Moore,susan.moore3695@example.com,East,2023-04-03
C06858,Linda Taylor,linda.taylor6073@example.com,North,2021-11-12
C06859,Sarah Rodriguez,sarah.rodriguez3439@example.com,West,2023-03-09
C06860,Charles Moore,charles.moore694@example.com,East,2023-09-28
C06861,Michael Miller,,Central,2021-09-15
C06862,Richard Gonzalez,richard.gonzalez16@example.com,,2022-05-31
C06863,Joseph Lopez,joseph.lopez430@example.com,,2023-04-25
C06864,Richard Lopez,richard.lopez5296@example.com,Central,2021-03-21
C06865,Richard Hernandez,richard.hernandez8764@example.com,Central,2021-09-30
C06866,Jennifer Miller,jennifer.miller2773@example.com,North,2021-02-07
C06867,Mary Gonzalez,mary.gonzalez3918@example.com,Central,2021-03-18
C06868,Susan Jackson,susan.jackson7690@example.com,North,2022-05-20
C06869,Richard Davis,richard.davis5569@example.com,North,2021-10-29
C06870,Mary Jones,mary.jones8972@example.com,South,2022-03-19
C06871,Jennifer Moore,jennifer.moore6737@example.com,North,2021-09-27
C06872,Elizabeth Hernandez,elizabeth.hernandez4882@example.com,East,2021-11-16
C06873,Jennifer Martinez,,South,2021-04-25
C06874,James Smith,james.smith1582@example.com,West,2021-12-17
C06875,Sarah Garcia,sarah.garcia4338@example.com,East,2023-09-28
C06876,Charles Brown,charles.brown3823@example.com,South,2023-02-19
C06877,Patricia Thomas,patricia.thomas6732@example.com,East,2023-11-30
C06878,William Wilson,william.wilson7999@example.com,East,2023-07-20
C06879,Joseph Jackson,joseph.jackson5946@example.com,North,2021-01-08
C06880,Sarah Miller,sarah.miller5@example.com,North,2023-03-15
C06881,Linda Davis,linda.davis6173@example.com,West,2021-09-07
C06882,David Wilson,david.wilson7699@example.com,South,2023-10-01
C06883,Michael Wilson,michael.wilson3065@example.com,East,2023-08-22
C06884,Joseph Anderson,joseph.anderson3203@example.com,South,2022-02-02
C06885,Thomas Jones,thomas.jones1050@example.com,South,2021-12-06
C06886,Jennifer Garcia,jennifer.garcia8685@example.com,South,2021-06-19
C06887,Michael Taylor,michael.taylor5332@example.com,South,2021-02-27
C06888,Richard Jones,richard.jones7952@example.com,Central,2022-08-20
C06889,Mary Brown,mary.brown4554@example.com,South,2021-11-25
C06890,Jennifer Jackson,jennifer.jackson2537@example.com,East,2021-02-23
C06891,Thomas Jackson,thomas.jackson3613@example.com,South,2022-12-15
C06892,Mary Rodriguez,mary.rodriguez6800@example.com,Central,2022-02-07
C06893,Joseph Rodriguez,joseph.rodriguez1851@example.com,South,2022-04-25
C06894,Michael Taylor,michael.taylor7321@example.com,Central,2021-06-13
C06895,Karen Smith,karen.smith5577@example.com,North,2022-07-03
C06896,David Moore,david.moore7901@example.com,East,2022-01-15
C06897,Barbara Thomas,barbara.thomas2116@example.com,,2023-09-15
C06898,James Moore,james.moore6904@example.com,North,2022-09-14
C06899,Thomas Martinez,thomas.martinez6453@example.com,East,2022-12-18
C06900,Jennifer Martin,jennifer.martin1606@example.com,South,2023-02-19
C06901,Barbara Johnson,barbara.johnson9110@example.com,West,2021-10-13
C06902,Joseph Smith,joseph.smith2830@example.com,South,2023-01-26
C06903,William Brown,william.brown1812@example.com,North,2023-01-24
C06904,Barbara Wilson,barbara.wilson2916@example.com,North,2023-04-16
C06905,Joseph Wilson,,Central,2021-04-12
C06906,David Jackson,david.jackson6592@example.com,North,2023-05-19
C06907,William Garcia,william.garcia4736@example.com,East,2021-11-16
C06908,James Wilson,james.wilson5246@example.com,South,2023-04-16
C06909,John Martinez,john.martinez3616@example.com,North,2022-03-02
C06910,Jessica Williams,jessica.williams5657@example.com,East,2021-09-03
C06911,Mary Martin,mary.martin1065@example.com,West,2021-03-03
C06912,Karen Lopez,karen.lopez3945@example.com,North,2022-01-17
C06913,Jennifer Lopez,jennifer.lopez2678@example.com,West,2023-06-29
C06914,Elizabeth Anderson,elizabeth.anderson8996@example.com,West,2023-02-20
C06915,Elizabeth Martinez,elizabeth.martinez2676@example.com,South,2021-03-03
C06916,Joseph Taylor,joseph.taylor1300@example.com,North,2021-08-12
C06917,Robert Martinez,robert.martinez4752@example.com,North,2022-09-01
C06918,Robert Brown,robert.brown1843@example.com,West,2021-02-10
C06919,James Rodriguez,james.rodriguez4198@example.com,North,2021-05-07
C06920,Joseph Garcia,joseph.garcia3152@example.com,East,2021-12-21
C06921,James Martinez,james.martinez9314@example.com,North,2023-04-29
C06922,Elizabeth Johnson,elizabeth.johnson4341@example.com,North,2021-03-24
C06923,William Miller,,East,2021-01-20
C06924,Michael Williams,michael.williams5971@example.com,Central,2022-10-11
C06925,Mary Gonzalez,,West,2023-01-03
C06926,Patricia Rodriguez,patricia.rodriguez1901@example.com,South,2021-05-28
C06927,David Gonzalez,david.gonzalez345@example.com,North,2021-09-27
C06928,Joseph Thomas,joseph.thomas848@example.com,North,2022-04-17
C06929,Sarah Gonzalez,sarah.gonzalez1882@example.com,East,2021-06-12
C06930,Susan Garcia,susan.garcia7715@example.com,East,2023-01-28
C06931,Karen Miller,karen.miller4314@example.com,West,2023-05-14
C06932,David Smith,david.smith4174@example.com,West,2022-10-13
C06933,Barbara Miller,barbara.miller1991@example.com,North,2023-10-20
C06934,John Garcia,,South,2021-03-07
C06935,Sarah Martinez,sarah.martinez5258@example.com,South,2021-02-10
C06936,Sarah Taylor,sarah.taylor7160@example.com,North,2023-05-28
C06937,Charles Jones,charles.jones5204@example.com,South,2023-04-15
C06938,Mary Brown,mary.brown245@example.com,Central,2022-05-02
C06939,John Jackson,john.jackson1612@example.com,East,2021-02-22
C06940,Karen Martin,karen.martin8276@example.com,Central,2021-08-15
C06941,Charles Jones,charles.jones3027@example.com,West,2022-09-19
C06942,John Hernandez,john.hernandez9686@example.com,East,2022-12-30
C06943,William Miller,william.miller4881@example.com,North,2023-05-24
C06944,William Garcia,william.garcia7852@example.com,West,2023-03-18
C06945,Susan Rodriguez,susan.rodriguez8990@example.com,North,2021-05-24
C06946,Jennifer Jackson,jennifer.jackson2223@example.com,West,2022-07-10
C06947,Michael Smith,michael.smith6981@example.com,West,2022-04-24
C06948,Richard Anderson,richard.anderson7517@example.com,North,2023-11-12
C06949,Robert Rodriguez,robert.rodriguez882@example.com,South,2021-06-20
C06950,Linda Miller,linda.miller1591@example.com,West,2021-04-23
C06951,Sarah Garcia,sarah.garcia4079@example.com,West,2023-03-05
C06952,Jennifer Smith,jennifer.smith1350@example.com,South,2022-10-29
C06953,Patricia Jones,patricia.jones6249@example.com,West,2023-05-08
C06954,Charles Wilson,charles.wilson1809@example.com,North,2021-01-04
C06955,Linda Martin,linda.martin442@example.com,South,2023-09-05
C06956,Richard Thomas,richard.thomas3545@example.com,North,2023-05-05
C06957,Linda Miller,linda.miller3581@example.com,Central,2022-12-11
C06958,Mary Gonzalez,mary.gonzalez6407@example.com,West,2022-11-29
C06959,Barbara Smith,barbara.smith8621@example.com,North,2021-04-10
C06960,Karen Johnson,karen.johnson8985@example.com,West,2022-01-18
C06961,Barbara Johnson,barbara.johnson9676@example.com,North,2023-01-30
C06962,Susan Martinez,susan.martinez5106@example.com,Central,2022-08-13
C06963,John Jones,john.jones4281@example.com,North,2023-02-01
C06964,James Garcia,james.garcia9769@example.com,Central,2021-03-28
C06965,Joseph Gonzalez,joseph.gonzalez1511@example.com,Central,2022-09-28
C06966,Karen Moore,karen.moore3449@example.com,Central,2021-01-30
C06967,Linda Jones,linda.jones1535@example.com,East,2021-07-11
C06968,Patricia Thomas,patricia.thomas7135@example.com,East,2021-03-25
C06969,William Miller,william.miller8089@example.com,South,2021-08-04
C06970,David Anderson,david.anderson5807@example.com,South,2022-10-22
C06971,Mary Moore,mary.moore4060@example.com,West,2022-02-10
C06972,Charles Johnson,charles.johnson3489@example.com,East,2023-06-25
C06973,Barbara Gonzalez,barbara.gonzalez7733@example.com,South,2022-10-28
C06974,John Hernandez,john.hernandez4069@example.com,West,2021-10-07
C06975,Jessica Smith,jessica.smith8489@example.com,North,2021-04-02
C06976,James Miller,james.miller8071@example.com,North,2022-05-26
C06977,Robert Smith,robert.smith8238@example.com,South,2021-07-18
C06978,Richard Smith,richard.smith9786@example.com,North,2022-12-13
C06979,Jessica Taylor,jessica.taylor8762@example.com,East,2023-04-01
C06980,Richard Williams,,West,2022-06-29
C06981,Karen Johnson,karen.johnson4599@example.com,Central,2023-03-28
C06982,John Wilson,john.wilson2316@example.com,South,2023-06-29
C06983,Robert Wilson,,East,2021-03-19
C06984,Jennifer Gonzalez,jennifer.gonzalez317@example.com,South,2022-09-12
C06985,Susan Lopez,susan.lopez5425@example.com,North,2022-10-12
C06986,Richard Moore,richard.moore8310@example.com,East,2022-03-21
C06987,Michael Jackson,michael.jackson7370@example.com,East,2021-05-10
C06988,Sarah Johnson,sarah.johnson2888@example.com,East,2023-04-21
C06989,John Martinez,john.martinez4976@example.com,South,2023-06-23
C06990,Linda Gonzalez,linda.gonzalez607@example.com,North,2023-06-17
C06991,David Davis,david.davis7666@example.com,West,2022-03-19
C06992,Patricia Taylor,patricia.taylor3569@example.com,South,2021-02-02
C06993,James Garcia,james.garcia4678@example.com,South,2022-12-02
C06994,Jennifer Miller,jennifer.miller4840@example.com,North,2021-11-23
C06995,Patricia Wilson,patricia.wilson8060@example.com,North,2023-04-18
C06996,Mary Williams,mary.williams324@example.com,West,2023-11-02
C06997,Karen Anderson,karen.anderson8226@example.com,East,2023-01-27
C06998,Susan Lopez,susan.lopez9050@example.com,Central,2022-11-07
C06999,William Johnson,william.johnson4925@example.com,,2022-04-22
C07000,Charles Moore,charles.moore6544@example.com,South,2023-02-12
C07001,Richard Martin,richard.martin372@example.com,East,2023-12-24
C07002,Richard Johnson,richard.johnson2252@example.com,West,2022-04-07
C07003,Jennifer Moore,jennifer.moore3653@example.com,East,2022-02-17
C07004,James Thomas,james.thomas273@example.com,Central,2021-08-02
C07005,Karen Johnson,karen.johnson4776@example.com,West,2021-02-16
C07006,John Lopez,john.lopez1018@example.com,South,2022-05-04
C07007,William Hernandez,william.hernandez1155@example.com,Central,2022-05-31
C07008,Barbara Rodriguez,barbara.rodriguez1425@example.com,South,2023-12-03
C07009,Patricia Martinez,patricia.martinez8052@example.com,East,2022-12-18
C07010,James Anderson,james.anderson5055@example.com,South,2022-02-14
C07011,Karen Lopez,karen.lopez976@example.com,North,2023-05-27
C07012,Joseph Anderson,joseph.anderson5455@example.com,North,2022-01-25
C07013,David Thomas,david.thomas6288@example.com,South,2023-07-16
C07014,Michael Miller,michael.miller6375@example.com,South,2023-08-25
C07015,William Williams,william.williams5838@example.com,North,2022-04-04
C07016,Robert Martin,robert.martin5178@example.com,North,2023-11-08
C07017,Jennifer Rodriguez,jennifer.rodriguez3967@example.com,Central,2023-06-28
C07018,Thomas Garcia,thomas.garcia7367@example.com,West,2021-05-04
C07019,Richard Williams,richard.williams4267@example.com,West,2023-10-06
C07020,William Williams,william.williams9757@example.com,North,2021-05-04
C07021,Mary Jackson,mary.jackson2541@example.com,Central,2022-11-07
C07022,Karen Wilson,karen.wilson2072@example.com,South,2023-08-29
C07023,Jessica Thomas,jessica.thomas6266@example.com,North,2022-09-02
C07024,Jessica Brown,jessica.brown4639@example.com,South,2021-01-14
C07025,Robert Moore,robert.moore2677@example.com,East,2023-06-03
C07026,David Garcia,david.garcia9341@example.com,West,2023-03-07
C07027,Jennifer Anderson,jennifer.anderson6060@example.com,East,2022-06-14
C07028,James Davis,james.davis4997@example.com,Central,2022-05-21
C07029,Karen Anderson,karen.anderson5919@example.com,East,2022-09-04
C07030,Jennifer Garcia,jennifer.garcia805@example.com,East,2022-11-11
C07031,William Rodriguez,william.rodriguez8109@example.com,East,2022-02-16
C07032,Karen Smith,karen.smith1116@example.com,West,2021-12-03
C07033,Joseph Johnson,joseph.johnson4466@example.com,Central,2021-10-28
C07034,Thomas Anderson,thomas.anderson1029@example.com,East,2023-11-27
C07035,Linda Rodriguez,linda.rodriguez4367@example.com,South,2023-08-13
C07036,Linda Moore,linda.moore5209@example.com,South,2021-05-05
C07037,Robert Martin,robert.martin4253@example.com,Central,2022-09-10
C07038,Susan Taylor,susan.taylor8605@example.com,Central,2021-04-06
C07039,Sarah Anderson,sarah.anderson6563@example.com,East,2021-12-23
C07040,Jessica Garcia,jessica.garcia5036@example.com,West,2022-12-20
C07041,Joseph Moore,joseph.moore7473@example.com,Central,2023-04-13
C07042,Patricia Gonzalez,patricia.gonzalez2570@example.com,West,2023-08-29
C07043,John Davis,john.davis8644@example.com,South,2021-02-11
C07044,Michael Williams,michael.williams9326@example.com,North,2023-05-01
C07045,Patricia Wilson,patricia.wilson2779@example.com,West,2023-12-07
C07046,Charles Wilson,charles.wilson7857@example.com,West,2021-06-05
C07047,Thomas Jones,thomas.jones2952@example.com,Central,2022-01-07
C07048,Robert Rodriguez,robert.rodriguez8095@example.com,Central,2021-03-28
C07049,Joseph Brown,joseph.brown6430@example.com,North,2023-11-29
C07050,Charles Lopez,charles.lopez7541@example.com,East,2023-01-29
C07051,Jennifer Miller,jennifer.miller5169@example.com,Central,2021-02-23
C07052,Karen Miller,karen.miller4790@example.com,South,2022-05-05
C07053,William Hernandez,william.hernandez4414@example.com,East,2021-07-16
C07054,John Lopez,john.lopez5156@example.com,South,2021-05-16
C07055,Sarah Brown,sarah.brown9270@example.com,West,2021-01-04
C07056,Joseph Smith,joseph.smith7124@example.com,West,2022-02-09
C07057,Patricia Miller,patricia.miller1593@example.com,West,2022-09-02
C07058,David Davis,david.davis9070@example.com,West,2021-11-27
C07059,Barbara Hernandez,barbara.hernandez133@example.com,East,2021-12-25
C07060,John Johnson,john.johnson1643@example.com,East,2023-07-13
C07061,David Martin,david.martin1131@example.com,Central,2023-01-04
C07062,Charles Anderson,charles.anderson7721@example.com,North,2023-09-11
C07063,James Lopez,james.lopez7023@example.com,South,2022-02-06
C07064,Jennifer Johnson,jennifer.johnson1098@example.com,South,2023-01-30
C07065,Richard Miller,richard.miller6489@example.com,Central,2022-04-17
C07066,Susan Taylor,susan.taylor7104@example.com,East,2022-10-01
C07067,Elizabeth Jackson,elizabeth.jackson8320@example.com,North,2022-02-02
C07068,Robert Wilson,robert.wilson7348@example.com,Central,2021-02-25
C07069,Richard Smith,richard.smith4502@example.com,Central,2021-10-15
C07070,John Williams,john.williams2866@example.com,East,2022-11-30
C07071,Mary Wilson,mary.wilson9865@example.com,Central,2021-05-03
C07072,Charles Jackson,charles.jackson3393@example.com,South,2021-07-13
C07073,Robert Smith,robert.smith3532@example.com,Central,2022-01-29
C07074,Charles Martin,charles.martin671@example.com,North,2023-01-23
C07075,Karen Lopez,karen.lopez4884@example.com,West,2021-05-05
C07076,Richard Taylor,richard.taylor565@example.com,North,2021-03-05
C07077,James Hernandez,james.hernandez4426@example.com,,2022-02-15
C07078,Patricia Rodriguez,patricia.rodriguez3461@example.com,,2023-01-03
C07079,Jessica Rodriguez,jessica.rodriguez3212@example.com,North,2022-12-06
C07080,William Jackson,william.jackson5446@example.com,Central,2021-06-17
C07081,Jessica Martin,jessica.martin1766@example.com,Central,2021-04-07
C07082,Karen Williams,karen.williams3850@example.com,North,2023-05-03
C07083,David Jackson,,East,2022-09-12
C07084,Sarah Miller,,Central,2021-06-02
C07085,Susan Taylor,susan.taylor223@example.com,North,2022-03-20
C07086,Susan Smith,susan.smith6308@example.com,Central,2022-02-05
C07087,William Martin,william.martin8076@example.com,,2023-04-28
C07088,Mary Brown,mary.brown6089@example.com,South,2021-03-01
C07089,Barbara Davis,barbara.davis2934@example.com,East,2021-12-20
C07090,Elizabeth Moore,elizabeth.moore8959@example.com,Central,2021-02-05
C07091,Elizabeth Martin,elizabeth.martin8118@example.com,West,2022-11-08
C07092,David Lopez,david.lopez1594@example.com,Central,2021-11-30
C07093,Elizabeth Johnson,elizabeth.johnson5456@example.com,West,2022-08-16
C07094,Patricia Williams,patricia.williams9270@example.com,South,2021-01-04
C07095,Linda Taylor,linda.taylor9489@example.com,West,2023-03-31
C07096,Jessica Anderson,jessica.anderson436@example.com,East,2023-11-06
C07097,David Taylor,david.taylor6206@example.com,North,2022-01-23
C07098,Karen Rodriguez,karen.rodriguez2366@example.com,North,2023-11-21
C07099,Thomas Jackson,thomas.jackson2342@example.com,Central,2022-10-27
C07100,Jessica Taylor,jessica.taylor3276@example.com,Central,2023-09-07
C07101,James Miller,james.miller7409@example.com,North,2023-01-25
C07102,Sarah Moore,sarah.moore6710@example.com,East,2022-02-25
C07103,Mary Anderson,mary.anderson4129@example.com,Central,2022-01-22
C07104,William Smith,william.smith9708@example.com,North,2021-01-30
C07105,David Johnson,david.johnson1178@example.com,South,2023-03-03
C07106,John Thomas,,East,2023-01-03
C07107,Elizabeth Brown,elizabeth.brown2215@example.com,East,2021-08-01
C07108,James Jackson,james.jackson4660@example.com,South,2022-05-25
C07109,Charles Gonzalez,charles.gonzalez2394@example.com,East,2022-07-11
C07110,William Brown,william.brown2546@example.com,Central,2021-05-06
C07111,John Johnson,john.johnson3126@example.com,North,2022-06-08
C07112,Patricia Thomas,patricia.thomas7067@example.com,North,2022-09-23
C07113,Thomas Davis,thomas.davis2582@example.com,North,2022-12-04
C07114,Robert Wilson,robert.wilson1252@example.com,West,2023-04-26
C07115,Charles Martinez,charles.martinez8459@example.com,,2021-05-12
C07116,Jennifer Miller,jennifer.miller3593@example.com,North,2023-07-21
C07117,Charles Gonzalez,charles.gonzalez5526@example.com,West,2022-05-19
C07118,Jennifer Davis,jennifer.davis8985@example.com,South,2022-09-22
C07119,Patricia Martinez,patricia.martinez3947@example.com,West,2021-12-25
C07120,Thomas Smith,thomas.smith7974@example.com,Central,2022-10-05
C07121,Michael Taylor,michael.taylor9362@example.com,North,2023-01-23
C07122,James Martin,james.martin4430@example.com,North,2022-04-19
C07123,Richard Jones,richard.jones5429@example.com,West,2021-02-23
C07124,Thomas Thomas,thomas.thomas3032@example.com,North,2023-02-03
C07125,Charles Williams,charles.williams5732@example.com,Central,2021-06-22
C07126,Barbara Hernandez,barbara.hernandez5508@example.com,East,2023-01-24
C07127,Jennifer Martin,jennifer.martin6950@example.com,East,2021-07-16
C07128,Jessica Miller,jessica.miller2101@example.com,South,2023-12-11
C07129,Jessica Garcia,jessica.garcia9282@example.com,South,2021-11-14
C07130,Karen Williams,karen.williams7520@example.com,West,2021-08-06
C07131,Linda Rodriguez,,East,2023-11-23
C07132,Patricia Davis,patricia.davis1749@example.com,West,2023-02-03
C07133,Linda Johnson,linda.johnson3583@example.com,South,2021-05-14
C07134,Linda Smith,linda.smith250@example.com,South,2023-05-19
C07135,Elizabeth Martinez,elizabeth.martinez3030@example.com,South,2023-09-07
C07136,Thomas Smith,thomas.smith6084@example.com,Central,2021-09-30
C07137,Jessica Thomas,jessica.thomas386@example.com,South,2022-09-19
C07138,Charles Anderson,charles.anderson6546@example.com,West,2023-11-28
C07139,Joseph Garcia,joseph.garcia5760@example.com,Central,2022-09-19
C07140,John Williams,john.williams3469@example.com,West,2022-08-17
C07141,Karen Martin,karen.martin6232@example.com,West,2022-01-25
C07142,Michael Jackson,michael.jackson6732@example.com,North,2021-08-06
C07143,Karen Martinez,karen.martinez8178@example.com,East,2021-09-20
C07144,Mary Brown,mary.brown1083@example.com,West,2021-01-17
C07145,Elizabeth Jones,elizabeth.jones2107@example.com,East,2022-04-03
C07146,Linda Jones,linda.jones3445@example.com,North,2022-04-21
C07147,Michael Brown,michael.brown6657@example.com,North,2023-04-12
C07148,Karen Thomas,karen.thomas5037@example.com,West,2021-03-23
C07149,Jessica Brown,jessica.brown1836@example.com,Central,2022-11-08
C07150,John Brown,john.brown1929@example.com,Central,2021-09-20
C07151,Linda Jackson,linda.jackson984@example.com,West,2023-01-26
C07152,Thomas Gonzalez,thomas.gonzalez172@example.com,East,2023-04-06
C07153,Jennifer Martinez,jennifer.martinez5553@example.com,Central,2022-08-08
C07154,Richard Jackson,richard.jackson3384@example.com,East,2023-10-15
C07155,Barbara Smith,barbara.smith8506@example.com,East,2023-07-31
C07156,John Williams,john.williams8155@example.com,East,2021-05-04
C07157,Robert Thomas,robert.thomas4268@example.com,Central,2022-07-20
C07158,Elizabeth Davis,elizabeth.davis7235@example.com,South,2023-05-27
C07159,Mary Martinez,mary.martinez5072@example.com,West,2023-07-29
C07160,Patricia Brown,patricia.brown8824@example.com,West,2021-12-12
C07161,Jessica Anderson,jessica.anderson3609@example.com,West,2023-05-06
C07162,Joseph Taylor,joseph.taylor4779@example.com,South,2022-04-27
C07163,Linda Brown,linda.brown8463@example.com,Central,2023-05-01
C07164,Jessica Hernandez,jessica.hernandez4668@example.com,South,2022-07-22
C07165,Barbara Hernandez,barbara.hernandez7180@example.com,North,2021-05-05
C07166,Jessica Anderson,jessica.anderson906@example.com,East,2022-03-08
C07167,James Smith,james.smith1168@example.com,North,2022-06-21
C07168,Patricia Jones,patricia.jones7713@example.com,East,2021-08-11
C07169,Jennifer Jackson,jennifer.jackson9081@example.com,West,2022-06-14
C07170,Mary Lopez,mary.lopez5997@example.com,South,2021-08-03
C07171,Jessica Thomas,jessica.thomas4731@example.com,East,2021-11-16
C07172,Richard Martinez,richard.martinez2551@example.com,East,2022-09-23
C07173,Robert Taylor,robert.taylor2216@example.com,North,2021-04-16
C07174,William Williams,william.williams58@example.com,Central,2023-07-27
C07175,Jennifer Gonzalez,jennifer.gonzalez5579@example.com,North,2021-08-07
C07176,William Taylor,william.taylor7559@example.com,Central,2022-04-20
C07177,Joseph Garcia,,Central,2021-11-26
C07178,Patricia Jackson,patricia.jackson5612@example.com,Central,2022-01-03
C07179,Mary Lopez,mary.lopez18@example.com,East,2023-03-07
C07180,Patricia Hernandez,patricia.hernandez8864@example.com,East,2021-09-17
C07181,Michael Gonzalez,michael.gonzalez4097@example.com,East,2021-02-25
C07182,Mary Garcia,mary.garcia544@example.com,West,2021-03-11
C07183,Elizabeth Johnson,elizabeth.johnson6749@example.com,South,2023-01-13
C07184,Patricia Anderson,patricia.anderson5162@example.com,West,2022-01-02
C07185,Charles Wilson,charles.wilson450@example.com,West,2021-06-15
C07186,William Miller,william.miller4432@example.com,South,2021-04-06
C07187,Elizabeth Miller,elizabeth.miller1289@example.com,North,2023-07-26
C07188,Jennifer Garcia,jennifer.garcia2350@example.com,East,2022-11-12
C07189,Thomas Jackson,thomas.jackson3154@example.com,West,2021-12-03
C07190,Sarah Gonzalez,sarah.gonzalez541@example.com,West,2023-08-23
C07191,Thomas Anderson,thomas.anderson3497@example.com,Central,2021-08-01
C07192,John Miller,john.miller543@example.com,South,2021-11-05
C07193,Michael Taylor,michael.taylor3646@example.com,South,2023-08-12
C07194,Jessica Hernandez,jessica.hernandez725@example.com,Central,2023-03-26
C07195,Linda Garcia,linda.garcia4325@example.com,Central,2022-05-28
C07196,Susan Johnson,susan.johnson4567@example.com,South,2023-03-23
C07197,Barbara Hernandez,barbara.hernandez5096@example.com,Central,2023-08-19
C07198,Mary Jones,mary.jones1979@example.com,East,2021-06-08
C07199,Richard Martin,richard.martin571@example.com,West,2021-11-01
C07200,Karen Wilson,karen.wilson6009@example.com,North,2021-04-02
C07201,William Miller,william.miller8017@example.com,North,2023-04-29
C07202,Joseph Johnson,,East,2021-12-11
C07203,Linda Anderson,linda.anderson3062@example.com,East,2022-07-04
C07204,David Gonzalez,david.gonzalez158@example.com,East,2021-06-24
C07205,Charles Jackson,charles.jackson514@example.com,East,2022-04-27
C07206,Jennifer Garcia,jennifer.garcia6624@example.com,North,2021-06-07
C07207,Jessica Taylor,jessica.taylor5518@example.com,East,2021-12-17
C07208,Joseph Garcia,joseph.garcia9531@example.com,Central,2021-10-13
C07209,Robert Jones,robert.jones9944@example.com,East,2022-06-11
C07210,John Moore,john.moore7260@example.com,West,2023-03-11
C07211,John Thomas,john.thomas6640@example.com,West,2022-06-14
C07212,Barbara Taylor,barbara.taylor8528@example.com,South,2021-01-29
C07213,Jessica Jackson,jessica.jackson9169@example.com,East,2022-02-16
C07214,Michael Thomas,michael.thomas8377@example.com,North,2022-01-09
C07215,Richard Wilson,richard.wilson8560@example.com,Central,2021-02-15
C07216,Jessica Jackson,jessica.jackson6050@example.com,South,2021-04-12
C07217,Jennifer Jones,jennifer.jones7939@example.com,North,2023-04-18
C07218,James Rodriguez,james.rodriguez7707@example.com,Central,2021-03-15
C07219,Linda Davis,linda.davis7416@example.com,East,2021-08-17
C07220,Michael Thomas,michael.thomas4730@example.com,South,2022-04-12
C07221,Charles Garcia,charles.garcia2358@example.com,Central,2022-11-03
C07222,William Garcia,william.garcia8172@example.com,South,2022-05-20
C07223,Richard Jackson,richard.jackson8369@example.com,East,2023-08-24
C07224,Jennifer Taylor,jennifer.taylor1401@example.com,Central,2023-10-26
C07225,Patricia Wilson,patricia.wilson1234@example.com,North,2023-11-03
C07226,James Martin,james.martin8754@example.com,North,2022-03-02
C07227,Linda Gonzalez,linda.gonzalez2900@example.com,East,2022-11-06
C07228,Robert Garcia,robert.garcia7929@example.com,East,2023-09-28
C07229,Linda Jones,linda.jones7936@example.com,South,2022-10-08
C07230,Barbara Davis,barbara.davis2393@example.com,North,2022-01-20
C07231,Jennifer Jackson,jennifer.jackson7252@example.com,North,2023-03-20
C07232,David Williams,,West,2022-08-30
C07233,Charles Hernandez,charles.hernandez1741@example.com,Central,2021-01-10
C07234,David Anderson,david.anderson5304@example.com,Central,2022-09-17
C07235,Jessica Williams,jessica.williams1532@example.com,South,2021-10-03
C07236,James Anderson,james.anderson2541@example.com,Central,2021-06-28
C07237,Sarah Rodriguez,sarah.rodriguez6548@example.com,East,2023-04-22
C07238,Michael Wilson,michael.wilson9508@example.com,Central,2021-05-10
C07239,Richard Anderson,richard.anderson6890@example.com,East,2021-06-04
C07240,Karen Gonzalez,karen.gonzalez6758@example.com,West,2022-01-12
C07241,Robert Miller,robert.miller6198@example.com,East,2022-12-13
C07242,Patricia Martinez,patricia.martinez3842@example.com,North,2022-02-08
C07243,William Jones,william.jones4863@example.com,West,2022-02-09
C07244,Patricia Thomas,patricia.thomas7667@example.com,East,2022-07-14
C07245,Robert Garcia,robert.garcia2378@example.com,South,2021-09-26
C07246,Patricia Jackson,patricia.jackson7858@example.com,Central,2021-02-27
C07247,Linda Rodriguez,linda.rodriguez7271@example.com,West,2021-03-06
C07248,Jennifer Jackson,jennifer.jackson5986@example.com,Central,2023-11-03
C07249,Michael Davis,michael.davis2758@example.com,North,2022-03-01
C07250,David Williams,david.williams3565@example.com,West,2022-08-27
C07251,Linda Williams,linda.williams7201@example.com,Central,2021-05-13
C07252,Richard Davis,richard.davis3205@example.com,East,2021-06-24
C07253,Barbara Rodriguez,barbara.rodriguez3460@example.com,Central,2021-12-07
C07254,David Martinez,david.martinez1766@example.com,West,2021-10-16
C07255,Robert Johnson,robert.johnson6522@example.com,South,2022-06-06
C07256,David Moore,david.moore681@example.com,Central,2022-12-11
C07257,Joseph Brown,joseph.brown9121@example.com,North,2023-11-20
C07258,John Wilson,john.wilson2884@example.com,East,2022-02-05
C07259,Patricia Martinez,patricia.martinez5280@example.com,West,2022-02-15
C07260,Michael Taylor,michael.taylor7105@example.com,South,2022-08-19
C07261,Richard Williams,richard.williams7063@example.com,North,2022-05-09
C07262,Linda Anderson,linda.anderson326@example.com,South,2021-06-10
C07263,Robert Thomas,robert.thomas4255@example.com,West,2023-02-07
C07264,Linda Williams,linda.williams2853@example.com,Central,2022-09-12
C07265,James Gonzalez,james.gonzalez7391@example.com,Central,2021-10-16
C07266,Mary Rodriguez,mary.rodriguez1460@example.com,South,2021-05-14
C07267,Karen Brown,karen.brown6178@example.com,Central,2023-07-16
C07268,David Moore,david.moore6310@example.com,West,2021-01-30
C07269,Patricia Martin,patricia.martin2357@example.com,East,2021-09-05
C07270,Joseph Hernandez,joseph.hernandez5345@example.com,East,2021-07-30
C07271,Susan Brown,susan.brown4833@example.com,Central,2022-07-11
C07272,Mary Davis,mary.davis9880@example.com,South,2023-09-04
C07273,David Martinez,david.martinez5664@example.com,Central,2022-08-26
C07274,John Rodriguez,john.rodriguez2123@example.com,North,2023-03-15
C07275,Michael Wilson,michael.wilson922@example.com,East,2021-11-25
C07276,Thomas Taylor,thomas.taylor3049@example.com,South,2023-05-26
C07277,Jessica Taylor,jessica.taylor3542@example.com,East,2023-01-06
C07278,Sarah Lopez,sarah.lopez9486@example.com,Central,2023-08-13
C07279,Susan Davis,susan.davis8393@example.com,West,2021-10-31
C07280,Robert Hernandez,robert.hernandez4420@example.com,West,2023-04-10
C07281,Jennifer Taylor,jennifer.taylor8149@example.com,West,2023-06-15
C07282,Barbara Miller,barbara.miller5612@example.com,East,2022-02-04
C07283,Karen Rodriguez,karen.rodriguez6051@example.com,West,2023-12-04
C07284,Karen Hernandez,karen.hernandez8234@example.com,South,2023-04-26
C07285,Linda Johnson,linda.johnson9941@example.com,West,2023-12-03
C07286,David Hernandez,david.hernandez4534@example.com,Central,2022-09-05
C07287,Linda Williams,linda.williams5116@example.com,North,2021-05-26
C07288,Barbara Rodriguez,barbara.rodriguez5080@example.com,North,2023-08-06
C07289,Richard Jones,richard.jones5101@example.com,Central,2023-01-09
C07290,Jessica Rodriguez,jessica.rodriguez541@example.com,East,2023-09-21
C07291,Joseph Smith,joseph.smith3295@example.com,West,2022-04-20
C07292,Mary Anderson,mary.anderson7235@example.com,Central,2021-06-07
C07293,James Jackson,james.jackson462@example.com,East,2021-07-21
C07294,Karen Martinez,karen.martinez379@example.com,South,2023-04-16
C07295,Patricia Lopez,patricia.lopez685@example.com,North,2023-11-18
C07296,Robert Jackson,robert.jackson2483@example.com,Central,2022-10-13
C07297,John Miller,,Central,2021-04-02
C07298,John Williams,john.williams4979@example.com,West,2021-04-23
C07299,Barbara Lopez,barbara.lopez5276@example.com,West,2021-02-27
C07300,William Martin,william.martin8103@example.com,East,2022-08-03
C07301,Elizabeth Jones,elizabeth.jones6262@example.com,South,2022-05-19
C07302,Sarah Moore,sarah.moore5039@example.com,West,2021-03-28
C07303,Michael Martinez,michael.martinez9199@example.com,North,2022-08-27
C07304,John Miller,john.miller675@example.com,North,2022-06-06
C07305,William Jackson,william.jackson673@example.com,Central,2022-08-19
C07306,Patricia Thomas,patricia.thomas7931@example.com,South,2022-04-24
C07307,Mary Anderson,mary.anderson1820@example.com,South,2021-07-24
C07308,Sarah Garcia,sarah.garcia1508@example.com,North,2022-01-21
C07309,Charles Garcia,charles.garcia3601@example.com,West,2023-12-04
C07310,Patricia Williams,patricia.williams447@example.com,North,2022-04-28
C07311,Sarah Moore,sarah.moore3949@example.com,Central,2021-01-13
C07312,Robert Lopez,robert.lopez7369@example.com,East,2023-01-03
C07313,Susan Martinez,susan.martinez4431@example.com,North,2022-01-23
C07314,Barbara Martinez,barbara.martinez7396@example.com,Central,2023-03-15
C07315,Jennifer Martinez,jennifer.martinez273@example.com,South,2022-06-22
C07316,Karen Jones,karen.jones944@example.com,West,2021-06-04
C07317,William Hernandez,william.hernandez165@example.com,Central,2022-01-27
C07318,Karen Lopez,karen.lopez7853@example.com,West,2022-11-28
C07319,Linda Jackson,,West,2022-03-13
C07320,Thomas Garcia,thomas.garcia7286@example.com,East,2022-08-29
C07321,Sarah Johnson,sarah.johnson2917@example.com,Central,2023-12-04
C07322,Karen Jackson,karen.jackson2807@example.com,Central,2022-12-08
C07323,David Garcia,david.garcia446@example.com,North,2023-01-16
C07324,Elizabeth Martinez,elizabeth.martinez5050@example.com,East,2021-10-17
C07325,James Anderson,james.anderson4441@example.com,North,2023-08-13
C07326,James Miller,james.miller2207@example.com,West,2021-04-22
C07327,Robert Lopez,robert.lopez4115@example.com,Central,2023-12-21
C07328,Linda Jackson,,South,2022-07-16
C07329,Patricia Johnson,patricia.johnson3761@example.com,South,2021-05-19
C07330,Mary Jones,mary.jones9789@example.com,Central,2023-07-07
C07331,David Lopez,david.lopez1875@example.com,South,2021-04-25
C07332,Jessica Martin,jessica.martin6986@example.com,South,2021-02-17
C07333,Jennifer Garcia,jennifer.garcia5718@example.com,West,2023-12-27
C07334,Karen Martin,karen.martin2856@example.com,South,2023-05-06
C07335,Jennifer Brown,jennifer.brown3407@example.com,East,2022-12-13
C07336,Sarah Garcia,sarah.garcia6022@example.com,East,2021-05-11
C07337,Charles Garcia,charles.garcia9797@example.com,East,2021-03-09
C07338,Charles Jackson,charles.jackson4980@example.com,North,2023-10-18
C07339,Barbara Miller,barbara.miller7193@example.com,South,2021-12-26
C07340,Barbara Wilson,barbara.wilson4786@example.com,East,2022-10-01
C07341,Jessica Wilson,jessica.wilson6844@example.com,East,2023-09-23
C07342,James Hernandez,james.hernandez1927@example.com,East,2021-04-18
C07343,Richard Anderson,richard.anderson9816@example.com,Central,2022-07-28
C07344,David Williams,david.williams1630@example.com,North,2021-10-09
C07345,David Wilson,david.wilson8243@example.com,East,2023-05-20
C07346,William Gonzalez,william.gonzalez8185@example.com,North,2021-04-07
C07347,Elizabeth Gonzalez,elizabeth.gonzalez6673@example.com,West,2022-01-11
C07348,Thomas Lopez,thomas.lopez519@example.com,North,2023-08-10
C07349,David Smith,,Central,2022-11-17
C07350,Jennifer Brown,jennifer.brown3022@example.com,South,2021-12-24
C07351,Charles Martinez,charles.martinez4350@example.com,West,2021-10-03
C07352,Jessica Gonzalez,jessica.gonzalez3990@example.com,North,2022-08-25
C07353,Thomas Anderson,thomas.anderson4319@example.com,West,2022-10-08
C07354,Patricia Jones,patricia.jones9788@example.com,East,2022-05-08
C07355,Sarah Hernandez,sarah.hernandez3664@example.com,South,2022-08-24
C07356,Charles Martin,charles.martin9879@example.com,North,2022-12-13
C07357,Linda Lopez,linda.lopez9832@example.com,South,2023-08-28
C07358,David Williams,david.williams2126@example.com,Central,2021-05-15
C07359,Sarah Williams,sarah.williams8136@example.com,Central,2021-05-10
C07360,Patricia Williams,patricia.williams4705@example.com,West,2023-05-18
C07361,James Jackson,james.jackson8893@example.com,North,2021-04-21
C07362,David Smith,david.smith4618@example.com,East,2023-03-09
C07363,Patricia Martin,patricia.martin7411@example.com,East,2023-01-12
C07364,Karen Thomas,karen.thomas6014@example.com,South,2022-08-19
C07365,Barbara Martin,barbara.martin4466@example.com,North,2021-11-30
C07366,James Taylor,james.taylor4824@example.com,Central,2023-04-14
C07367,David Rodriguez,,West,2021-12-23
C07368,David Hernandez,david.hernandez571@example.com,East,2021-09-05
C07369,Karen Johnson,karen.johnson9401@example.com,East,2023-08-13
C07370,James Anderson,james.anderson9491@example.com,North,2023-04-04
C07371,John Wilson,john.wilson9617@example.com,South,2021-07-25
C07372,Jennifer Moore,jennifer.moore4302@example.com,Central,2022-10-04
C07373,Barbara Jackson,barbara.jackson5972@example.com,South,2021-05-07
C07374,Susan Jackson,susan.jackson2153@example.com,West,2021-08-15
C07375,Barbara Gonzalez,barbara.gonzalez9230@example.com,East,2023-06-10
C07376,James Taylor,james.taylor2918@example.com,,2021-12-14
C07377,Linda Lopez,linda.lopez1261@example.com,North,2022-06-15
C07378,Barbara Jackson,barbara.jackson6288@example.com,East,2023-08-20
C07379,Michael Rodriguez,michael.rodriguez9846@example.com,South,2023-05-17
C07380,Michael Miller,michael.miller7810@example.com,Central,2022-07-05
C07381,Charles Williams,charles.williams3978@example.com,West,2023-12-19
C07382,Jessica Smith,jessica.smith1852@example.com,North,2021-06-29
C07383,Patricia Davis,patricia.davis3829@example.com,Central,2021-11-24
C07384,Michael Miller,michael.miller1537@example.com,South,2023-06-25
C07385,James Anderson,james.anderson1611@example.com,Central,2023-05-03
C07386,Linda Davis,linda.davis8355@example.com,Central,2023-11-16
C07387,John Miller,john.miller2821@example.com,North,2021-10-18
C07388,Jennifer Johnson,jennifer.johnson5002@example.com,East,2022-05-05
C07389,David Brown,david.brown9892@example.com,Central,2022-06-08
C07390,Charles Lopez,charles.lopez7796@example.com,North,2021-10-17
C07391,David Martin,,South,2021-12-03
C07392,Robert Rodriguez,robert.rodriguez1598@example.com,North,2022-04-03
C07393,Patricia Davis,patricia.davis8101@example.com,East,2021-03-13
C07394,Linda Johnson,linda.johnson5594@example.com,West,2022-11-12
C07395,John Thomas,john.thomas3658@example.com,East,2022-04-22
C07396,Susan Taylor,susan.taylor2676@example.com,North,2022-11-17
C07397,Robert Martin,robert.martin7971@example.com,Central,2022-08-13
C07398,Richard Garcia,richard.garcia1333@example.com,,2021-04-20
C07399,Susan Garcia,susan.garcia714@example.com,North,2022-07-03
C07400,James Anderson,james.anderson6185@example.com,East,2022-03-13
C07401,Richard Jones,richard.jones9422@example.com,South,2022-11-13
C07402,Mary Brown,mary.brown1719@example.com,East,2023-02-12
C07403,Sarah Jackson,,South,2021-06-19
C07404,Thomas Martinez,thomas.martinez8336@example.com,Central,2022-07-11
C07405,Charles Rodriguez,charles.rodriguez9729@example.com,East,2021-10-28
C07406,Mary Martinez,mary.martinez8020@example.com,East,2021-08-09
C07407,Joseph Lopez,joseph.lopez6749@example.com,East,2022-06-23
C07408,Richard Hernandez,richard.hernandez1654@example.com,East,2023-05-12
C07409,Barbara Thomas,barbara.thomas5071@example.com,East,2021-11-24
C07410,David Jones,david.jones8383@example.com,Central,2023-03-18
C07411,Elizabeth Gonzalez,elizabeth.gonzalez5211@example.com,Central,2021-02-20
C07412,William Davis,william.davis1347@example.com,Central,2021-06-06
C07413,Linda Martin,linda.martin1605@example.com,West,2023-10-20
C07414,David Rodriguez,david.rodriguez8634@example.com,South,2023-09-18
C07415,Robert Anderson,robert.anderson1999@example.com,East,2021-12-01
C07416,William Brown,william.brown2690@example.com,North,2023-12-16
C07417,Michael Rodriguez,michael.rodriguez1605@example.com,West,2022-04-16
C07418,Joseph Jones,joseph.jones714@example.com,North,2022-12-09
C07419,Michael Thomas,michael.thomas808@example.com,North,2022-04-29
C07420,Jennifer Davis,jennifer.davis9761@example.com,Central,2023-09-30
C07421,Joseph Miller,joseph.miller3705@example.com,South,2021-01-02
C07422,Thomas Hernandez,thomas.hernandez8675@example.com,West,2022-01-03
C07423,Susan Davis,susan.davis2607@example.com,Central,2023-01-27
C07424,Patricia Johnson,patricia.johnson9123@example.com,Central,2023-11-23
C07425,John Taylor,john.taylor2007@example.com,Central,2022-01-07
C07426,Sarah Brown,sarah.brown8142@example.com,Central,2021-10-04
C07427,James Wilson,james.wilson4182@example.com,Central,2022-10-16
C07428,David Miller,david.miller5058@example.com,East,2023-07-19
C07429,Patricia Martin,patricia.martin7288@example.com,North,2022-03-18
C07430,Jennifer Martinez,jennifer.martinez2431@example.com,South,2021-03-07
C07431,James Martin,james.martin1328@example.com,West,2023-02-10
C07432,Michael Davis,michael.davis2192@example.com,,2023-11-23
C07433,Jessica Garcia,jessica.garcia5010@example.com,Central,2021-02-28
C07434,Jessica Brown,jessica.brown2218@example.com,South,2023-06-04
C07435,Karen Williams,karen.williams817@example.com,North,2023-10-28
C07436,Jennifer Thomas,jennifer.thomas2668@example.com,East,2023-01-08
C07437,Jennifer Johnson,jennifer.johnson7220@example.com,Central,2021-06-07
C07438,Barbara Jones,barbara.jones8855@example.com,North,2023-08-08
C07439,Jessica Taylor,jessica.taylor9442@example.com,West,2021-04-26
C07440,Patricia Moore,patricia.moore792@example.com,East,2021-02-12
C07441,Robert Anderson,robert.anderson7170@example.com,North,2021-09-16
C07442,Linda Brown,linda.brown6373@example.com,West,2021-02-20
C07443,Mary Smith,mary.smith3533@example.com,West,2022-12-16
C07444,Jessica Martinez,jessica.martinez3919@example.com,West,2022-04-30
C07445,Sarah Rodriguez,sarah.rodriguez7390@example.com,North,2022-07-06
C07446,Barbara Taylor,barbara.taylor1222@example.com,South,2021-12-28
C07447,Patricia Garcia,patricia.garcia9704@example.com,Central,2023-04-14
C07448,Michael Thomas,michael.thomas2198@example.com,North,2023-12-04
C07449,Mary Miller,mary.miller1417@example.com,West,2023-06-22
C07450,James Lopez,james.lopez608@example.com,West,2021-12-24
C07451,Barbara Garcia,barbara.garcia2498@example.com,East,2023-03-17
C07452,David Rodriguez,david.rodriguez8099@example.com,North,2021-07-08
C07453,Elizabeth Lopez,elizabeth.lopez5799@example.com,North,2022-11-24
C07454,Linda Lopez,linda.lopez4623@example.com,South,2022-06-08
C07455,Susan Wilson,susan.wilson7404@example.com,South,2023-09-14
C07456,Richard Williams,richard.williams8078@example.com,West,2022-07-23
C07457,Barbara Hernandez,barbara.hernandez2722@example.com,East,2021-12-16
C07458,Mary Lopez,mary.lopez9788@example.com,East,2021-10-29
C07459,Barbara Martinez,barbara.martinez9901@example.com,North,2022-04-15
C07460,Jessica Williams,jessica.williams6524@example.com,South,2023-11-14
C07461,Karen Thomas,karen.thomas3640@example.com,West,2022-12-14
C07462,Richard Hernandez,richard.hernandez3843@example.com,Central,2022-01-15
C07463,John Brown,john.brown5210@example.com,South,2021-07-11
C07464,Barbara Smith,barbara.smith4279@example.com,West,2021-05-05
C07465,Thomas Wilson,,Central,2023-12-16
C07466,Barbara Lopez,barbara.lopez8236@example.com,South,2022-10-19
C07467,William Moore,william.moore7346@example.com,Central,2023-09-17
C07468,William Jones,william.jones5726@example.com,South,2021-04-29
C07469,Elizabeth Miller,elizabeth.miller6302@example.com,West,2023-11-21
C07470,William Jackson,william.jackson8106@example.com,Central,2023-07-17
C07471,Thomas Wilson,thomas.wilson7885@example.com,East,2023-11-14
C07472,Patricia Hernandez,,West,2023-12-06
C07473,Karen Rodriguez,karen.rodriguez6114@example.com,Central,2021-11-22
C07474,Elizabeth Wilson,elizabeth.wilson7903@example.com,Central,2021-11-13
C07475,Joseph Hernandez,joseph.hernandez2803@example.com,North,2021-01-18
C07476,Robert Martin,robert.martin6032@example.com,West,2021-06-01
C07477,Sarah Thomas,sarah.thomas5749@example.com,East,2022-01-06
C07478,Mary Jackson,mary.jackson4026@example.com,South,2021-02-11
C07479,John Martinez,john.martinez5108@example.com,East,2021-08-10
C07480,Karen Thomas,karen.thomas2584@example.com,East,2021-04-28
C07481,Michael Wilson,michael.wilson8079@example.com,North,2022-03-31
C07482,Robert Taylor,robert.taylor9690@example.com,North,2023-07-24
C07483,John Miller,john.miller555@example.com,West,2023-07-31
C07484,Patricia Taylor,patricia.taylor4334@example.com,West,2023-08-11
C07485,Jessica Davis,jessica.davis7796@example.com,North,2021-10-21
C07486,Joseph Lopez,joseph.lopez9988@example.com,East,2021-04-07
C07487,John Johnson,john.johnson266@example.com,Central,2023-06-26
C07488,Jessica Martinez,,West,2023-11-18
C07489,Michael Jones,michael.jones6069@example.com,West,2021-05-27
C07490,Sarah Smith,sarah.smith6192@example.com,Central,2022-05-15
C07491,Joseph Johnson,joseph.johnson107@example.com,North,2021-11-03
C07492,Robert Jones,robert.jones1913@example.com,West,2022-03-23
C07493,Karen Johnson,karen.johnson5221@example.com,North,2021-06-06
C07494,Sarah Williams,sarah.williams6207@example.com,East,2021-08-18
C07495,James Gonzalez,james.gonzalez7590@example.com,Central,2021-05-13
C07496,Mary Brown,mary.brown4614@example.com,North,2023-05-22
C07497,Linda Garcia,linda.garcia9153@example.com,South,2023-02-20
C07498,William Jones,william.jones9668@example.com,Central,2021-09-06
C07499,Susan Anderson,susan.anderson2390@example.com,,2021-11-16
C07500,David Rodriguez,david.rodriguez4939@example.com,Central,2022-11-01
C07501,Mary Garcia,mary.garcia4513@example.com,South,2021-06-21
C07502,Thomas Jones,thomas.jones5335@example.com,East,2021-04-14
C07503,David Anderson,david.anderson5658@example.com,,2021-12-16
C07504,Elizabeth Jones,elizabeth.jones4127@example.com,South,2022-05-17
C07505,Barbara Garcia,barbara.garcia3722@example.com,West,2022-08-12
C07506,Thomas Anderson,thomas.anderson8155@example.com,South,2021-11-13
C07507,James Gonzalez,james.gonzalez1477@example.com,Central,2021-09-24
C07508,James Davis,james.davis1735@example.com,West,2023-08-05
C07509,William Martinez,william.martinez8488@example.com,South,2023-09-29
C07510,Sarah Smith,sarah.smith8176@example.com,Central,2022-09-05
C07511,Karen Wilson,,Central,2023-05-05
C07512,Richard Anderson,richard.anderson7160@example.com,West,2021-11-17
C07513,Karen Wilson,karen.wilson5110@example.com,Central,2021-03-27
C07514,William Thomas,william.thomas2016@example.com,East,2022-11-03
C07515,William Hernandez,william.hernandez8227@example.com,East,2022-12-06
C07516,Joseph Anderson,joseph.anderson1934@example.com,West,2022-02-09
C07517,William Garcia,william.garcia7629@example.com,Central,2021-12-24
C07518,Thomas Anderson,thomas.anderson3523@example.com,South,2023-02-13
C07519,Susan Hernandez,susan.hernandez4212@example.com,Central,2021-09-20
C07520,Jessica Martinez,jessica.martinez9733@example.com,East,2022-09-18
C07521,David Rodriguez,david.rodriguez961@example.com,North,2021-11-15
C07522,Patricia Martinez,patricia.martinez3829@example.com,East,2022-08-25
C07523,Barbara Miller,barbara.miller9079@example.com,South,2022-03-17
C07524,Robert Davis,robert.davis5008@example.com,East,2022-03-24
C07525,Barbara Gonzalez,barbara.gonzalez6836@example.com,South,2023-12-09
C07526,Karen Wilson,karen.wilson5978@example.com,East,2021-11-01
C07527,James Davis,,South,2023-08-14
C07528,Richard Williams,richard.williams1278@example.com,West,2021-01-17
C07529,Patricia Martinez,patricia.martinez1461@example.com,North,2023-12-19
C07530,Patricia Gonzalez,patricia.gonzalez2520@example.com,East,2022-07-14
C07531,Jennifer Moore,jennifer.moore1202@example.com,Central,2023-04-10
C07532,David Johnson,david.johnson9452@example.com,West,2023-07-08
C07533,Barbara Smith,barbara.smith6048@example.com,Central,2021-10-08
C07534,Patricia Lopez,,Central,2021-07-09
C07535,Mary Smith,mary.smith9475@example.com,East,2021-03-14
C07536,Robert Anderson,robert.anderson7998@example.com,North,2022-11-19
C07537,Richard Jackson,richard.jackson4737@example.com,West,2021-01-18
C07538,Thomas Garcia,thomas.garcia6270@example.com,South,2023-07-01
C07539,Susan Davis,susan.davis1646@example.com,South,2021-05-06
C07540,Joseph Hernandez,joseph.hernandez3747@example.com,Central,2023-09-02
C07541,John Rodriguez,john.rodriguez1783@example.com,South,2022-08-21
C07542,Robert Jackson,,West,2022-06-11
C07543,Richard Brown,richard.brown4609@example.com,Central,2023-11-03
C07544,John Wilson,john.wilson8147@example.com,South,2022-10-03
C07545,Elizabeth Johnson,elizabeth.johnson5829@example.com,West,2022-08-23
C07546,Jessica Hernandez,jessica.hernandez2189@example.com,Central,2021-11-28
C07547,Elizabeth Hernandez,elizabeth.hernandez9948@example.com,Central,2022-01-01
C07548,Jennifer Martinez,jennifer.martinez5569@example.com,East,2022-07-27
C07549,Robert Brown,,East,2023-03-30
C07550,Patricia Brown,patricia.brown7754@example.com,East,2023-02-01
C07551,Michael Jackson,michael.jackson514@example.com,West,2023-02-18
C07552,Richard Jones,richard.jones7064@example.com,South,2022-11-25
C07553,Linda Smith,linda.smith533@example.com,South,2022-12-21
C07554,Michael Martin,michael.martin5484@example.com,South,2023-01-27
C07555,Richard Miller,richard.miller7446@example.com,West,2022-03-23
C07556,Patricia Garcia,patricia.garcia5879@example.com,East,2023-09-30
C07557,Mary Brown,mary.brown3619@example.com,North,2022-12-20
C07558,Patricia Thomas,patricia.thomas3894@example.com,East,2023-04-23
C07559,Robert Martinez,robert.martinez9227@example.com,North,2022-11-27
C07560,Susan Jackson,susan.jackson5064@example.com,Central,2023-09-02
C07561,John Anderson,john.anderson1122@example.com,Central,2023-11-18
C07562,Charles Williams,charles.williams925@example.com,East,2021-12-23
C07563,David Wilson,david.wilson2606@example.com,West,2023-05-20
C07564,William Miller,william.miller3312@example.com,West,2021-11-12
C07565,James Martin,james.martin2314@example.com,West,2023-09-02
C07566,Sarah Martinez,sarah.martinez2510@example.com,West,2021-07-30
C07567,David Davis,david.davis6505@example.com,South,2023-06-20
C07568,Barbara Johnson,barbara.johnson6289@example.com,Central,2021-09-21
C07569,Sarah Hernandez,sarah.hernandez6485@example.com,Central,2022-08-20
C07570,John Wilson,john.wilson4680@example.com,South,2021-06-21
C07571,John Hernandez,john.hernandez6251@example.com,Central,2021-02-28
C07572,Jennifer Gonzalez,jennifer.gonzalez2051@example.com,North,2021-01-21
C07573,Linda Wilson,linda.wilson4094@example.com,East,2022-10-29
C07574,Jennifer Jones,jennifer.jones9744@example.com,West,2023-03-29
C07575,John Miller,john.miller1014@example.com,South,2023-11-22
C07576,Joseph Williams,joseph.williams4768@example.com,East,2022-09-23
C07577,Michael Smith,michael.smith66@example.com,East,2023-07-13
C07578,Jessica Thomas,jessica.thomas4768@example.com,East,2022-12-11
C07579,Patricia Taylor,patricia.taylor3441@example.com,South,2021-12-25
C07580,Barbara Davis,barbara.davis3969@example.com,South,2023-07-25
C07581,Barbara Anderson,barbara.anderson8285@example.com,West,2023-07-18
C07582,Mary Garcia,,West,2021-04-02
C07583,Richard Jackson,,East,2023-05-24
C07584,John Johnson,john.johnson6896@example.com,West,2022-03-05
C07585,Robert Gonzalez,robert.gonzalez4173@example.com,North,2022-06-16
C07586,John Garcia,,East,2023-06-12
C07587,Thomas Martinez,thomas.martinez8435@example.com,East,2023-03-06
C07588,Mary Smith,mary.smith88@example.com,Central,2021-11-15
C07589,James Taylor,james.taylor8000@example.com,South,2021-09-07
C07590,Charles Miller,charles.miller9531@example.com,South,2021-07-14
C07591,Thomas Jackson,thomas.jackson9433@example.com,Central,2021-08-05
C07592,Karen Moore,karen.moore7830@example.com,South,2022-11-12
C07593,James Brown,james.brown8598@example.com,West,2023-07-25
C07594,Susan Smith,susan.smith1681@example.com,Central,2023-06-20
C07595,David Jones,david.jones2067@example.com,East,2021-06-27
C07596,David Jones,david.jones8493@example.com,South,2023-04-07
C07597,Susan Hernandez,susan.hernandez1318@example.com,West,2022-02-27
C07598,John Martin,john.martin7552@example.com,Central,2022-05-06
C07599,David Jones,david.jones8011@example.com,West,2022-12-07
C07600,David Martin,david.martin4048@example.com,West,2021-05-09
C07601,John Taylor,john.taylor2090@example.com,West,2022-11-23
C07602,Patricia Gonzalez,patricia.gonzalez3515@example.com,West,2021-07-15
C07603,David Rodriguez,david.rodriguez8763@example.com,West,2021-07-10
C07604,Michael Martinez,michael.martinez1991@example.com,East,2022-02-18
C07605,Elizabeth Gonzalez,elizabeth.gonzalez203@example.com,East,2023-05-02
C07606,Thomas Anderson,thomas.anderson5338@example.com,East,2022-10-08
C07607,Elizabeth Rodriguez,elizabeth.rodriguez8829@example.com,Central,2023-09-28
C07608,Michael Martin,michael.martin9138@example.com,North,2022-11-07
C07609,David Taylor,david.taylor8902@example.com,West,2021-03-23
C07610,Barbara Johnson,barbara.johnson3571@example.com,East,2022-09-28
C07611,Richard Lopez,richard.lopez883@example.com,West,2023-05-07
C07612,Karen Jackson,karen.jackson7026@example.com,South,2022-06-30
C07613,Elizabeth Thomas,elizabeth.thomas8061@example.com,East,2022-11-27
C07614,Linda Taylor,linda.taylor4079@example.com,North,2023-01-25
C07615,Joseph Jones,joseph.jones7300@example.com,West,2021-11-18
C07616,Mary Wilson,mary.wilson8173@example.com,South,2022-04-23
C07617,Michael Gonzalez,michael.gonzalez7219@example.com,West,2022-09-30
C07618,Patricia Johnson,patricia.johnson9154@example.com,Central,2021-09-07
C07619,Patricia Taylor,patricia.taylor3048@example.com,North,2022-03-23
C07620,William Johnson,william.johnson4023@example.com,Central,2021-08-21
C07621,Jessica Miller,jessica.miller2216@example.com,North,2021-01-23
C07622,Susan Gonzalez,susan.gonzalez6465@example.com,West,2021-07-17
C07623,Thomas Rodriguez,thomas.rodriguez7781@example.com,Central,2023-08-15
C07624,Thomas Moore,thomas.moore8389@example.com,East,2023-10-04
C07625,Karen Lopez,karen.lopez7623@example.com,West,2022-08-22
C07626,Karen Williams,karen.williams7506@example.com,Central,2023-05-04
C07627,John Martin,john.martin888@example.com,Central,2021-12-29
C07628,Linda Jackson,linda.jackson5806@example.com,Central,2022-02-23
C07629,Robert Thomas,robert.thomas8467@example.com,West,2023-05-22
C07630,Sarah Martin,sarah.martin9361@example.com,,2022-04-14
C07631,Jennifer Gonzalez,jennifer.gonzalez5423@example.com,South,2022-10-11
C07632,Robert Rodriguez,robert.rodriguez1537@example.com,South,2023-06-27
C07633,Susan Lopez,susan.lopez1560@example.com,South,2021-12-31
C07634,Charles Martinez,charles.martinez9834@example.com,West,2023-05-06
C07635,John Smith,john.smith8847@example.com,Central,2023-09-06
C07636,Mary Martinez,mary.martinez5200@example.com,West,2023-03-27
C07637,John Jones,john.jones9303@example.com,West,2021-08-21
C07638,Michael Hernandez,michael.hernandez4916@example.com,West,2022-07-29
C07639,Linda Brown,linda.brown5644@example.com,Central,2022-09-15
C07640,Sarah Jackson,sarah.jackson9602@example.com,East,2021-05-16
C07641,Jennifer Johnson,jennifer.johnson523@example.com,East,2021-03-29
C07642,Elizabeth Johnson,elizabeth.johnson484@example.com,East,2023-07-13
C07643,Mary Miller,mary.miller6627@example.com,South,2023-10-03
C07644,Linda Miller,linda.miller1272@example.com,South,2022-08-22
C07645,Joseph Brown,joseph.brown8399@example.com,West,2023-03-17
C07646,Jennifer Williams,jennifer.williams7870@example.com,West,2022-08-26
C07647,Robert Martin,robert.martin2911@example.com,North,2023-10-13
C07648,William Moore,william.moore2186@example.com,East,2023-09-11
C07649,David Smith,david.smith8034@example.com,West,2022-04-06
C07650,Robert Rodriguez,robert.rodriguez990@example.com,East,2021-06-14
C07651,Karen Wilson,karen.wilson5227@example.com,West,2023-09-13
C07652,John Rodriguez,john.rodriguez5750@example.com,West,2023-12-25
C07653,Susan Taylor,susan.taylor7142@example.com,South,2023-02-01
C07654,Joseph Anderson,joseph.anderson1582@example.com,West,2021-05-15
C07655,Charles Jackson,charles.jackson9351@example.com,Central,2023-10-06
C07656,Richard Thomas,richard.thomas18@example.com,West,2021-01-03
C07657,Robert Garcia,robert.garcia7186@example.com,West,2022-07-21
C07658,Elizabeth Hernandez,elizabeth.hernandez2999@example.com,East,2021-01-01
C07659,James Davis,james.davis9936@example.com,Central,2021-03-23
C07660,Susan Martinez,susan.martinez6941@example.com,East,2022-09-22
C07661,Karen Williams,karen.williams8856@example.com,East,2023-11-13
C07662,Jessica Rodriguez,jessica.rodriguez9867@example.com,,2021-10-17
C07663,Jennifer Gonzalez,jennifer.gonzalez9059@example.com,West,2021-02-22
C07664,Michael Thomas,michael.thomas6014@example.com,West,2022-08-11
C07665,David Thomas,david.thomas6333@example.com,,2021-10-21
C07666,William Wilson,william.wilson4717@example.com,Central,2021-09-22
C07667,Robert Garcia,robert.garcia5670@example.com,,2021-06-05
C07668,Robert Garcia,robert.garcia6907@example.com,South,2023-02-04
C07669,James Jackson,james.jackson4608@example.com,East,2023-06-28
C07670,Linda Brown,linda.brown4694@example.com,South,2023-05-19
C07671,Susan Garcia,susan.garcia2384@example.com,East,2023-05-28
C07672,James Miller,james.miller9101@example.com,Central,2021-05-24
C07673,Mary Johnson,mary.johnson2368@example.com,Central,2023-12-18
C07674,Susan Rodriguez,susan.rodriguez1855@example.com,Central,2023-03-08
C07675,Karen Thomas,karen.thomas9881@example.com,South,2022-02-20
C07676,Linda Taylor,linda.taylor3207@example.com,Central,2023-05-30
C07677,Sarah Taylor,sarah.taylor3445@example.com,West,2023-12-21
C07678,Robert Lopez,robert.lopez8401@example.com,West,2023-06-08
C07679,Sarah Brown,sarah.brown6208@example.com,South,2021-03-18
C07680,Jessica Martin,jessica.martin3861@example.com,West,2023-01-08
C07681,Robert Brown,robert.brown9499@example.com,North,2023-11-24
C07682,William Martin,,South,2022-08-16
C07683,Jennifer Martin,jennifer.martin5749@example.com,West,2021-11-12
C07684,Susan Wilson,susan.wilson3033@example.com,North,2023-06-21
C07685,Joseph Anderson,joseph.anderson8820@example.com,West,2022-04-14
C07686,Karen Thomas,karen.thomas1233@example.com,North,2021-04-03
C07687,Barbara Jackson,barbara.jackson7174@example.com,West,2022-04-12
C07688,Michael Johnson,michael.johnson5924@example.com,West,2023-05-20
C07689,Jennifer Rodriguez,jennifer.rodriguez2299@example.com,North,2022-05-10
C07690,Robert Rodriguez,robert.rodriguez9112@example.com,West,2022-12-19
C07691,Patricia Taylor,patricia.taylor8791@example.com,Central,2023-04-18
C07692,Richard Williams,richard.williams3465@example.com,East,2022-05-03
C07693,Barbara Thomas,barbara.thomas2990@example.com,West,2022-12-15
C07694,Jessica Jones,jessica.jones6501@example.com,Central,2021-01-24
C07695,Joseph Jones,joseph.jones9057@example.com,East,2023-11-07
C07696,Barbara Taylor,,Central,2023-11-13
C07697,Susan Wilson,susan.wilson9314@example.com,East,2022-10-04
C07698,James Hernandez,james.hernandez1062@example.com,Central,2023-10-28
C07699,Joseph Davis,joseph.davis5649@example.com,West,2022-04-08
C07700,Elizabeth Hernandez,elizabeth.hernandez3848@example.com,East,2023-03-14
C07701,Patricia Johnson,patricia.johnson7985@example.com,Central,2023-06-30
C07702,Joseph Jones,joseph.jones2450@example.com,West,2023-02-15
C07703,John Hernandez,john.hernandez3965@example.com,,2023-10-15
C07704,James Jones,james.jones7541@example.com,North,2023-09-03
C07705,Susan Martin,susan.martin7707@example.com,West,2022-05-14
C07706,Sarah Johnson,sarah.johnson5230@example.com,East,2023-02-12
C07707,Karen Smith,karen.smith1918@example.com,Central,2021-05-25
C07708,Robert Johnson,robert.johnson8159@example.com,North,2023-04-05
C07709,Karen Martin,karen.martin1326@example.com,East,2022-12-11
C07710,Charles Davis,charles.davis9592@example.com,South,2022-06-14
C07711,William Hernandez,william.hernandez5832@example.com,East,2022-01-07
C07712,Robert Brown,robert.brown4976@example.com,Central,2022-09-26
C07713,William Williams,william.williams3106@example.com,Central,2021-06-24
C07714,Joseph Gonzalez,joseph.gonzalez9241@example.com,South,2022-05-04
C07715,Sarah Williams,sarah.williams5191@example.com,East,2021-03-27
C07716,Jessica Smith,jessica.smith5722@example.com,West,2021-05-14
C07717,James Wilson,james.wilson3419@example.com,North,2021-05-11
C07718,Robert Taylor,robert.taylor7942@example.com,Central,2021-05-11
C07719,Joseph Miller,joseph.miller408@example.com,Central,2022-04-15
C07720,Thomas Jones,thomas.jones1135@example.com,South,2023-11-30
C07721,Charles Martin,charles.martin9510@example.com,West,2022-04-26
C07722,James Garcia,james.garcia9053@example.com,East,2023-10-27
C07723,Barbara Johnson,barbara.johnson5250@example.com,North,2022-01-24
C07724,Patricia Jackson,patricia.jackson1573@example.com,West,2022-12-26
C07725,Thomas Jackson,thomas.jackson6899@example.com,Central,2021-05-20
C07726,Sarah Rodriguez,sarah.rodriguez4463@example.com,Central,2023-05-27
C07727,Barbara Martinez,barbara.martinez7522@example.com,South,2021-04-16
C07728,Barbara Rodriguez,barbara.rodriguez8362@example.com,Central,2022-11-20
C07729,Richard Gonzalez,richard.gonzalez2510@example.com,North,2023-03-15
C07730,James Jackson,james.jackson5059@example.com,West,2023-01-09
C07731,James Brown,james.brown2270@example.com,South,2021-04-18
C07732,Susan Gonzalez,susan.gonzalez6144@example.com,West,2023-01-08
C07733,James Lopez,james.lopez342@example.com,East,2023-07-27
C07734,Susan Hernandez,susan.hernandez7942@example.com,Central,2023-09-03
C07735,Charles Davis,charles.davis9563@example.com,Central,2022-06-30
C07736,Linda Anderson,linda.anderson2490@example.com,Central,2022-01-26
C07737,David Jones,david.jones1355@example.com,Central,2023-03-05
C07738,James Jackson,,West,2022-07-12
C07739,Jessica Williams,jessica.williams5055@example.com,South,2021-07-26
C07740,John Jackson,john.jackson806@example.com,West,2021-10-01
C07741,Linda Thomas,linda.thomas7374@example.com,Central,2022-03-25
C07742,Linda Smith,linda.smith8803@example.com,East,2021-11-29
C07743,Linda Thomas,linda.thomas8750@example.com,North,2023-03-02
C07744,Michael Miller,michael.miller2961@example.com,East,2023-01-17
C07745,Susan Hernandez,susan.hernandez6610@example.com,Central,2023-12-25
C07746,Mary Hernandez,mary.hernandez9074@example.com,North,2022-12-18
C07747,Michael Moore,michael.moore1898@example.com,East,2021-04-19
C07748,John Hernandez,john.hernandez4417@example.com,Central,2022-11-14
C07749,Joseph Moore,joseph.moore1746@example.com,North,2023-07-19
C07750,Karen Rodriguez,karen.rodriguez1747@example.com,Central,2021-08-23
C07751,Barbara Brown,barbara.brown4833@example.com,West,2022-11-30
C07752,William Brown,william.brown7441@example.com,North,2023-04-13
C07753,Barbara Wilson,barbara.wilson2319@example.com,West,2023-01-12
C07754,Elizabeth Hernandez,elizabeth.hernandez5449@example.com,West,2023-10-14
C07755,Susan Wilson,susan.wilson5908@example.com,East,2021-04-04
C07756,Jennifer Davis,jennifer.davis4515@example.com,South,2021-07-29
C07757,Susan Garcia,susan.garcia3024@example.com,East,2022-09-27
C07758,Karen Brown,karen.brown8627@example.com,North,2021-11-25
C07759,Sarah Taylor,sarah.taylor3829@example.com,East,2021-05-03
C07760,Barbara Miller,barbara.miller3290@example.com,East,2022-02-13
C07761,John Miller,john.miller5661@example.com,North,2021-01-10
C07762,Jennifer Thomas,jennifer.thomas8303@example.com,South,2023-07-24
C07763,Charles Miller,charles.miller7301@example.com,South,2021-08-14
C07764,Jessica Gonzalez,jessica.gonzalez1248@example.com,West,2021-12-15
C07765,Barbara Taylor,barbara.taylor8951@example.com,Central,2022-07-14
C07766,Michael Brown,michael.brown3531@example.com,East,2023-10-12
C07767,Elizabeth Smith,elizabeth.smith8647@example.com,West,2023-07-14
C07768,Michael Martin,michael.martin7810@example.com,West,2023-09-25
C07769,Barbara Wilson,barbara.wilson5596@example.com,Central,2021-04-24
C07770,Richard Brown,richard.brown8304@example.com,East,2022-11-05
C07771,Patricia Williams,,East,2022-10-04
C07772,John Jackson,john.jackson2066@example.com,East,2023-11-19
C07773,Susan Davis,susan.davis5100@example.com,North,2023-05-23
C07774,John Anderson,john.anderson786@example.com,West,2021-08-29
C07775,Elizabeth Martinez,elizabeth.martinez5332@example.com,South,2022-12-17
C07776,Jennifer Smith,jennifer.smith1579@example.com,West,2022-07-20
C07777,Susan Brown,susan.brown6220@example.com,East,2022-12-20
C07778,Jessica Davis,jessica.davis3077@example.com,Central,2021-07-01
C07779,Michael Rodriguez,michael.rodriguez1175@example.com,Central,2021-01-12
C07780,Jessica Brown,jessica.brown9402@example.com,North,2022-09-05
C07781,Barbara Brown,barbara.brown5106@example.com,North,2023-01-06
C07782,David Moore,david.moore3104@example.com,South,2021-03-16
C07783,Joseph Garcia,joseph.garcia9745@example.com,North,2023-11-26
C07784,Mary Moore,mary.moore4215@example.com,Central,2021-05-21
C07785,Richard Moore,richard.moore5095@example.com,West,2022-02-05
C07786,James Martin,,North,2023-02-28
C07787,William Rodriguez,,North,2023-02-13
C07788,James Rodriguez,james.rodriguez5860@example.com,North,2021-04-08
C07789,Thomas Williams,thomas.williams8410@example.com,South,2021-12-30
C07790,Jessica Gonzalez,jessica.gonzalez3919@example.com,South,2023-07-25
C07791,Jennifer Garcia,jennifer.garcia3388@example.com,South,2022-10-26
C07792,Mary Rodriguez,mary.rodriguez3401@example.com,West,2022-11-11
C07793,Charles Johnson,charles.johnson4266@example.com,East,2021-10-16
C07794,Jennifer Wilson,jennifer.wilson5998@example.com,South,2022-12-06
C07795,Michael Jackson,michael.jackson7672@example.com,East,2021-07-17
C07796,Michael Lopez,michael.lopez9625@example.com,South,2023-02-17
C07797,Mary Smith,mary.smith9996@example.com,West,2022-06-07
C07798,James Hernandez,james.hernandez1470@example.com,South,2023-03-04
C07799,Elizabeth Williams,elizabeth.williams1129@example.com,North,2023-06-09
C07800,Barbara Wilson,barbara.wilson5087@example.com,South,2022-08-14
C07801,Jennifer Wilson,jennifer.wilson668@example.com,South,2022-01-11
C07802,Jennifer Miller,jennifer.miller8531@example.com,East,2022-01-20
C07803,Sarah Martin,sarah.martin5230@example.com,East,2021-12-09
C07804,Robert Hernandez,robert.hernandez1046@example.com,East,2022-10-22
C07805,Jennifer Martin,jennifer.martin4437@example.com,West,2023-01-21
C07806,David Brown,david.brown2661@example.com,Central,2022-11-14
C07807,Susan Miller,susan.miller8783@example.com,West,2022-12-12
C07808,Joseph Johnson,joseph.johnson3444@example.com,North,2021-09-19
C07809,John Davis,john.davis3679@example.com,Central,2022-03-07
C07810,William Garcia,william.garcia1208@example.com,Central,2022-11-19
C07811,Elizabeth Hernandez,elizabeth.hernandez7440@example.com,Central,2022-04-19
C07812,Karen Wilson,karen.wilson8526@example.com,Central,2023-01-12
C07813,Robert Lopez,robert.lopez4692@example.com,Central,2022-12-01
C07814,Linda Hernandez,linda.hernandez2833@example.com,East,2022-02-05
C07815,Elizabeth Gonzalez,elizabeth.gonzalez6881@example.com,North,2023-06-05
C07816,Sarah Jackson,sarah.jackson9259@example.com,South,2022-06-08
C07817,Jessica Brown,jessica.brown5865@example.com,East,2021-08-04
C07818,James Moore,james.moore761@example.com,North,2022-03-13
C07819,James Garcia,james.garcia2942@example.com,South,2022-11-24
C07820,Barbara Brown,barbara.brown2931@example.com,West,2022-04-05
C07821,Robert Miller,robert.miller2512@example.com,East,2021-09-17
C07822,Jennifer Wilson,jennifer.wilson3780@example.com,West,2021-09-19
C07823,Patricia Martinez,patricia.martinez4327@example.com,West,2021-03-16
C07824,William Hernandez,william.hernandez2043@example.com,West,2023-06-22
C07825,Jessica Moore,jessica.moore8193@example.com,North,2022-12-24
C07826,Karen Brown,karen.brown3409@example.com,Central,2022-02-05
C07827,Jennifer Gonzalez,jennifer.gonzalez3116@example.com,East,2021-03-25
C07828,Michael Miller,michael.miller6339@example.com,Central,2021-06-27
C07829,Mary Hernandez,mary.hernandez7282@example.com,West,2022-02-15
C07830,Sarah Brown,sarah.brown5801@example.com,East,2023-08-20
C07831,Susan Garcia,,South,2022-11-07
C07832,Susan Martinez,susan.martinez359@example.com,Central,2023-12-30
C07833,Susan Taylor,susan.taylor9946@example.com,Central,2021-01-26
C07834,Jessica Moore,jessica.moore7154@example.com,Central,2022-03-22
C07835,Thomas Brown,thomas.brown9331@example.com,North,2022-08-18
C07836,Sarah Anderson,sarah.anderson4471@example.com,South,2021-06-20
C07837,Karen Smith,karen.smith592@example.com,North,2021-08-20
C07838,Jessica Hernandez,jessica.hernandez8515@example.com,South,2023-07-17
C07839,Michael Hernandez,michael.hernandez3349@example.com,West,2023-10-31
C07840,Charles Martin,charles.martin6584@example.com,West,2023-12-28
C07841,Barbara Moore,barbara.moore4401@example.com,North,2021-05-18
C07842,Mary Gonzalez,mary.gonzalez5809@example.com,North,2022-06-03
C07843,Joseph Miller,joseph.miller6596@example.com,East,2021-06-10
C07844,James Hernandez,james.hernandez5795@example.com,North,2022-02-24
C07845,Mary Jones,mary.jones7553@example.com,West,2022-11-09
C07846,Sarah Gonzalez,sarah.gonzalez9992@example.com,South,2023-12-04
C07847,Elizabeth Miller,elizabeth.miller4192@example.com,South,2022-07-21
C07848,David Garcia,david.garcia1662@example.com,Central,2023-05-19
C07849,Robert Smith,robert.smith8392@example.com,North,2021-04-08
C07850,Charles Martin,charles.martin9581@example.com,North,2022-09-11
C07851,Patricia Martinez,patricia.martinez35@example.com,North,2021-01-30
C07852,John Davis,john.davis4363@example.com,East,2023-04-03
C07853,Linda Wilson,linda.wilson4173@example.com,South,2023-04-24
C07854,Elizabeth Anderson,elizabeth.anderson2223@example.com,East,2022-01-01
C07855,Elizabeth Hernandez,elizabeth.hernandez3472@example.com,,2022-08-16
C07856,Robert Rodriguez,robert.rodriguez429@example.com,North,2022-07-21
C07857,Robert Lopez,robert.lopez3888@example.com,West,2022-11-23
C07858,Jennifer Anderson,jennifer.anderson7087@example.com,,2021-07-20
C07859,Sarah Moore,sarah.moore1673@example.com,East,2023-02-26
C07860,Richard Brown,richard.brown4255@example.com,Central,2023-09-27
C07861,James Garcia,james.garcia132@example.com,West,2021-02-01
C07862,Karen Wilson,karen.wilson4045@example.com,North,2022-10-14
C07863,Karen Williams,karen.williams1226@example.com,South,2023-06-20
C07864,Mary Jones,mary.jones5740@example.com,South,2023-08-29
C07865,James Moore,james.moore6378@example.com,South,2023-09-08
C07866,Barbara Moore,barbara.moore7550@example.com,East,2021-06-26
C07867,Jessica Jones,jessica.jones582@example.com,East,2022-04-11
C07868,James Smith,james.smith3272@example.com,South,2023-02-23
C07869,Charles Wilson,charles.wilson4451@example.com,East,2021-05-18
C07870,Michael Davis,michael.davis1147@example.com,East,2023-04-30
C07871,Thomas Davis,thomas.davis9998@example.com,Central,2022-09-09
C07872,Jennifer Jones,jennifer.jones6755@example.com,South,2022-09-12
C07873,Michael Smith,michael.smith9716@example.com,Central,2022-02-27
C07874,Elizabeth Jackson,elizabeth.jackson1926@example.com,East,2022-12-03
C07875,Michael Gonzalez,michael.gonzalez7080@example.com,South,2023-05-08
C07876,Michael Hernandez,michael.hernandez1368@example.com,East,2022-01-12
C07877,Thomas Jones,thomas.jones3483@example.com,East,2022-09-25
C07878,Thomas Hernandez,thomas.hernandez3064@example.com,Central,2022-03-10
C07879,William Martin,william.martin6658@example.com,West,2022-05-07
C07880,Linda Lopez,linda.lopez2889@example.com,Central,2023-03-05
C07881,Elizabeth Smith,elizabeth.smith7098@example.com,South,2021-06-06
C07882,David Rodriguez,david.rodriguez671@example.com,East,2023-10-28
C07883,Michael Smith,michael.smith7415@example.com,North,2022-02-08
C07884,Robert Thomas,robert.thomas343@example.com,East,2022-06-02
C07885,Patricia Smith,patricia.smith5673@example.com,Central,2022-02-16
C07886,Susan Martinez,susan.martinez2739@example.com,South,2022-01-19
C07887,Richard Rodriguez,richard.rodriguez5133@example.com,South,2023-05-07
C07888,Thomas Thomas,thomas.thomas7103@example.com,East,2022-01-16
C07889,Richard Martin,richard.martin8419@example.com,,2021-07-02
C07890,Linda Miller,linda.miller3615@example.com,Central,2021-10-04
C07891,Patricia Anderson,patricia.anderson20@example.com,West,2023-09-19
C07892,Patricia Martin,patricia.martin9285@example.com,East,2022-08-03
C07893,Karen Brown,karen.brown8849@example.com,East,2022-12-28
C07894,Susan Brown,susan.brown6813@example.com,South,2022-10-31
C07895,Robert Gonzalez,robert.gonzalez480@example.com,Central,2021-11-19
C07896,Thomas Anderson,thomas.anderson9279@example.com,West,2021-06-23
C07897,James Jackson,james.jackson6232@example.com,East,2022-01-25
C07898,Jennifer Hernandez,jennifer.hernandez7403@example.com,North,2023-10-31
C07899,David Johnson,david.johnson6940@example.com,South,2022-04-01
C07900,Elizabeth Thomas,elizabeth.thomas1167@example.com,North,2022-03-12
C07901,James Jones,james.jones3840@example.com,East,2022-11-08
C07902,Patricia Jones,patricia.jones9709@example.com,North,2021-10-29
C07903,Michael Johnson,michael.johnson3354@example.com,Central,2022-04-05
C07904,Charles Moore,charles.moore5888@example.com,North,2023-10-16
C07905,Jessica Davis,jessica.davis8865@example.com,West,2023-06-19
C07906,Sarah Anderson,sarah.anderson6391@example.com,Central,2022-05-19
C07907,Richard Smith,richard.smith9034@example.com,South,2023-02-24
C07908,Susan Hernandez,susan.hernandez1705@example.com,East,2023-02-11
C07909,David Anderson,david.anderson4437@example.com,West,2021-02-17
C07910,Richard Taylor,richard.taylor1059@example.com,Central,2021-09-10
C07911,Charles Taylor,charles.taylor7194@example.com,South,2023-11-19
C07912,John Williams,,North,2022-05-02
C07913,Michael Jackson,michael.jackson1961@example.com,North,2021-08-26
C07914,John Anderson,john.anderson9682@example.com,South,2022-11-23
C07915,James Anderson,james.anderson4581@example.com,East,2022-08-02
C07916,Elizabeth Davis,elizabeth.davis2799@example.com,Central,2021-01-13
C07917,Robert Taylor,robert.taylor4604@example.com,East,2021-08-17
C07918,Susan Williams,susan.williams6190@example.com,West,2022-07-14
C07919,Mary Taylor,mary.taylor8622@example.com,North,2023-05-27
C07920,Linda Jones,linda.jones3941@example.com,South,2022-10-18
C07921,Jessica Martinez,,West,2021-11-22
C07922,Jennifer Wilson,jennifer.wilson5483@example.com,North,2021-09-21
C07923,Barbara Moore,barbara.moore3447@example.com,North,2022-04-25
C07924,David Thomas,david.thomas8471@example.com,North,2022-07-24
C07925,Susan Wilson,susan.wilson8200@example.com,West,2022-01-25
C07926,Jennifer Martin,jennifer.martin962@example.com,North,2021-12-31
C07927,Karen Brown,karen.brown5545@example.com,East,2021-07-21
C07928,Sarah Lopez,sarah.lopez8613@example.com,North,2021-04-19
C07929,Patricia Martinez,patricia.martinez6292@example.com,South,2023-01-30
C07930,Linda Hernandez,linda.hernandez9701@example.com,Central,2021-01-31
C07931,Patricia Rodriguez,patricia.rodriguez789@example.com,South,2022-11-21
C07932,Susan Davis,susan.davis1337@example.com,West,2021-10-20
C07933,Joseph Brown,joseph.brown6506@example.com,South,2022-07-17
C07934,Joseph Taylor,joseph.taylor7535@example.com,Central,2022-02-12
C07935,Sarah Davis,sarah.davis5033@example.com,West,2022-12-14
C07936,John Smith,john.smith4187@example.com,North,2021-03-04
C07937,Jennifer Taylor,jennifer.taylor2697@example.com,South,2021-06-11
C07938,Elizabeth Taylor,elizabeth.taylor2830@example.com,North,2022-09-09
C07939,Linda Smith,linda.smith4490@example.com,East,2023-08-10
C07940,Sarah Jackson,sarah.jackson4861@example.com,East,2022-03-29
C07941,Elizabeth Jackson,elizabeth.jackson258@example.com,North,2023-05-10
C07942,Thomas Martin,thomas.martin3705@example.com,,2022-06-14
C07943,Patricia Martin,patricia.martin5965@example.com,North,2021-03-31
C07944,Michael Smith,michael.smith7263@example.com,West,2021-01-09
C07945,Richard Brown,richard.brown6353@example.com,West,2022-07-03
C07946,Susan Martinez,susan.martinez8823@example.com,South,2021-03-05
C07947,Karen Taylor,karen.taylor8008@example.com,East,2021-05-26
C07948,Thomas Brown,thomas.brown8759@example.com,West,2022-04-09
C07949,William Rodriguez,william.rodriguez4196@example.com,East,2022-09-26
C07950,Jessica Anderson,jessica.anderson2804@example.com,South,2023-04-20
C07951,Michael Gonzalez,,Central,2021-01-16
C07952,William Jackson,william.jackson4826@example.com,West,2021-11-19
C07953,Michael Williams,michael.williams469@example.com,North,2023-03-11
C07954,Susan Taylor,susan.taylor6159@example.com,West,2023-01-14
C07955,Sarah Jackson,sarah.jackson3531@example.com,Central,2021-04-15
C07956,Elizabeth Thomas,elizabeth.thomas646@example.com,East,2021-06-30
C07957,Jennifer Wilson,jennifer.wilson5205@example.com,East,2022-07-24
C07958,Patricia Wilson,patricia.wilson5170@example.com,West,2022-11-18
C07959,Joseph Brown,joseph.brown1363@example.com,South,2023-10-10
C07960,James Brown,james.brown8558@example.com,North,2023-12-15
C07961,Charles Miller,charles.miller6017@example.com,West,2022-01-16
C07962,Susan Garcia,susan.garcia5924@example.com,East,2023-08-01
C07963,Susan Williams,,South,2023-11-18
C07964,William Moore,william.moore773@example.com,West,2023-06-02
C07965,Thomas Miller,thomas.miller165@example.com,South,2021-10-25
C07966,Jennifer Jackson,jennifer.jackson9879@example.com,West,2022-03-21
C07967,Robert Brown,robert.brown55@example.com,South,2022-03-21
C07968,James Jackson,james.jackson225@example.com,North,2023-05-11
C07969,Barbara Moore,barbara.moore5068@example.com,Central,2021-02-02
C07970,Patricia Martinez,patricia.martinez695@example.com,West,2021-01-01
C07971,Robert Lopez,robert.lopez7375@example.com,North,2021-04-06
C07972,Karen Hernandez,karen.hernandez923@example.com,West,2021-01-15
C07973,William Gonzalez,william.gonzalez3161@example.com,North,2021-08-17
C07974,Thomas Miller,thomas.miller8548@example.com,East,2022-01-20
C07975,Richard Jones,richard.jones6694@example.com,West,2022-02-02
C07976,Richard Anderson,richard.anderson7783@example.com,West,2023-07-27
C07977,David Garcia,david.garcia9794@example.com,Central,2022-01-04
C07978,Richard Martin,richard.martin1627@example.com,East,2023-08-05
C07979,Sarah Moore,sarah.moore1441@example.com,East,2021-10-11
C07980,William Hernandez,william.hernandez2685@example.com,West,2021-03-20
C07981,Sarah Thomas,sarah.thomas5536@example.com,North,2021-11-30
C07982,William Martinez,william.martinez8754@example.com,Central,2023-03-01
C07983,Joseph Taylor,joseph.taylor9695@example.com,North,2021-08-20
C07984,Charles Miller,charles.miller8611@example.com,West,2021-06-15
C07985,Elizabeth Garcia,elizabeth.garcia360@example.com,East,2022-09-27
C07986,Michael Moore,michael.moore2859@example.com,North,2022-09-29
C07987,James Martinez,james.martinez6397@example.com,West,2022-02-06
C07988,Barbara Anderson,barbara.anderson3031@example.com,South,2022-04-11
C07989,Linda Johnson,linda.johnson8218@example.com,North,2022-10-15
C07990,Elizabeth Martinez,elizabeth.martinez6501@example.com,East,2022-05-25
C07991,Jennifer Williams,jennifer.williams689@example.com,Central,2023-03-04
C07992,Sarah Wilson,sarah.wilson1667@example.com,South,2023-08-26
C07993,Charles Smith,charles.smith9387@example.com,Central,2023-10-23
C07994,William Gonzalez,william.gonzalez7306@example.com,,2023-02-02
C07995,Patricia Williams,patricia.williams650@example.com,East,2021-11-30
C07996,David Thomas,david.thomas6519@example.com,North,2021-03-10
C07997,Robert Taylor,robert.taylor424@example.com,Central,2022-12-05
C07998,Barbara Smith,barbara.smith393@example.com,East,2021-05-31
C07999,Barbara Wilson,barbara.wilson6263@example.com,North,2023-02-06
C08000,Joseph Garcia,joseph.garcia8141@example.com,South,2022-01-19
C08001,James Garcia,james.garcia1862@example.com,Central,2022-03-11
C08002,Charles Smith,charles.smith5250@example.com,North,2022-04-10
C08003,Jessica Gonzalez,jessica.gonzalez474@example.com,West,2022-03-20
C08004,Robert Rodriguez,robert.rodriguez8511@example.com,South,2021-10-16
C08005,Linda Anderson,linda.anderson7891@example.com,West,2022-07-09
C08006,Richard Gonzalez,richard.gonzalez8935@example.com,South,2022-08-25
C08007,Thomas Martinez,thomas.martinez2560@example.com,Central,2021-03-14
C08008,Jessica Anderson,jessica.anderson5882@example.com,East,2022-12-07
C08009,Thomas Hernandez,thomas.hernandez7193@example.com,West,2023-01-21
C08010,John Jackson,john.jackson2941@example.com,West,2022-06-28
C08011,Richard Moore,richard.moore2088@example.com,Central,2023-01-14
C08012,John Gonzalez,john.gonzalez5667@example.com,Central,2022-03-02
C08013,David Brown,david.brown1417@example.com,West,2022-05-08
C08014,William Williams,william.williams4485@example.com,West,2023-06-23
C08015,Elizabeth Anderson,elizabeth.anderson6678@example.com,Central,2021-06-08
C08016,James Miller,james.miller1103@example.com,West,2022-01-02
C08017,Jessica Thomas,jessica.thomas9315@example.com,North,2023-11-02
C08018,Thomas Gonzalez,thomas.gonzalez7178@example.com,East,2021-12-24
C08019,James Hernandez,james.hernandez499@example.com,East,2022-08-30
C08020,Richard Garcia,richard.garcia2364@example.com,West,2023-04-14
C08021,David Williams,david.williams8705@example.com,East,2022-12-10
C08022,Linda Williams,linda.williams2174@example.com,North,2022-04-24
C08023,Thomas Jones,thomas.jones8222@example.com,West,2023-12-25
C08024,Susan Taylor,susan.taylor7000@example.com,North,2022-06-04
C08025,Susan Wilson,susan.wilson870@example.com,North,2022-12-18
C08026,Charles Davis,charles.davis6796@example.com,North,2022-11-17
C08027,Barbara Garcia,barbara.garcia3015@example.com,North,2022-06-23
C08028,Richard Lopez,richard.lopez5487@example.com,Central,2023-09-23
C08029,Sarah Anderson,sarah.anderson3206@example.com,North,2022-05-04
C08030,Robert Smith,robert.smith2948@example.com,West,2021-06-19
C08031,Michael Williams,michael.williams8200@example.com,South,2022-07-24
C08032,Karen Taylor,,Central,2022-10-08
C08033,David Lopez,david.lopez7318@example.com,South,2022-03-20
C08034,Robert Moore,robert.moore2957@example.com,Central,2021-09-18
C08035,John Moore,john.moore3950@example.com,Central,2022-06-22
C08036,Karen Taylor,karen.taylor4080@example.com,Central,2023-12-10
C08037,William Gonzalez,william.gonzalez9838@example.com,West,2023-07-18
C08038,David Taylor,david.taylor4471@example.com,West,2021-08-08
C08039,Michael Anderson,michael.anderson874@example.com,East,2023-03-15
C08040,Karen Taylor,karen.taylor4533@example.com,Central,2021-03-01
C08041,Karen Johnson,karen.johnson6220@example.com,North,2023-08-16
C08042,Thomas Miller,thomas.miller896@example.com,South,2023-05-22
C08043,Elizabeth Gonzalez,elizabeth.gonzalez5433@example.com,Central,2023-10-21
C08044,Jennifer Rodriguez,jennifer.rodriguez4390@example.com,West,2022-05-12
C08045,John Jones,john.jones8683@example.com,South,2021-03-29
C08046,Charles Garcia,charles.garcia7513@example.com,South,2021-04-01
C08047,Charles Taylor,charles.taylor1509@example.com,South,2022-01-08
C08048,John Hernandez,john.hernandez1579@example.com,Central,2022-03-07
C08049,Richard Taylor,,East,2023-03-06
C08050,David Garcia,david.garcia3768@example.com,North,2023-07-15
C08051,Jessica Thomas,jessica.thomas6092@example.com,North,2022-02-26
C08052,Jennifer Garcia,,South,2023-08-09
C08053,Thomas Martinez,thomas.martinez3930@example.com,West,2023-12-26
C08054,Elizabeth Wilson,elizabeth.wilson4460@example.com,South,2021-05-07
C08055,Michael Jones,michael.jones3577@example.com,Central,2022-12-26
C08056,William Davis,william.davis7317@example.com,West,2022-12-30
C08057,Sarah Hernandez,sarah.hernandez8816@example.com,Central,2022-07-23
C08058,David Martin,david.martin6875@example.com,South,2021-07-10
C08059,Robert Williams,robert.williams2446@example.com,East,2023-10-25
C08060,Karen Taylor,karen.taylor3203@example.com,South,2021-02-12
C08061,Jessica Moore,jessica.moore1958@example.com,South,2022-11-07
C08062,Joseph Smith,joseph.smith6760@example.com,North,2022-01-17
C08063,Elizabeth Rodriguez,elizabeth.rodriguez5629@example.com,West,2023-06-17
C08064,John Brown,john.brown3778@example.com,East,2023-05-01
C08065,Thomas Thomas,thomas.thomas3456@example.com,North,2021-11-19
C08066,Richard Martinez,richard.martinez5199@example.com,West,2022-07-27
C08067,Susan Taylor,susan.taylor4698@example.com,South,2021-01-26
C08068,Charles Smith,charles.smith3152@example.com,Central,2023-10-29
C08069,Jessica Jones,jessica.jones6194@example.com,South,2023-08-28
C08070,Barbara Johnson,barbara.johnson3069@example.com,North,2023-03-08
C08071,Elizabeth Garcia,elizabeth.garcia1810@example.com,South,2023-06-18
C08072,Jennifer Taylor,,South,2023-04-29
C08073,Elizabeth Jackson,elizabeth.jackson8088@example.com,Central,2021-01-06
C08074,Patricia Jackson,patricia.jackson6631@example.com,East,2022-05-06
C08075,Barbara Wilson,barbara.wilson2352@example.com,East,2021-12-19
C08076,John Williams,john.williams1979@example.com,Central,2021-04-01
C08077,James Johnson,james.johnson8808@example.com,South,2021-04-23
C08078,Barbara Davis,barbara.davis2151@example.com,North,2022-04-27
C08079,Charles Lopez,charles.lopez6283@example.com,North,2023-12-19
C08080,James Martinez,james.martinez6958@example.com,West,2021-02-01
C08081,John Martinez,john.martinez7704@example.com,South,2023-08-12
C08082,Barbara Jackson,barbara.jackson1633@example.com,West,2021-04-01
C08083,Richard Wilson,richard.wilson5312@example.com,West,2023-10-27
C08084,Barbara Anderson,barbara.anderson7039@example.com,South,2022-02-08
C08085,Patricia Wilson,patricia.wilson326@example.com,East,2022-09-18
C08086,David Smith,david.smith6454@example.com,South,2023-08-07
C08087,Mary Lopez,mary.lopez2532@example.com,East,2023-05-26
C08088,Karen Rodriguez,karen.rodriguez5144@example.com,East,2023-05-02
C08089,Richard Anderson,richard.anderson6498@example.com,East,2021-09-03
C08090,William Garcia,william.garcia8275@example.com,,2021-01-28
C08091,Patricia Miller,patricia.miller7268@example.com,West,2023-09-29
C08092,Patricia Smith,patricia.smith7778@example.com,South,2022-01-05
C08093,Robert Hernandez,robert.hernandez8884@example.com,South,2021-12-03
C08094,Robert Miller,robert.miller3856@example.com,North,2022-07-20
C08095,Patricia Thomas,patricia.thomas8091@example.com,West,2023-05-14
C08096,Susan Williams,susan.williams694@example.com,North,2022-12-21
C08097,Karen Williams,karen.williams2009@example.com,West,2022-07-04
C08098,Jessica Martin,jessica.martin3912@example.com,South,2023-11-07
C08099,Charles Williams,charles.williams4673@example.com,West,2023-03-08
C08100,Linda Williams,linda.williams5244@example.com,East,2023-12-13
C08101,Mary Smith,mary.smith8248@example.com,West,2023-08-02
C08102,David Brown,david.brown3474@example.com,South,2021-10-06
C08103,Michael Thomas,michael.thomas889@example.com,Central,2022-06-09
C08104,Richard Moore,,South,2021-06-29
C08105,Linda Taylor,linda.taylor6011@example.com,East,2022-09-25
C08106,Jennifer Martin,jennifer.martin3700@example.com,West,2022-10-24
C08107,Joseph Johnson,joseph.johnson1077@example.com,West,2023-09-25
C08108,Mary Williams,mary.williams774@example.com,South,2022-12-10
C08109,Elizabeth Jackson,elizabeth.jackson7970@example.com,West,2021-06-11
C08110,Mary Moore,mary.moore2553@example.com,South,2023-09-12
C08111,Joseph Hernandez,joseph.hernandez6856@example.com,Central,2021-01-01
C08112,Susan Smith,susan.smith4927@example.com,West,2023-03-07
C08113,James Martin,james.martin5889@example.com,North,2022-01-18
C08114,Sarah Jackson,sarah.jackson2125@example.com,North,2022-10-04
C08115,Thomas Wilson,thomas.wilson4985@example.com,Central,2021-02-15
C08116,Charles Thomas,charles.thomas5272@example.com,South,2022-02-10
C08117,Patricia Rodriguez,patricia.rodriguez9475@example.com,South,2023-04-16
C08118,Charles Brown,charles.brown8455@example.com,North,2022-10-17
C08119,Richard Moore,richard.moore7078@example.com,East,2023-02-22
C08120,William Garcia,,Central,2021-11-10
C08121,David Hernandez,david.hernandez8663@example.com,,2022-12-18
C08122,Sarah Johnson,sarah.johnson9041@example.com,East,2022-05-19
C08123,William Martinez,william.martinez1588@example.com,North,2022-12-14
C08124,Linda Martinez,linda.martinez9135@example.com,South,2022-01-17
C08125,Joseph Garcia,joseph.garcia7419@example.com,West,2022-03-06
C08126,Elizabeth Johnson,elizabeth.johnson8138@example.com,South,2023-10-25
C08127,John Moore,john.moore1458@example.com,West,2023-10-03
C08128,Joseph Brown,,East,2021-04-20
C08129,Jessica Davis,jessica.davis7156@example.com,East,2022-06-20
C08130,Patricia Thomas,patricia.thomas1088@example.com,,2021-05-08
C08131,James Smith,james.smith1479@example.com,North,2021-12-12
C08132,Patricia Rodriguez,patricia.rodriguez8972@example.com,East,2021-06-13
C08133,John Davis,john.davis9351@example.com,East,2021-06-09
C08134,Charles Jones,charles.jones7637@example.com,South,2022-05-27
C08135,Joseph Wilson,joseph.wilson4735@example.com,North,2022-09-28
C08136,Susan Moore,susan.moore9395@example.com,East,2022-02-06
C08137,Michael Gonzalez,michael.gonzalez5379@example.com,West,2021-04-02
C08138,Charles Brown,charles.brown4776@example.com,North,2021-01-31
C08139,Thomas Davis,thomas.davis3651@example.com,South,2023-02-09
C08140,Barbara Wilson,barbara.wilson1988@example.com,Central,2023-02-15
C08141,Sarah Williams,sarah.williams2222@example.com,West,2021-08-31
C08142,Richard Jackson,richard.jackson9283@example.com,West,2021-02-24
C08143,Thomas Wilson,thomas.wilson6174@example.com,East,2023-05-19
C08144,Barbara Martin,barbara.martin7372@example.com,East,2023-08-09
C08145,Jessica Wilson,jessica.wilson7904@example.com,,2023-08-05
C08146,David Johnson,david.johnson6742@example.com,South,2022-05-24
C08147,Jessica Davis,jessica.davis3670@example.com,East,2022-08-02
C08148,John Garcia,john.garcia7111@example.com,Central,2022-11-23
C08149,Joseph Johnson,joseph.johnson7320@example.com,Central,2023-01-24
C08150,William Gonzalez,william.gonzalez50@example.com,East,2023-07-31
C08151,Michael Jones,michael.jones1093@example.com,North,2023-11-19
C08152,Joseph Moore,joseph.moore9565@example.com,Central,2021-01-31
C08153,Jennifer Garcia,jennifer.garcia9641@example.com,East,2023-10-21
C08154,Richard Martin,richard.martin3572@example.com,Central,2023-10-18
C08155,Mary Anderson,mary.anderson9806@example.com,North,2021-01-21
C08156,Susan Jones,susan.jones3088@example.com,North,2022-08-01
C08157,Linda Martinez,linda.martinez4811@example.com,Central,2022-09-28
C08158,Joseph Smith,joseph.smith8945@example.com,East,2023-03-25
C08159,Jessica Brown,jessica.brown1832@example.com,South,2023-12-19
C08160,David Jackson,david.jackson6179@example.com,South,2021-04-07
C08161,Karen Rodriguez,karen.rodriguez1710@example.com,South,2023-03-14
C08162,Joseph Garcia,,Central,2023-10-06
C08163,Mary Williams,mary.williams4041@example.com,North,2023-03-27
C08164,Susan Anderson,susan.anderson1014@example.com,Central,2023-08-11
C08165,Patricia Anderson,,East,2021-11-22
C08166,Mary Thomas,mary.thomas1287@example.com,Central,2021-02-15
C08167,Robert Garcia,robert.garcia1291@example.com,Central,2023-03-26
C08168,Mary Hernandez,mary.hernandez573@example.com,East,2021-07-04
C08169,Jessica Davis,jessica.davis4840@example.com,West,2022-06-10
C08170,John Rodriguez,john.rodriguez6680@example.com,East,2022-11-03
C08171,John Garcia,john.garcia4053@example.com,East,2021-06-03
C08172,Susan Martinez,susan.martinez1428@example.com,West,2021-02-18
C08173,Michael Gonzalez,michael.gonzalez3274@example.com,West,2023-11-09
C08174,Richard Hernandez,richard.hernandez313@example.com,East,2022-10-29
C08175,Jennifer Hernandez,jennifer.hernandez24@example.com,Central,2023-01-20
C08176,Linda Gonzalez,linda.gonzalez4255@example.com,West,2023-05-25
C08177,Jessica Thomas,jessica.thomas8312@example.com,South,2022-09-25
C08178,David Jones,david.jones4490@example.com,East,2023-06-07
C08179,William Jackson,william.jackson1063@example.com,East,2021-02-20
C08180,Charles Smith,charles.smith4350@example.com,East,2021-06-05
C08181,Thomas Rodriguez,thomas.rodriguez644@example.com,West,2021-11-11
C08182,Karen Rodriguez,karen.rodriguez6620@example.com,South,2023-07-23
C08183,John Johnson,john.johnson566@example.com,Central,2021-12-21
C08184,Susan Rodriguez,susan.rodriguez3859@example.com,East,2021-02-22
C08185,Karen Moore,karen.moore1606@example.com,South,2023-01-13
C08186,Mary Martin,mary.martin1558@example.com,South,2021-11-07
C08187,Linda Gonzalez,linda.gonzalez2083@example.com,South,2023-05-28
C08188,Barbara Thomas,barbara.thomas1962@example.com,Central,2022-08-24
C08189,Charles Brown,charles.brown2294@example.com,,2021-02-24
C08190,Susan Garcia,susan.garcia3916@example.com,North,2021-12-15
C08191,William Lopez,william.lopez1900@example.com,Central,2023-07-11
C08192,Richard Brown,richard.brown9390@example.com,West,2021-06-24
C08193,Patricia Thomas,patricia.thomas2305@example.com,South,2022-10-31
C08194,Charles Brown,charles.brown4079@example.com,East,2023-02-04
C08195,Linda Lopez,linda.lopez7075@example.com,Central,2021-10-09
C08196,Elizabeth Lopez,elizabeth.lopez361@example.com,North,2021-08-01
C08197,William Anderson,william.anderson8134@example.com,West,2023-12-26
C08198,Karen Moore,karen.moore2838@example.com,South,2023-03-02
C08199,Sarah Garcia,sarah.garcia1586@example.com,West,2023-09-27
C08200,James Miller,james.miller8572@example.com,East,2023-06-19
C08201,Linda Jones,linda.jones2661@example.com,South,2022-06-01
C08202,Jennifer Wilson,jennifer.wilson3277@example.com,Central,2023-03-16
C08203,Thomas Williams,thomas.williams2598@example.com,North,2021-10-07
C08204,Thomas Thomas,thomas.thomas8872@example.com,East,2022-07-23
C08205,William Anderson,william.anderson4638@example.com,West,2022-03-16
C08206,William Rodriguez,,West,2021-03-10
C08207,Richard Hernandez,richard.hernandez2991@example.com,South,2022-05-21
C08208,Robert Rodriguez,robert.rodriguez4898@example.com,Central,2022-07-23
C08209,Barbara Brown,barbara.brown9450@example.com,East,2021-01-11
C08210,Sarah Martin,sarah.martin7366@example.com,East,2021-09-05
C08211,David Anderson,david.anderson453@example.com,West,2021-01-02
C08212,Patricia Wilson,patricia.wilson2840@example.com,East,2023-07-08
C08213,Joseph Brown,joseph.brown4245@example.com,East,2023-09-02
C08214,Jennifer Martinez,jennifer.martinez8487@example.com,South,2022-12-15
C08215,Jennifer Taylor,,West,2021-04-16
C08216,Sarah Johnson,sarah.johnson8335@example.com,West,2021-01-09
C08217,Karen Taylor,karen.taylor8429@example.com,South,2021-09-22
C08218,Barbara Garcia,,Central,2021-10-23
C08219,Michael Lopez,michael.lopez4248@example.com,North,2021-11-18
C08220,Jessica Jackson,jessica.jackson2142@example.com,,2022-10-08
C08221,John Smith,john.smith254@example.com,South,2021-10-06
C08222,Barbara Anderson,barbara.anderson9375@example.com,Central,2023-12-13
C08223,Linda Hernandez,linda.hernandez4107@example.com,South,2021-03-11
C08224,Linda Garcia,linda.garcia2798@example.com,,2023-08-17
C08225,Jessica Johnson,jessica.johnson206@example.com,Central,2021-08-05
C08226,Barbara Johnson,barbara.johnson6223@example.com,South,2021-01-28
C08227,Thomas Taylor,thomas.taylor9209@example.com,East,2021-11-28
C08228,Mary Moore,mary.moore5351@example.com,East,2022-01-18
C08229,Robert Taylor,robert.taylor6827@example.com,North,2023-07-25
C08230,Elizabeth Jackson,elizabeth.jackson4599@example.com,North,2021-08-14
C08231,Barbara Jackson,barbara.jackson1024@example.com,East,2023-10-23
C08232,Jessica Davis,jessica.davis7721@example.com,East,2021-02-13
C08233,Patricia Jones,patricia.jones5179@example.com,West,2023-12-04
C08234,Michael Rodriguez,michael.rodriguez3757@example.com,Central,2023-06-24
C08235,Sarah Wilson,sarah.wilson8033@example.com,East,2022-01-13
C08236,Charles Hernandez,charles.hernandez9748@example.com,East,2021-06-17
C08237,Charles Martinez,charles.martinez7198@example.com,West,2023-08-16
C08238,John Martin,john.martin1368@example.com,North,2022-01-22
C08239,Linda Gonzalez,linda.gonzalez3650@example.com,Central,2023-08-21
C08240,Jennifer Miller,,East,2021-06-27
C08241,Barbara Hernandez,barbara.hernandez8734@example.com,Central,2023-06-08
C08242,Susan Davis,susan.davis1806@example.com,East,2023-08-13
C08243,Mary Gonzalez,mary.gonzalez1801@example.com,East,2021-08-26
C08244,Patricia Taylor,patricia.taylor8196@example.com,East,2021-08-23
C08245,Karen Jones,karen.jones6331@example.com,Central,2023-09-02
C08246,Michael Davis,michael.davis6454@example.com,West,2021-09-03
C08247,William Davis,william.davis1445@example.com,West,2021-02-17
C08248,James Williams,james.williams9287@example.com,North,2021-01-10
C08249,Susan Davis,susan.davis9097@example.com,East,2022-04-27
C08250,Jennifer Gonzalez,jennifer.gonzalez5691@example.com,Central,2022-10-06
C08251,John Taylor,john.taylor9960@example.com,Central,2023-09-25
C08252,Thomas Hernandez,thomas.hernandez5337@example.com,West,2022-12-11
C08253,Elizabeth Davis,elizabeth.davis6566@example.com,North,2022-03-14
C08254,William Lopez,william.lopez9871@example.com,Central,2022-02-24
C08255,James Martinez,james.martinez4470@example.com,North,2021-05-23
C08256,Mary Smith,mary.smith6823@example.com,West,2021-07-11
C08257,Karen Moore,karen.moore3539@example.com,South,2023-08-22
C08258,Charles Garcia,charles.garcia6380@example.com,,2022-05-02
C08259,Mary Anderson,,Central,2021-02-25
C08260,Susan Rodriguez,susan.rodriguez338@example.com,North,2021-08-14
C08261,Mary Jackson,mary.jackson1714@example.com,West,2021-02-06
C08262,David Martin,david.martin2658@example.com,North,2022-11-04
C08263,Michael Thomas,michael.thomas4740@example.com,East,2023-12-28
C08264,Michael Martin,michael.martin3084@example.com,East,2023-06-10
C08265,Richard Hernandez,richard.hernandez4196@example.com,South,2023-08-05
C08266,Thomas Brown,thomas.brown2422@example.com,West,2023-11-19
C08267,Patricia Smith,patricia.smith7684@example.com,Central,2022-05-04
C08268,Jennifer Johnson,jennifer.johnson1326@example.com,North,2022-03-23
C08269,James Thomas,james.thomas8606@example.com,West,2021-12-20
C08270,David Hernandez,david.hernandez8702@example.com,North,2021-08-27
C08271,Jennifer Anderson,jennifer.anderson7592@example.com,East,2021-03-02
C08272,Joseph Taylor,joseph.taylor4360@example.com,East,2023-06-10
C08273,James Johnson,james.johnson4161@example.com,South,2022-12-08
C08274,Karen Anderson,karen.anderson6739@example.com,North,2022-06-10
C08275,Elizabeth Lopez,elizabeth.lopez8931@example.com,West,2022-12-24
C08276,John Martin,john.martin6406@example.com,Central,2021-02-06
C08277,John Rodriguez,john.rodriguez460@example.com,Central,2022-11-17
C08278,Elizabeth Martinez,elizabeth.martinez5100@example.com,West,2023-02-06
C08279,Robert Brown,robert.brown6898@example.com,Central,2023-07-25
C08280,Michael Jackson,michael.jackson789@example.com,West,2023-04-04
C08281,Jessica Lopez,jessica.lopez2487@example.com,East,2022-05-08
C08282,Patricia Hernandez,patricia.hernandez7878@example.com,,2022-12-12
C08283,Sarah Williams,sarah.williams1679@example.com,East,2021-04-30
C08284,Jessica Anderson,jessica.anderson9023@example.com,South,2023-05-14
C08285,Thomas Johnson,thomas.johnson1687@example.com,South,2023-05-07
C08286,Susan Garcia,susan.garcia3381@example.com,Central,2023-01-04
C08287,Jennifer Wilson,jennifer.wilson21@example.com,West,2023-05-04
C08288,David Hernandez,david.hernandez8273@example.com,South,2023-06-10
C08289,Patricia Miller,patricia.miller5497@example.com,East,2023-07-16
C08290,James Williams,james.williams9025@example.com,South,2021-09-29
C08291,Mary Johnson,mary.johnson2721@example.com,South,2023-03-29
C08292,Jessica Martinez,jessica.martinez280@example.com,North,2023-02-02
C08293,Linda Davis,linda.davis1855@example.com,East,2023-11-05
C08294,Linda Hernandez,linda.hernandez6795@example.com,Central,2022-11-27
C08295,Michael Brown,michael.brown8341@example.com,South,2022-08-13
C08296,Charles Jones,charles.jones1815@example.com,Central,2023-01-16
C08297,Thomas Anderson,thomas.anderson1035@example.com,South,2022-03-05
C08298,Mary Miller,mary.miller2173@example.com,West,2023-11-18
C08299,Mary Anderson,mary.anderson52@example.com,South,2021-06-21
C08300,David Hernandez,david.hernandez8018@example.com,North,2023-01-24
C08301,Patricia Garcia,patricia.garcia1702@example.com,South,2022-02-04
C08302,Elizabeth Smith,elizabeth.smith1278@example.com,North,2022-09-15
C08303,William Hernandez,william.hernandez5992@example.com,West,2023-02-11
C08304,Robert Lopez,robert.lopez3304@example.com,North,2021-09-09
C08305,Robert Johnson,robert.johnson3739@example.com,East,2023-09-10
C08306,William Brown,william.brown7281@example.com,East,2021-12-20
C08307,Michael Smith,michael.smith776@example.com,South,2022-01-01
C08308,Robert Davis,robert.davis7375@example.com,West,2022-03-21
C08309,Michael Lopez,michael.lopez1385@example.com,Central,2021-11-24
C08310,John Williams,john.williams1126@example.com,Central,2021-01-18
C08311,Karen Jackson,karen.jackson3479@example.com,West,2023-05-29
C08312,William Jones,william.jones778@example.com,North,2021-07-11
C08313,Jessica Davis,jessica.davis1232@example.com,North,2021-08-23
C08314,James Rodriguez,,East,2021-04-06
C08315,Elizabeth Jackson,elizabeth.jackson5578@example.com,West,2023-04-01
C08316,Barbara Williams,barbara.williams342@example.com,Central,2023-08-26
C08317,Jennifer Jones,jennifer.jones7527@example.com,Central,2022-01-10
C08318,Karen Smith,karen.smith2729@example.com,South,2022-07-03
C08319,Thomas Moore,thomas.moore8920@example.com,North,2023-04-19
C08320,Karen Wilson,karen.wilson5848@example.com,West,2022-03-13
C08321,Charles Lopez,charles.lopez9767@example.com,Central,2022-06-09
C08322,Susan Davis,susan.davis1195@example.com,East,2022-04-30
C08323,William Anderson,william.anderson4287@example.com,North,2023-04-12
C08324,Mary Taylor,mary.taylor4348@example.com,West,2021-09-04
C08325,Sarah Garcia,sarah.garcia2376@example.com,East,2022-08-17
C08326,William Anderson,william.anderson4950@example.com,Central,2023-03-21
C08327,Karen Martinez,karen.martinez4936@example.com,North,2021-12-29
C08328,Patricia Lopez,patricia.lopez7594@example.com,Central,2021-09-29
C08329,Richard Johnson,richard.johnson7859@example.com,South,2021-06-24
C08330,William Davis,william.davis8767@example.com,West,2023-03-24
C08331,Patricia Jones,patricia.jones3467@example.com,East,2023-01-22
C08332,Robert Hernandez,robert.hernandez9357@example.com,South,2021-01-22
C08333,Susan Anderson,susan.anderson7232@example.com,South,2023-08-02
C08334,Sarah Smith,sarah.smith3952@example.com,Central,2022-06-07
C08335,Richard Moore,richard.moore6474@example.com,West,2022-03-11
C08336,Charles Brown,charles.brown9821@example.com,Central,2021-11-20
C08337,Thomas Jackson,thomas.jackson1374@example.com,South,2022-10-19
C08338,James Anderson,james.anderson3871@example.com,East,2022-10-22
C08339,David Smith,,Central,2021-07-12
C08340,John Rodriguez,john.rodriguez6792@example.com,Central,2023-04-14
C08341,Jennifer Williams,jennifer.williams7692@example.com,West,2023-08-05
C08342,Jennifer Martinez,jennifer.martinez3770@example.com,North,2022-09-17
C08343,William Lopez,william.lopez6710@example.com,East,2022-07-04
C08344,Charles Martin,charles.martin7412@example.com,North,2022-06-16
C08345,Richard Miller,richard.miller4000@example.com,East,2022-11-15
C08346,James Williams,james.williams2050@example.com,South,2023-12-04
C08347,Thomas Martinez,thomas.martinez9173@example.com,North,2021-04-20
C08348,Barbara Martin,barbara.martin4015@example.com,Central,2022-04-25
C08349,James Jackson,james.jackson2491@example.com,South,2021-03-23
C08350,Jennifer Martinez,jennifer.martinez1132@example.com,West,2023-06-18
C08351,Mary Gonzalez,mary.gonzalez8692@example.com,Central,2021-12-04
C08352,Richard Wilson,richard.wilson7347@example.com,North,2023-09-12
C08353,Jessica Davis,jessica.davis5370@example.com,East,2023-04-19
C08354,Jennifer Lopez,jennifer.lopez9793@example.com,North,2021-10-17
C08355,John Miller,john.miller5968@example.com,South,2021-11-28
C08356,David Davis,david.davis4137@example.com,South,2022-06-14
C08357,Richard Wilson,richard.wilson9528@example.com,North,2022-11-04
C08358,Susan Martinez,,North,2021-12-26
C08359,Jennifer Brown,jennifer.brown1214@example.com,East,2022-11-08
C08360,Jessica Garcia,jessica.garcia309@example.com,East,2022-04-11
C08361,Jennifer Brown,jennifer.brown6499@example.com,Central,2022-12-22
C08362,David Smith,david.smith2526@example.com,Central,2023-01-23
C08363,James Lopez,james.lopez8567@example.com,West,2021-11-22
C08364,Robert Moore,robert.moore8240@example.com,Central,2021-11-03
C08365,Sarah Moore,sarah.moore6658@example.com,Central,2021-01-30
C08366,Patricia Smith,patricia.smith6553@example.com,East,2022-01-04
C08367,Thomas Lopez,thomas.lopez4672@example.com,South,2021-12-24
C08368,Michael Wilson,michael.wilson1692@example.com,North,2022-04-24
C08369,Joseph Smith,joseph.smith7545@example.com,West,2021-10-13
C08370,James Johnson,james.johnson5727@example.com,Central,2021-01-10
C08371,Joseph Jackson,joseph.jackson3716@example.com,West,2023-11-16
C08372,John Johnson,john.johnson4303@example.com,Central,2022-12-14
C08373,Karen Smith,karen.smith5879@example.com,South,2022-08-30
C08374,Sarah Anderson,sarah.anderson8565@example.com,North,2022-09-22
C08375,Jessica Brown,,Central,2023-11-28
C08376,Joseph Thomas,joseph.thomas9444@example.com,North,2023-04-01
C08377,Karen Jackson,karen.jackson2632@example.com,North,2022-02-13
C08378,Joseph Jackson,joseph.jackson555@example.com,West,2022-08-01
C08379,James Martinez,james.martinez7827@example.com,South,2022-09-27
C08380,Jessica Martin,jessica.martin1640@example.com,East,2022-01-16
C08381,Thomas Martinez,thomas.martinez2271@example.com,West,2023-07-25
C08382,William Brown,william.brown7102@example.com,West,2023-04-16
C08383,Richard Anderson,richard.anderson9107@example.com,West,2023-06-27
C08384,Patricia Gonzalez,patricia.gonzalez4859@example.com,North,2021-08-21
C08385,Patricia Gonzalez,patricia.gonzalez8486@example.com,East,2021-10-11
C08386,Elizabeth Williams,elizabeth.williams8098@example.com,Central,2023-10-02
C08387,Sarah Garcia,sarah.garcia5153@example.com,South,2022-02-22
C08388,Jennifer Hernandez,,North,2023-12-08
C08389,Michael Brown,michael.brown4390@example.com,North,2021-04-20
C08390,John Williams,john.williams2118@example.com,North,2022-09-18
C08391,Joseph Rodriguez,joseph.rodriguez9177@example.com,East,2023-06-13
C08392,Patricia Jackson,patricia.jackson4491@example.com,South,2021-04-26
C08393,Jennifer Williams,jennifer.williams2832@example.com,Central,2023-09-06
C08394,James Taylor,james.taylor411@example.com,North,2023-08-03
C08395,Thomas Lopez,thomas.lopez7351@example.com,South,2022-08-14
C08396,Jennifer Hernandez,jennifer.hernandez4498@example.com,East,2021-05-05
C08397,Jennifer Gonzalez,jennifer.gonzalez1771@example.com,East,2023-06-13
C08398,Karen Jones,karen.jones25@example.com,South,2021-11-02
C08399,Robert Davis,robert.davis1903@example.com,Central,2021-02-22
C08400,Thomas Wilson,thomas.wilson3946@example.com,East,2022-07-21
C08401,Barbara Davis,barbara.davis9539@example.com,East,2021-04-06
C08402,Sarah Garcia,sarah.garcia9332@example.com,North,2023-11-18
C08403,David Gonzalez,david.gonzalez9752@example.com,South,2022-07-25
C08404,James Jones,james.jones7385@example.com,West,2023-02-15
C08405,Sarah Rodriguez,sarah.rodriguez4851@example.com,East,2023-07-27
C08406,Karen Johnson,karen.johnson4325@example.com,East,2022-04-26
C08407,Jessica Martin,jessica.martin2732@example.com,North,2023-06-03
C08408,James Moore,james.moore2117@example.com,Central,2021-02-03
C08409,James Garcia,james.garcia9734@example.com,North,2023-09-14
C08410,Sarah Jones,sarah.jones4393@example.com,East,2021-10-29
C08411,Robert Garcia,robert.garcia2786@example.com,Central,2023-03-28
C08412,Karen Smith,karen.smith3356@example.com,East,2022-03-21
C08413,Jennifer Jones,jennifer.jones3730@example.com,South,2022-06-15
C08414,Robert Rodriguez,robert.rodriguez1170@example.com,West,2023-11-23
C08415,Michael Moore,michael.moore8603@example.com,North,2022-07-10
C08416,Sarah Garcia,sarah.garcia2689@example.com,South,2023-10-26
C08417,Elizabeth Wilson,elizabeth.wilson6475@example.com,Central,2021-06-16
C08418,Mary Taylor,mary.taylor1537@example.com,West,2021-08-16
C08419,Linda Davis,linda.davis7309@example.com,East,2022-01-01
C08420,John Rodriguez,john.rodriguez5649@example.com,East,2021-09-26
C08421,Robert Thomas,robert.thomas457@example.com,East,2023-10-06
C08422,William Rodriguez,william.rodriguez2709@example.com,East,2023-07-16
C08423,Michael Johnson,michael.johnson3578@example.com,Central,2023-01-17
C08424,Mary Taylor,mary.taylor3474@example.com,West,2022-04-01
C08425,Robert Johnson,robert.johnson856@example.com,North,2022-05-20
C08426,James Anderson,james.anderson7988@example.com,West,2023-02-21
C08427,Jessica Lopez,jessica.lopez8319@example.com,Central,2023-09-24
C08428,John Hernandez,john.hernandez7665@example.com,South,2022-04-01
C08429,Thomas Miller,thomas.miller8173@example.com,Central,2022-01-13
C08430,Linda Moore,linda.moore9702@example.com,East,2021-04-25
C08431,David Wilson,david.wilson9735@example.com,West,2021-08-03
C08432,Karen Garcia,karen.garcia7592@example.com,Central,2021-03-31
C08433,Joseph Martin,joseph.martin6567@example.com,Central,2022-12-25
C08434,Jennifer Garcia,jennifer.garcia4296@example.com,West,2021-08-26
C08435,Joseph Davis,joseph.davis7318@example.com,North,2021-02-16
C08436,John Brown,john.brown7311@example.com,East,2023-03-13
C08437,Joseph Anderson,joseph.anderson4822@example.com,East,2023-05-08
C08438,Joseph Martinez,joseph.martinez4868@example.com,Central,2023-11-07
C08439,Charles Johnson,charles.johnson8044@example.com,West,2023-10-04
C08440,Thomas Taylor,thomas.taylor858@example.com,South,2021-10-05
C08441,Linda Smith,linda.smith160@example.com,South,2023-12-29
C08442,Jessica Brown,jessica.brown5246@example.com,North,2022-02-06
C08443,Karen Miller,karen.miller898@example.com,South,2021-01-21
C08444,Michael Lopez,michael.lopez4416@example.com,South,2022-03-27
C08445,Patricia Jones,patricia.jones9359@example.com,North,2022-07-09
C08446,Sarah Taylor,sarah.taylor8937@example.com,Central,2023-01-18
C08447,Charles Jackson,charles.jackson7578@example.com,South,2021-09-30
C08448,Jessica Taylor,jessica.taylor639@example.com,South,2022-04-27
C08449,Charles Moore,charles.moore6490@example.com,Central,2021-03-21
C08450,Susan Garcia,susan.garcia512@example.com,West,2023-04-30
C08451,Michael Johnson,michael.johnson3647@example.com,West,2022-06-12
C08452,Sarah Gonzalez,,West,2023-04-14
C08453,William Rodriguez,william.rodriguez4491@example.com,North,2021-06-17
C08454,Mary Brown,mary.brown5621@example.com,South,2021-12-25
C08455,David Hernandez,david.hernandez7527@example.com,North,2021-04-06
C08456,Thomas Thomas,thomas.thomas2222@example.com,East,2022-04-05
C08457,James Jones,james.jones2644@example.com,West,2022-01-04
C08458,Jessica Lopez,jessica.lopez2593@example.com,East,2021-12-11
C08459,Jessica Jones,jessica.jones3955@example.com,North,2022-03-30
C08460,Elizabeth Williams,elizabeth.williams6326@example.com,South,2023-05-06
C08461,Joseph Anderson,joseph.anderson5987@example.com,West,2023-06-22
C08462,Joseph Brown,joseph.brown9369@example.com,East,2022-12-23
C08463,Michael Martinez,michael.martinez6457@example.com,East,2023-06-21
C08464,Elizabeth Johnson,elizabeth.johnson6243@example.com,South,2023-12-30
C08465,Susan Martin,susan.martin8257@example.com,West,2023-04-01
C08466,Jennifer Martin,jennifer.martin2062@example.com,West,2022-01-31
C08467,Richard Smith,richard.smith5336@example.com,,2021-05-12
C08468,John Smith,,West,2021-08-28
C08469,Thomas Garcia,thomas.garcia6695@example.com,East,2023-09-20
C08470,Mary Miller,mary.miller3006@example.com,North,2021-07-01
C08471,Karen Miller,karen.miller3783@example.com,South,2022-06-13
C08472,Elizabeth Lopez,elizabeth.lopez4344@example.com,East,2022-08-04
C08473,Elizabeth Thomas,elizabeth.thomas2627@example.com,West,2021-12-24
C08474,Elizabeth Martinez,elizabeth.martinez7176@example.com,West,2021-06-05
C08475,Joseph Martinez,joseph.martinez389@example.com,West,2023-07-10
C08476,Charles Jackson,charles.jackson4274@example.com,North,2023-02-09
C08477,Patricia Miller,patricia.miller7740@example.com,Central,2022-01-27
C08478,Joseph Gonzalez,joseph.gonzalez1400@example.com,South,2022-02-23
C08479,James Moore,james.moore8067@example.com,West,2021-05-24
C08480,Jennifer Taylor,jennifer.taylor1257@example.com,North,2023-04-12
C08481,Michael Hernandez,michael.hernandez9100@example.com,West,2021-03-10
C08482,Jennifer Gonzalez,jennifer.gonzalez2808@example.com,East,2021-07-29
C08483,Karen Miller,karen.miller3146@example.com,South,2023-11-06
C08484,Elizabeth Martinez,elizabeth.martinez3766@example.com,South,2022-01-12
C08485,Thomas Rodriguez,thomas.rodriguez460@example.com,North,2022-12-28
C08486,Robert Johnson,robert.johnson707@example.com,South,2021-05-23
C08487,Sarah Garcia,sarah.garcia8198@example.com,North,2023-09-14
C08488,Karen Gonzalez,karen.gonzalez6864@example.com,West,2021-02-23
C08489,Michael Brown,michael.brown8032@example.com,East,2022-03-19
C08490,Jessica Lopez,jessica.lopez1317@example.com,West,2022-06-13
C08491,Thomas Brown,thomas.brown4966@example.com,North,2023-02-19
C08492,Jessica Jackson,jessica.jackson1633@example.com,East,2021-11-11
C08493,James Taylor,james.taylor4454@example.com,West,2023-11-17
C08494,David Williams,david.williams9339@example.com,East,2022-08-17
C08495,Barbara Jackson,barbara.jackson3508@example.com,North,2021-07-23
C08496,Mary Anderson,mary.anderson5957@example.com,Central,2023-08-29
C08497,Jennifer Jones,jennifer.jones5566@example.com,East,2021-12-24
C08498,David Martin,david.martin4072@example.com,North,2022-01-14
C08499,Jessica Garcia,jessica.garcia6109@example.com,East,2023-01-20
C08500,David Smith,david.smith4052@example.com,West,2021-09-29
C08501,David Rodriguez,david.rodriguez7012@example.com,West,2023-02-08
C08502,Joseph Thomas,joseph.thomas8523@example.com,North,2022-10-17
C08503,John Wilson,john.wilson3303@example.com,West,2023-04-09
C08504,Jessica Martin,,Central,2021-03-20
C08505,Joseph Miller,joseph.miller7648@example.com,South,2021-08-17
C08506,Jessica Gonzalez,jessica.gonzalez4493@example.com,South,2022-08-09
C08507,Barbara Martinez,,South,2023-01-12
C08508,Richard Hernandez,richard.hernandez317@example.com,East,2022-07-30
C08509,Sarah Martinez,sarah.martinez1163@example.com,East,2021-09-17
C08510,Sarah Davis,sarah.davis5375@example.com,North,2021-10-04
C08511,Charles Davis,charles.davis5842@example.com,North,2022-09-07
C08512,Thomas Gonzalez,thomas.gonzalez3103@example.com,South,2021-04-05
C08513,Barbara Moore,barbara.moore4149@example.com,North,2022-06-23
C08514,Linda Hernandez,linda.hernandez1719@example.com,Central,2023-06-16
C08515,Jennifer Wilson,jennifer.wilson1073@example.com,North,2022-06-23
C08516,David Gonzalez,david.gonzalez3293@example.com,North,2022-05-29
C08517,Joseph Jackson,joseph.jackson6506@example.com,South,2021-04-13
C08518,Thomas Moore,thomas.moore9973@example.com,East,2023-11-02
C08519,David Miller,david.miller7746@example.com,West,2023-11-14
C08520,John Wilson,john.wilson6870@example.com,North,2022-11-07
C08521,John Brown,john.brown9411@example.com,Central,2022-08-09
C08522,Elizabeth Thomas,elizabeth.thomas3181@example.com,North,2023-07-16
C08523,Thomas Hernandez,thomas.hernandez4807@example.com,East,2023-08-05
C08524,James Gonzalez,james.gonzalez650@example.com,East,2023-11-06
C08525,Michael Martinez,michael.martinez8853@example.com,West,2022-04-20
C08526,Jennifer Anderson,jennifer.anderson5983@example.com,North,2022-10-21
C08527,Susan Lopez,susan.lopez2464@example.com,North,2022-12-07
C08528,Richard Garcia,richard.garcia6386@example.com,Central,2021-06-16
C08529,Sarah Johnson,sarah.johnson6021@example.com,Central,2021-04-03
C08530,Sarah Hernandez,sarah.hernandez4176@example.com,North,2022-07-23
C08531,Susan Johnson,susan.johnson6550@example.com,West,2022-02-16
C08532,Jennifer Davis,jennifer.davis7944@example.com,Central,2023-12-03
C08533,Michael Davis,michael.davis3715@example.com,East,2021-11-13
C08534,Barbara Martinez,barbara.martinez8376@example.com,Central,2023-10-25
C08535,Jennifer Smith,jennifer.smith6453@example.com,East,2023-10-21
C08536,Karen Anderson,,North,2021-06-18
C08537,James Johnson,james.johnson321@example.com,South,2023-03-29
C08538,Susan Williams,susan.williams7644@example.com,Central,2023-04-12
C08539,William Martinez,william.martinez9509@example.com,West,2021-10-22
C08540,Jessica Thomas,jessica.thomas6783@example.com,South,2022-08-28
C08541,Jennifer Lopez,jennifer.lopez1023@example.com,South,2021-08-27
C08542,Barbara Miller,barbara.miller6037@example.com,East,2021-11-17
C08543,Jessica Williams,jessica.williams9705@example.com,West,2021-08-27
C08544,Richard Garcia,richard.garcia4729@example.com,South,2021-02-20
C08545,Patricia Johnson,patricia.johnson7773@example.com,North,2023-08-03
C08546,Elizabeth Martinez,,South,2023-02-08
C08547,William Jackson,william.jackson1919@example.com,,2022-02-19
C08548,Patricia Jones,patricia.jones3358@example.com,East,2022-04-09
C08549,William Martin,william.martin8171@example.com,North,2022-08-11
C08550,John Smith,john.smith3626@example.com,North,2023-02-17
C08551,William Moore,william.moore6691@example.com,Central,2022-01-18
C08552,Michael Martin,michael.martin7437@example.com,South,2021-09-25
C08553,Joseph Taylor,,Central,2023-04-27
C08554,Michael Lopez,michael.lopez6003@example.com,North,2021-05-16
C08555,Karen Jackson,karen.jackson1327@example.com,Central,2022-12-14
C08556,Robert Hernandez,robert.hernandez3135@example.com,East,2022-04-30
C08557,James Williams,james.williams9378@example.com,East,2023-09-27
C08558,Mary Hernandez,mary.hernandez4751@example.com,East,2021-07-25
C08559,William Hernandez,william.hernandez2422@example.com,,2021-03-18
C08560,Michael Taylor,michael.taylor8934@example.com,North,2021-05-30
C08561,Linda Wilson,linda.wilson364@example.com,South,2021-07-23
C08562,James Johnson,james.johnson4691@example.com,West,2022-12-26
C08563,Robert Williams,robert.williams663@example.com,Central,2023-06-03
C08564,David Martinez,david.martinez2873@example.com,East,2023-11-26
C08565,Richard Jones,richard.jones2996@example.com,North,2022-10-22
C08566,William Martinez,william.martinez1551@example.com,North,2023-02-23
C08567,Jessica Miller,jessica.miller9840@example.com,Central,2023-04-23
C08568,Charles Johnson,charles.johnson7629@example.com,West,2023-11-24
C08569,Jessica Jones,jessica.jones3938@example.com,Central,2022-01-20
C08570,Sarah Jackson,sarah.jackson5469@example.com,East,2021-04-22
C08571,Elizabeth Anderson,,East,2021-01-15
C08572,Joseph Gonzalez,joseph.gonzalez2126@example.com,South,2023-01-12
C08573,David Miller,david.miller8949@example.com,East,2022-04-25
C08574,Robert Gonzalez,robert.gonzalez2643@example.com,East,2022-03-03
C08575,Elizabeth Taylor,elizabeth.taylor3456@example.com,South,2022-04-20
C08576,James Williams,james.williams4261@example.com,West,2023-09-16
C08577,Barbara Smith,barbara.smith4080@example.com,Central,2022-08-28
C08578,John Moore,john.moore5167@example.com,North,2023-10-11
C08579,Patricia Johnson,patricia.johnson1982@example.com,North,2022-07-08
C08580,Michael Miller,michael.miller588@example.com,North,2021-04-20
C08581,Charles Jackson,charles.jackson3956@example.com,North,2023-04-18
C08582,James Johnson,james.johnson8668@example.com,West,2023-12-15
C08583,Richard Lopez,richard.lopez5364@example.com,East,2022-12-21
C08584,Jennifer Anderson,jennifer.anderson7207@example.com,East,2023-01-21
C08585,Susan Martinez,susan.martinez5108@example.com,Central,2023-10-09
C08586,David Smith,david.smith1417@example.com,South,2021-09-25
C08587,Susan Anderson,susan.anderson5115@example.com,South,2021-12-21
C08588,John Wilson,john.wilson6315@example.com,East,2023-11-09
C08589,Patricia Rodriguez,patricia.rodriguez9980@example.com,North,2022-01-07
C08590,James Davis,james.davis5213@example.com,West,2022-03-28
C08591,Patricia Garcia,patricia.garcia4153@example.com,Central,2023-02-24
C08592,Michael Gonzalez,michael.gonzalez2402@example.com,North,2022-11-24
C08593,Barbara Miller,barbara.miller3574@example.com,South,2023-09-17
C08594,Joseph Wilson,joseph.wilson3567@example.com,West,2022-12-31
C08595,Thomas Jones,thomas.jones7439@example.com,West,2022-09-07
C08596,Richard Martin,richard.martin9614@example.com,East,2023-09-30
C08597,Linda Smith,linda.smith4012@example.com,Central,2023-12-17
C08598,Patricia Rodriguez,patricia.rodriguez5112@example.com,South,2023-12-10
C08599,Michael Wilson,michael.wilson8719@example.com,North,2023-08-01
C08600,David Smith,david.smith5192@example.com,North,2022-12-12
C08601,Barbara Lopez,barbara.lopez1588@example.com,East,2021-09-09
C08602,Sarah Taylor,sarah.taylor6577@example.com,Central,2021-08-02
C08603,John Lopez,john.lopez9090@example.com,North,2021-05-28
C08604,Thomas Anderson,thomas.anderson2066@example.com,North,2022-01-17
C08605,Susan Taylor,susan.taylor3503@example.com,East,2021-12-12
C08606,William Garcia,william.garcia988@example.com,East,2021-05-22
C08607,Patricia Gonzalez,patricia.gonzalez7889@example.com,North,2022-05-21
C08608,David Jones,david.jones6644@example.com,South,2021-05-18
C08609,Karen Martinez,karen.martinez7332@example.com,North,2022-05-22
C08610,Jennifer Thomas,,West,2021-09-16
C08611,David Anderson,david.anderson5988@example.com,South,2022-01-06
C08612,Linda Johnson,linda.johnson3324@example.com,Central,2021-05-06
C08613,David Wilson,david.wilson4117@example.com,South,2021-06-17
C08614,Joseph Jones,joseph.jones1289@example.com,East,2023-03-21
C08615,Michael Williams,michael.williams1166@example.com,West,2023-07-21
C08616,James Williams,james.williams9280@example.com,Central,2022-03-05
C08617,Barbara Smith,barbara.smith5235@example.com,East,2022-01-24
C08618,Patricia Moore,patricia.moore1747@example.com,North,2022-08-22
C08619,Joseph Smith,joseph.smith9460@example.com,South,2021-07-31
C08620,Linda Lopez,linda.lopez351@example.com,East,2023-07-10
C08621,Susan Rodriguez,susan.rodriguez7911@example.com,Central,2023-02-27
C08622,Robert Jackson,robert.jackson4424@example.com,Central,2022-01-24
C08623,John Martinez,john.martinez5457@example.com,South,2022-07-31
C08624,Sarah Smith,sarah.smith7677@example.com,North,2023-06-22
C08625,Sarah Rodriguez,sarah.rodriguez5681@example.com,Central,2022-09-10
C08626,Mary Garcia,mary.garcia2166@example.com,West,2021-01-12
C08627,Robert Brown,robert.brown9077@example.com,West,2023-09-21
C08628,Robert Hernandez,robert.hernandez2898@example.com,South,2022-08-05
C08629,William Rodriguez,william.rodriguez5749@example.com,North,2021-03-20
C08630,Richard Anderson,richard.anderson8009@example.com,South,2021-01-16
C08631,Sarah Miller,sarah.miller244@example.com,East,2023-10-01
C08632,Patricia Smith,patricia.smith8501@example.com,East,2022-12-10
C08633,William Garcia,william.garcia3754@example.com,South,2022-06-13
C08634,Charles Anderson,charles.anderson2058@example.com,Central,2023-11-10
C08635,Michael Garcia,michael.garcia2643@example.com,South,2022-01-13
C08636,Jennifer Anderson,jennifer.anderson7307@example.com,West,2021-01-16
C08637,Michael Davis,michael.davis8485@example.com,North,2023-09-04
C08638,James Hernandez,james.hernandez8649@example.com,West,2021-10-15
C08639,Jennifer Garcia,jennifer.garcia1352@example.com,South,2021-04-03
C08640,Mary Martinez,mary.martinez201@example.com,South,2022-07-30
C08641,Robert Johnson,robert.johnson3076@example.com,Central,2022-03-08
C08642,Sarah Martinez,sarah.martinez6111@example.com,South,2021-03-09
C08643,Mary Jones,mary.jones1589@example.com,West,2022-02-11
C08644,Richard Gonzalez,richard.gonzalez6808@example.com,South,2022-11-25
C08645,Thomas Gonzalez,thomas.gonzalez4984@example.com,Central,2022-10-20
C08646,Patricia Davis,patricia.davis5073@example.com,East,2022-05-23
C08647,Jennifer Martin,jennifer.martin6388@example.com,South,2022-10-08
C08648,Charles Martinez,charles.martinez2559@example.com,North,2023-12-12
C08649,Richard Brown,richard.brown6514@example.com,West,2022-09-06
C08650,Jennifer Taylor,jennifer.taylor569@example.com,North,2021-08-19
C08651,Richard Taylor,richard.taylor2822@example.com,West,2022-12-31
C08652,William Jackson,william.jackson1865@example.com,East,2023-05-28
C08653,Barbara Rodriguez,barbara.rodriguez8095@example.com,North,2023-05-19
C08654,Jessica Rodriguez,jessica.rodriguez9784@example.com,West,2022-04-08
C08655,Barbara Brown,barbara.brown3282@example.com,East,2023-04-27
C08656,Jennifer Jackson,jennifer.jackson3542@example.com,Central,2022-11-09
C08657,Patricia Hernandez,patricia.hernandez8715@example.com,South,2022-09-06
C08658,Jessica Gonzalez,jessica.gonzalez596@example.com,West,2023-01-16
C08659,Susan Williams,susan.williams2749@example.com,Central,2022-04-17
C08660,Elizabeth Rodriguez,elizabeth.rodriguez1600@example.com,West,2023-02-27
C08661,Charles Miller,charles.miller8344@example.com,East,2021-07-26
C08662,Elizabeth Martin,elizabeth.martin3666@example.com,South,2021-11-23
C08663,Karen Johnson,karen.johnson8508@example.com,North,2021-06-14
C08664,Richard Taylor,richard.taylor6911@example.com,East,2022-06-24
C08665,Joseph Taylor,joseph.taylor7158@example.com,West,2021-01-07
C08666,Joseph Williams,joseph.williams8715@example.com,North,2022-06-03
C08667,William Brown,william.brown8988@example.com,West,2023-10-18
C08668,John Taylor,john.taylor7651@example.com,North,2023-08-05
C08669,William Smith,william.smith5747@example.com,North,2022-09-05
C08670,Karen Moore,karen.moore5217@example.com,North,2023-09-13
C08671,Elizabeth Garcia,elizabeth.garcia6398@example.com,South,2023-06-29
C08672,Elizabeth Smith,elizabeth.smith4861@example.com,South,2023-12-09
C08673,David Taylor,david.taylor9269@example.com,South,2021-03-03
C08674,Sarah Brown,sarah.brown811@example.com,East,2022-07-20
C08675,Linda Williams,linda.williams9119@example.com,North,2022-09-30
C08676,Charles Garcia,charles.garcia4182@example.com,North,2021-11-05
C08677,Sarah Lopez,sarah.lopez4253@example.com,Central,2023-07-27
C08678,Jennifer Gonzalez,jennifer.gonzalez3736@example.com,East,2021-05-27
C08679,James Moore,james.moore7125@example.com,North,2021-09-22
C08680,Charles Lopez,charles.lopez7356@example.com,South,2021-04-05
C08681,Richard Rodriguez,richard.rodriguez2453@example.com,Central,2023-01-08
C08682,Charles Taylor,charles.taylor4586@example.com,Central,2023-03-27
C08683,Karen Williams,karen.williams8811@example.com,West,2023-11-28
C08684,Elizabeth Williams,elizabeth.williams2880@example.com,South,2023-02-17
C08685,Mary Lopez,mary.lopez9868@example.com,South,2021-03-28
C08686,Richard Jones,richard.jones7600@example.com,East,2022-07-08
C08687,Michael Gonzalez,michael.gonzalez1461@example.com,Central,2023-12-30
C08688,Jessica Johnson,jessica.johnson5249@example.com,West,2023-11-05
C08689,William Thomas,william.thomas6124@example.com,Central,2021-04-02
C08690,Mary Jackson,mary.jackson7056@example.com,North,2022-07-27
C08691,Thomas Davis,thomas.davis8398@example.com,East,2021-04-01
C08692,Patricia Wilson,patricia.wilson6926@example.com,Central,2023-04-28
C08693,Joseph Anderson,joseph.anderson8630@example.com,South,2022-09-21
C08694,Karen Anderson,karen.anderson5507@example.com,Central,2022-04-10
C08695,Richard Williams,richard.williams9350@example.com,South,2021-02-14
C08696,Linda Moore,linda.moore6506@example.com,East,2022-08-08
C08697,Robert Miller,robert.miller6439@example.com,West,2021-01-18
C08698,Michael Anderson,michael.anderson1304@example.com,Central,2021-02-13
C08699,Joseph Martinez,joseph.martinez6607@example.com,South,2023-04-28
C08700,David Martinez,david.martinez5351@example.com,West,2023-03-01
C08701,Michael Gonzalez,michael.gonzalez3196@example.com,Central,2021-08-21
C08702,Michael Martin,michael.martin2343@example.com,South,2022-03-08
C08703,Mary Martinez,mary.martinez3000@example.com,South,2022-01-16
C08704,James Martinez,james.martinez8801@example.com,South,2021-04-05
C08705,John Garcia,john.garcia3797@example.com,West,2022-03-22
C08706,Jessica Thomas,jessica.thomas5686@example.com,North,2021-09-23
C08707,Charles Martin,charles.martin2127@example.com,North,2022-03-05
C08708,Joseph Smith,joseph.smith4683@example.com,West,2021-01-15
C08709,Sarah Hernandez,sarah.hernandez809@example.com,West,2021-06-10
C08710,John Davis,john.davis9896@example.com,South,2023-04-23
C08711,Charles Wilson,charles.wilson5115@example.com,Central,2023-06-06
C08712,Sarah Davis,sarah.davis1435@example.com,North,2022-03-23
C08713,Linda Moore,linda.moore3240@example.com,West,2022-02-11
C08714,Richard Williams,richard.williams4902@example.com,North,2023-04-28
C08715,John Martin,john.martin4728@example.com,West,2022-10-17
C08716,Sarah Brown,sarah.brown8276@example.com,,2022-08-14
C08717,Robert Jackson,robert.jackson3022@example.com,South,2023-10-02
C08718,Thomas Jackson,thomas.jackson5619@example.com,Central,2022-03-07
C08719,Robert Johnson,robert.johnson1053@example.com,North,2023-11-27
C08720,John Smith,john.smith7878@example.com,South,2021-10-18
C08721,Jessica Martinez,jessica.martinez7206@example.com,North,2022-09-25
C08722,William Brown,william.brown97@example.com,Central,2022-07-06
C08723,William Jones,william.jones5559@example.com,East,2022-09-07
C08724,John Thomas,john.thomas8212@example.com,East,2023-10-20
C08725,Mary Jones,mary.jones3525@example.com,Central,2022-01-24
C08726,John Johnson,john.johnson9880@example.com,West,2021-07-11
C08727,James Martinez,james.martinez3933@example.com,West,2021-12-25
C08728,Linda Martinez,,South,2022-09-09
C08729,Robert Lopez,robert.lopez755@example.com,West,2021-04-25
C08730,Richard Garcia,richard.garcia6944@example.com,East,2021-05-16
C08731,Sarah Anderson,sarah.anderson7669@example.com,Central,2021-06-29
C08732,Jessica Wilson,jessica.wilson8737@example.com,South,2023-05-05
C08733,Robert Smith,robert.smith4938@example.com,Central,2021-06-30
C08734,Mary Williams,mary.williams5057@example.com,North,2021-11-04
C08735,Barbara Jackson,barbara.jackson2933@example.com,West,2021-08-26
C08736,Jessica Wilson,jessica.wilson9135@example.com,East,2022-10-18
C08737,Robert Taylor,,North,2023-05-04
C08738,James Lopez,james.lopez4495@example.com,North,2021-03-30
C08739,Thomas Martinez,thomas.martinez9616@example.com,North,2021-01-30
C08740,William Jones,william.jones815@example.com,West,2021-02-14
C08741,Thomas Anderson,thomas.anderson9158@example.com,West,2021-09-17
C08742,Richard Davis,richard.davis2639@example.com,Central,2022-08-29
C08743,Patricia Davis,patricia.davis3781@example.com,East,2021-04-22
C08744,Jennifer Williams,jennifer.williams977@example.com,,2021-10-18
C08745,Linda Miller,linda.miller5205@example.com,South,2021-02-18
C08746,Susan Garcia,susan.garcia7676@example.com,North,2023-01-28
C08747,Jessica Johnson,jessica.johnson8325@example.com,Central,2023-11-06
C08748,Richard Johnson,richard.johnson4324@example.com,North,2022-12-01
C08749,William Davis,william.davis4988@example.com,North,2023-10-28
C08750,Charles Jones,charles.jones5037@example.com,East,2022-08-10
C08751,Susan Martinez,susan.martinez3812@example.com,South,2021-02-02
C08752,Michael Johnson,michael.johnson5553@example.com,North,2023-01-08
C08753,Thomas Lopez,thomas.lopez3870@example.com,West,2021-11-08
C08754,Barbara Moore,barbara.moore548@example.com,Central,2022-07-20
C08755,Karen Williams,karen.williams9330@example.com,East,2023-06-27
C08756,Michael Davis,michael.davis3502@example.com,Central,2023-12-23
C08757,Richard Lopez,richard.lopez5510@example.com,Central,2021-05-02
C08758,Jennifer Jones,jennifer.jones160@example.com,North,2022-09-01
C08759,Jessica Jackson,jessica.jackson2507@example.com,East,2022-01-13
C08760,William Gonzalez,william.gonzalez5330@example.com,South,2021-07-23
C08761,William Wilson,william.wilson1857@example.com,North,2022-06-28
C08762,Mary Anderson,mary.anderson9661@example.com,South,2021-01-12
C08763,Joseph Anderson,joseph.anderson1237@example.com,West,2021-07-24
C08764,James Moore,james.moore3612@example.com,West,2022-09-25
C08765,Karen Jackson,karen.jackson7052@example.com,North,2022-03-30
C08766,Linda Martin,linda.martin7606@example.com,East,2023-10-10
C08767,David Jones,david.jones8951@example.com,South,2021-11-21
C08768,William Smith,,East,2023-10-09
C08769,David Moore,david.moore1371@example.com,East,2021-04-03
C08770,Jennifer Jones,jennifer.jones9186@example.com,,2023-12-23
C08771,Charles Thomas,charles.thomas6095@example.com,West,2023-11-25
C08772,William Jones,william.jones3751@example.com,Central,2021-03-19
C08773,Jennifer Wilson,jennifer.wilson5093@example.com,East,2023-12-27
C08774,Thomas Martinez,thomas.martinez1191@example.com,South,2022-07-25
C08775,Elizabeth Thomas,elizabeth.thomas7674@example.com,South,2023-05-03
C08776,Karen Miller,,East,2023-01-22
C08777,Joseph Smith,joseph.smith4113@example.com,South,2022-04-19
C08778,James Martinez,james.martinez3591@example.com,East,2023-01-11
C08779,Charles Moore,charles.moore8381@example.com,West,2022-08-23
C08780,Elizabeth Davis,elizabeth.davis3917@example.com,South,2022-06-23
C08781,James Jones,,North,2021-08-06
C08782,James Davis,james.davis9949@example.com,North,2021-01-26
C08783,Jessica Lopez,jessica.lopez6123@example.com,West,2023-06-14
C08784,Jennifer Williams,jennifer.williams6821@example.com,East,2022-08-13
C08785,Linda Johnson,linda.johnson5466@example.com,East,2023-09-08
C08786,David Lopez,david.lopez345@example.com,South,2021-10-25
C08787,Thomas Moore,thomas.moore9148@example.com,West,2023-07-26
C08788,John Jackson,john.jackson5360@example.com,Central,2021-03-01
C08789,Jessica Davis,jessica.davis2352@example.com,North,2022-04-03
C08790,Barbara Hernandez,barbara.hernandez4821@example.com,East,2023-12-01
C08791,Susan Miller,susan.miller8897@example.com,North,2021-12-08
C08792,Michael Taylor,michael.taylor3653@example.com,South,2022-10-02
C08793,Karen Rodriguez,karen.rodriguez3917@example.com,South,2022-08-23
C08794,James Garcia,james.garcia6222@example.com,Central,2022-01-05
C08795,William Lopez,william.lopez9171@example.com,South,2022-05-23
C08796,Patricia Smith,patricia.smith8319@example.com,East,2021-02-18
C08797,David Williams,david.williams4148@example.com,Central,2021-12-27
C08798,Jessica Davis,jessica.davis7997@example.com,East,2021-04-05
C08799,Charles Jackson,charles.jackson4247@example.com,West,2023-12-30
C08800,John Miller,john.miller2364@example.com,North,2021-05-27
C08801,Elizabeth Wilson,elizabeth.wilson1556@example.com,East,2022-01-23
C08802,Linda Thomas,linda.thomas964@example.com,East,2023-03-12
C08803,Michael Martinez,michael.martinez9002@example.com,East,2022-12-25
C08804,Joseph Anderson,joseph.anderson1815@example.com,North,2022-05-31
C08805,Charles Jones,charles.jones2360@example.com,South,2023-05-29
C08806,Susan Lopez,susan.lopez2239@example.com,East,2022-06-15
C08807,Patricia Jackson,patricia.jackson2@example.com,South,2023-07-07
C08808,William Hernandez,william.hernandez7416@example.com,West,2021-11-04
C08809,Barbara Smith,barbara.smith7993@example.com,South,2023-08-31
C08810,Linda Wilson,linda.wilson4727@example.com,South,2022-04-18
C08811,Jessica Brown,jessica.brown2962@example.com,West,2023-10-20
C08812,Mary Johnson,mary.johnson9958@example.com,Central,2021-02-12
C08813,William Garcia,william.garcia8836@example.com,West,2022-05-06
C08814,John Johnson,john.johnson2902@example.com,East,2023-10-16
C08815,Elizabeth Thomas,elizabeth.thomas4329@example.com,Central,2023-03-17
C08816,Jessica Davis,jessica.davis5337@example.com,North,2023-12-02
C08817,Linda Martinez,linda.martinez757@example.com,Central,2022-07-27
C08818,James Martin,james.martin3471@example.com,Central,2023-03-13
C08819,William Thomas,william.thomas9822@example.com,East,2022-11-20
C08820,Richard Garcia,richard.garcia1724@example.com,East,2023-05-04
C08821,Robert Wilson,robert.wilson7448@example.com,Central,2021-11-20
C08822,Susan Thomas,susan.thomas1008@example.com,West,2021-07-08
C08823,Susan Gonzalez,susan.gonzalez7198@example.com,South,2023-07-27
C08824,Joseph Lopez,joseph.lopez9662@example.com,North,2023-09-24
C08825,Jessica Garcia,jessica.garcia396@example.com,East,2022-04-04
C08826,Joseph Gonzalez,joseph.gonzalez9647@example.com,West,2023-06-11
C08827,Robert Anderson,robert.anderson6534@example.com,East,2023-04-19
C08828,Mary Gonzalez,,West,2021-12-21
C08829,Michael Miller,michael.miller9103@example.com,North,2023-10-02
C08830,Michael Lopez,michael.lopez6861@example.com,South,2023-10-29
C08831,Joseph Moore,joseph.moore1696@example.com,South,2023-12-14
C08832,Jessica Anderson,jessica.anderson3603@example.com,North,2022-12-25
C08833,Karen Anderson,karen.anderson3477@example.com,West,2021-01-05
C08834,Mary Martin,mary.martin4820@example.com,East,2021-12-02
C08835,Charles Davis,charles.davis6532@example.com,North,2023-04-23
C08836,Robert Martin,robert.martin665@example.com,Central,2021-09-29
C08837,Charles Gonzalez,charles.gonzalez8843@example.com,West,2023-05-25
C08838,Jessica Anderson,jessica.anderson7008@example.com,West,2023-02-02
C08839,Robert Thomas,robert.thomas3911@example.com,North,2023-07-17
C08840,Barbara Lopez,barbara.lopez184@example.com,Central,2022-02-05
C08841,Thomas Davis,thomas.davis8201@example.com,North,2022-10-12
C08842,Robert Moore,,West,2023-10-16
C08843,Jessica Jackson,jessica.jackson8234@example.com,Central,2021-09-11
C08844,Thomas Garcia,thomas.garcia6123@example.com,North,2022-06-19
C08845,Mary Garcia,mary.garcia9049@example.com,South,2021-02-23
C08846,Robert Garcia,robert.garcia2942@example.com,East,2023-06-07
C08847,John Wilson,john.wilson5338@example.com,East,2023-03-27
C08848,Susan Garcia,susan.garcia6610@example.com,West,2022-09-04
C08849,Michael Moore,michael.moore8683@example.com,Central,2023-12-06
C08850,William Smith,william.smith9469@example.com,South,2021-06-09
C08851,Joseph Gonzalez,joseph.gonzalez4176@example.com,East,2022-08-31
C08852,Jennifer Anderson,jennifer.anderson3436@example.com,Central,2022-06-21
C08853,Mary Anderson,mary.anderson424@example.com,East,2021-11-13
C08854,Mary Martin,mary.martin2186@example.com,West,2021-10-18
C08855,Charles Wilson,charles.wilson7526@example.com,East,2021-08-15
C08856,Thomas Martin,thomas.martin1274@example.com,West,2023-10-01
C08857,Linda Brown,,North,2023-08-23
C08858,Jessica Gonzalez,jessica.gonzalez6277@example.com,North,2021-11-24
C08859,James Smith,james.smith4096@example.com,West,2021-09-25
C08860,Michael Taylor,michael.taylor2733@example.com,East,2021-10-16
C08861,James Martin,james.martin5093@example.com,East,2023-04-03
C08862,Jennifer Brown,jennifer.brown2423@example.com,North,2022-06-13
C08863,James Jackson,james.jackson4139@example.com,South,2023-04-05
C08864,David Rodriguez,david.rodriguez5704@example.com,East,2023-03-09
C08865,David Wilson,david.wilson9184@example.com,East,2022-10-25
C08866,James Martin,james.martin2896@example.com,Central,2023-09-15
C08867,Barbara Thomas,barbara.thomas2501@example.com,South,2021-07-23
C08868,Elizabeth Miller,elizabeth.miller165@example.com,East,2021-12-30
C08869,Thomas Taylor,thomas.taylor6000@example.com,Central,2023-07-17
C08870,Mary Martin,mary.martin9552@example.com,North,2021-08-21
C08871,Sarah Jackson,sarah.jackson2107@example.com,West,2022-06-13
C08872,Elizabeth Jackson,elizabeth.jackson965@example.com,North,2023-05-15
C08873,William Wilson,william.wilson8855@example.com,North,2023-02-28
C08874,Sarah Taylor,sarah.taylor7652@example.com,Central,2022-01-23
C08875,Karen Brown,karen.brown2331@example.com,West,2023-09-19
C08876,Karen Johnson,karen.johnson5511@example.com,Central,2022-11-13
C08877,John Taylor,john.taylor5585@example.com,East,2023-07-14
C08878,Mary Davis,mary.davis9313@example.com,West,2023-10-08
C08879,Michael Davis,,North,2021-07-05
C08880,William Miller,william.miller2704@example.com,West,2022-10-02
C08881,Elizabeth Brown,elizabeth.brown131@example.com,South,2021-10-16
C08882,James Johnson,james.johnson9038@example.com,East,2021-12-23
C08883,Michael Davis,michael.davis4253@example.com,Central,2022-04-15
C08884,Elizabeth Garcia,elizabeth.garcia1528@example.com,East,2022-08-02
C08885,Richard Anderson,richard.anderson5159@example.com,West,2022-10-11
C08886,John Rodriguez,john.rodriguez1786@example.com,West,2022-01-24
C08887,John Garcia,john.garcia4585@example.com,North,2023-07-28
C08888,Charles Jones,charles.jones4141@example.com,West,2023-08-06
C08889,William Johnson,william.johnson3743@example.com,South,2021-03-22
C08890,David Gonzalez,david.gonzalez8532@example.com,North,2021-11-16
C08891,Jessica Miller,jessica.miller4441@example.com,Central,2023-10-02
C08892,David Rodriguez,david.rodriguez1916@example.com,South,2021-01-12
C08893,Patricia Hernandez,patricia.hernandez899@example.com,Central,2021-09-27
C08894,Robert Martin,robert.martin8264@example.com,Central,2021-06-04
C08895,Linda Miller,,East,2021-03-27
C08896,Michael Taylor,michael.taylor6712@example.com,West,2022-09-04
C08897,Michael Johnson,michael.johnson6721@example.com,West,2022-07-16
C08898,David Brown,david.brown2265@example.com,North,2021-10-26
C08899,Sarah Hernandez,sarah.hernandez5459@example.com,West,2022-05-11
C08900,Patricia Gonzalez,patricia.gonzalez649@example.com,South,2023-05-21
C08901,Michael Martinez,michael.martinez8763@example.com,West,2023-01-11
C08902,Richard Brown,richard.brown2184@example.com,North,2023-04-17
C08903,Karen Lopez,karen.lopez5210@example.com,South,2021-08-04
C08904,Mary Martin,mary.martin5425@example.com,West,2022-11-16
C08905,Richard Gonzalez,richard.gonzalez7733@example.com,East,2021-08-03
C08906,Michael Rodriguez,michael.rodriguez1191@example.com,South,2023-12-01
C08907,John Smith,john.smith4425@example.com,South,2022-10-27
C08908,Jennifer Rodriguez,jennifer.rodriguez7389@example.com,East,2023-01-03
C08909,Elizabeth Lopez,elizabeth.lopez706@example.com,East,2023-11-27
C08910,David Martin,david.martin8426@example.com,North,2021-04-14
C08911,Elizabeth Davis,elizabeth.davis9495@example.com,West,2022-08-15
C08912,Karen Moore,karen.moore4990@example.com,North,2021-10-27
C08913,Richard Jackson,richard.jackson573@example.com,East,2021-04-10
C08914,Barbara Jones,barbara.jones1726@example.com,Central,2021-02-07
C08915,Jennifer Smith,jennifer.smith8144@example.com,South,2023-10-28
C08916,John Hernandez,,Central,2022-02-20
C08917,Richard Anderson,richard.anderson7354@example.com,South,2021-10-07
C08918,Barbara Davis,barbara.davis8860@example.com,South,2023-07-09
C08919,Charles Brown,charles.brown3676@example.com,South,2021-10-14
C08920,Barbara Taylor,barbara.taylor9185@example.com,East,2021-02-05
C08921,Elizabeth Williams,elizabeth.williams6922@example.com,East,2021-07-19
C08922,Robert Brown,robert.brown1447@example.com,East,2022-07-11
C08923,Elizabeth Taylor,,East,2021-05-30
C08924,James Williams,james.williams6372@example.com,North,2023-10-11
C08925,Patricia Davis,patricia.davis7898@example.com,Central,2023-09-30
C08926,Linda Smith,linda.smith5487@example.com,East,2023-03-18
C08927,James Anderson,james.anderson3118@example.com,South,2021-03-23
C08928,Linda Garcia,,East,2021-07-30
C08929,Jennifer Williams,jennifer.williams7291@example.com,West,2022-02-25
C08930,Elizabeth Miller,elizabeth.miller6553@example.com,East,2021-03-08
C08931,John Garcia,,South,2021-11-23
C08932,Thomas Wilson,thomas.wilson8785@example.com,West,2022-12-09
C08933,Richard Martinez,richard.martinez6544@example.com,Central,2022-02-17
C08934,Richard Davis,richard.davis3380@example.com,South,2022-08-02
C08935,Thomas Brown,thomas.brown6660@example.com,East,2021-01-04
C08936,Thomas Thomas,thomas.thomas545@example.com,East,2023-11-22
C08937,Jessica Johnson,jessica.johnson2681@example.com,South,2021-09-23
C08938,William Gonzalez,william.gonzalez7563@example.com,South,2023-03-06
C08939,William Garcia,william.garcia5470@example.com,Central,2021-12-26
C08940,Linda Jones,linda.jones4339@example.com,Central,2023-06-04
C08941,Elizabeth Anderson,elizabeth.anderson8039@example.com,South,2021-11-18
C08942,William Jackson,william.jackson2699@example.com,North,2021-10-11
C08943,Elizabeth Smith,elizabeth.smith6446@example.com,West,2022-08-15
C08944,Richard Smith,richard.smith5859@example.com,South,2022-06-01
C08945,Barbara Smith,barbara.smith6004@example.com,West,2023-12-09
C08946,Jennifer Gonzalez,jennifer.gonzalez1368@example.com,West,2021-07-14
C08947,Michael Rodriguez,michael.rodriguez3645@example.com,Central,2021-05-25
C08948,Robert Hernandez,robert.hernandez9182@example.com,South,2023-03-14
C08949,Jennifer Williams,jennifer.williams9824@example.com,West,2022-09-06
C08950,Elizabeth Johnson,elizabeth.johnson4872@example.com,North,2023-05-03
C08951,David Gonzalez,david.gonzalez2540@example.com,West,2023-04-08
C08952,Elizabeth Davis,elizabeth.davis437@example.com,North,2022-09-18
C08953,Joseph Gonzalez,joseph.gonzalez6341@example.com,North,2023-01-02
C08954,Michael Williams,michael.williams3569@example.com,West,2022-03-06
C08955,Joseph Martinez,joseph.martinez7828@example.com,Central,2023-10-07
C08956,Jessica Thomas,jessica.thomas3039@example.com,South,2021-12-12
C08957,Jessica Taylor,jessica.taylor5111@example.com,North,2023-10-04
C08958,Susan Brown,susan.brown2190@example.com,Central,2021-08-05
C08959,Jennifer Rodriguez,jennifer.rodriguez9556@example.com,Central,2022-08-10
C08960,Thomas Williams,thomas.williams9550@example.com,North,2021-09-07
C08961,Jennifer Anderson,jennifer.anderson5686@example.com,North,2022-08-26
C08962,Mary Moore,mary.moore6970@example.com,South,2023-12-04
C08963,Richard Taylor,richard.taylor4361@example.com,North,2021-11-24
C08964,William Anderson,william.anderson1217@example.com,West,2023-03-14
C08965,Karen Miller,karen.miller8774@example.com,East,2022-01-09
C08966,James Hernandez,james.hernandez4307@example.com,South,2023-09-18
C08967,Thomas Wilson,thomas.wilson4906@example.com,,2023-05-11
C08968,Charles Gonzalez,charles.gonzalez2270@example.com,South,2022-01-31
C08969,Richard Jones,richard.jones8055@example.com,West,2022-05-15
C08970,Sarah Williams,sarah.williams3415@example.com,Central,2023-03-04
C08971,Robert Miller,robert.miller5371@example.com,South,2021-05-19
C08972,Jennifer Jackson,jennifer.jackson314@example.com,Central,2023-05-02
C08973,Linda Moore,linda.moore5801@example.com,East,2021-04-09
C08974,David Johnson,david.johnson937@example.com,East,2021-02-14
C08975,Richard Gonzalez,,Central,2022-10-09
C08976,Charles Garcia,charles.garcia4277@example.com,Central,2023-12-15
C08977,Thomas Davis,thomas.davis2672@example.com,East,2021-04-25
C08978,Jennifer Brown,jennifer.brown1759@example.com,West,2021-03-30
C08979,Jennifer Moore,jennifer.moore9983@example.com,South,2021-07-11
C08980,William Martin,william.martin8289@example.com,East,2021-07-13
C08981,Jessica Moore,jessica.moore1809@example.com,East,2022-01-21
C08982,Richard Williams,richard.williams1130@example.com,Central,2023-02-13
C08983,Richard Martinez,richard.martinez4668@example.com,East,2022-08-01
C08984,Linda Johnson,linda.johnson3814@example.com,South,2023-08-12
C08985,Sarah Rodriguez,sarah.rodriguez5590@example.com,West,2021-05-13
C08986,Patricia Hernandez,patricia.hernandez5737@example.com,North,2021-01-07
C08987,Karen Gonzalez,karen.gonzalez5036@example.com,East,2023-10-08
C08988,Susan Wilson,susan.wilson450@example.com,North,2021-11-19
C08989,Karen Gonzalez,karen.gonzalez1572@example.com,East,2023-08-23
C08990,Linda Smith,linda.smith7414@example.com,Central,2021-11-03
C08991,Joseph Martin,joseph.martin8160@example.com,South,2023-10-14
C08992,Michael Smith,michael.smith1833@example.com,Central,2022-09-17
C08993,Richard Lopez,richard.lopez2499@example.com,East,2023-03-13
C08994,David Moore,david.moore9536@example.com,Central,2022-02-05
C08995,Sarah Wilson,sarah.wilson9209@example.com,East,2021-02-16
C08996,Richard Taylor,richard.taylor4484@example.com,East,2022-12-26
C08997,Barbara Anderson,barbara.anderson3228@example.com,North,2023-05-19
C08998,Joseph Jackson,joseph.jackson9759@example.com,South,2022-12-06
C08999,Susan Williams,susan.williams3082@example.com,South,2022-04-10
C09000,Jennifer Thomas,jennifer.thomas6598@example.com,North,2022-08-05
C09001,Karen Thomas,karen.thomas3378@example.com,Central,2023-12-08
C09002,Joseph Gonzalez,joseph.gonzalez6005@example.com,West,2023-10-21
C09003,Patricia Moore,patricia.moore1314@example.com,West,2022-04-10
C09004,William Johnson,william.johnson9519@example.com,Central,2023-06-23
C09005,Barbara Brown,barbara.brown1427@example.com,East,2022-03-23
C09006,Elizabeth Rodriguez,elizabeth.rodriguez958@example.com,South,2021-07-27
C09007,Richard Garcia,richard.garcia7100@example.com,Central,2023-09-11
C09008,Jennifer Anderson,jennifer.anderson8263@example.com,South,2021-12-31
C09009,Richard Miller,richard.miller8064@example.com,Central,2023-11-25
C09010,Jennifer Martinez,jennifer.martinez3170@example.com,Central,2021-09-16
C09011,Mary Johnson,mary.johnson7054@example.com,Central,2023-05-15
C09012,Joseph Brown,joseph.brown6070@example.com,Central,2022-09-10
C09013,Joseph Smith,joseph.smith1195@example.com,Central,2022-06-08
C09014,Barbara Martinez,barbara.martinez1288@example.com,West,2021-02-25
C09015,Jessica Brown,jessica.brown5754@example.com,West,2023-03-17
C09016,Barbara Garcia,barbara.garcia8990@example.com,South,2022-06-18
C09017,David Lopez,david.lopez7692@example.com,Central,2023-12-30
C09018,David Martin,david.martin2988@example.com,South,2021-04-18
C09019,James Gonzalez,james.gonzalez5677@example.com,Central,2023-07-15
C09020,Elizabeth Brown,elizabeth.brown4865@example.com,North,2021-01-06
C09021,Michael Martinez,,West,2023-08-15
C09022,Jennifer Williams,,West,2023-08-26
C09023,James Moore,james.moore1981@example.com,Central,2021-09-12
C09024,John Wilson,john.wilson7921@example.com,South,2023-03-09
C09025,David Taylor,david.taylor3703@example.com,West,2021-01-05
C09026,Patricia Wilson,patricia.wilson6802@example.com,North,2023-05-15
C09027,Susan Garcia,susan.garcia2738@example.com,South,2021-03-20
C09028,Sarah Gonzalez,sarah.gonzalez1032@example.com,South,2021-02-12
C09029,Barbara Smith,barbara.smith9354@example.com,South,2022-06-17
C09030,Jessica Moore,jessica.moore3182@example.com,Central,2022-06-29
C09031,Richard Smith,richard.smith9151@example.com,West,2023-08-18
C09032,Charles Martinez,charles.martinez3402@example.com,East,2023-08-15
C09033,Barbara Gonzalez,barbara.gonzalez7033@example.com,North,2023-03-27
C09034,Jennifer Williams,jennifer.williams3646@example.com,South,2022-01-05
C09035,Karen Lopez,karen.lopez163@example.com,Central,2023-02-27
C09036,John Johnson,john.johnson3184@example.com,North,2023-10-26
C09037,James Moore,james.moore7530@example.com,West,2022-11-11
C09038,John Brown,john.brown3677@example.com,Central,2021-05-07
C09039,Karen Smith,karen.smith4434@example.com,Central,2023-08-21
C09040,Jennifer Martin,jennifer.martin1351@example.com,,2021-09-22
C09041,Mary Williams,mary.williams9198@example.com,North,2021-11-24
C09042,Jessica Davis,jessica.davis1820@example.com,Central,2023-03-18
C09043,Barbara Wilson,barbara.wilson8050@example.com,South,2021-11-17
C09044,Thomas Gonzalez,thomas.gonzalez5495@example.com,South,2023-11-24
C09045,Elizabeth Brown,elizabeth.brown895@example.com,Central,2022-01-18
C09046,Jennifer Garcia,jennifer.garcia4336@example.com,East,2022-06-24
C09047,James Gonzalez,james.gonzalez7080@example.com,North,2021-12-29
C09048,Robert Jones,robert.jones864@example.com,West,2022-07-23
C09049,Sarah Gonzalez,sarah.gonzalez1080@example.com,Central,2022-11-23
C09050,Charles Brown,charles.brown4828@example.com,North,2023-09-16
C09051,Jennifer Rodriguez,jennifer.rodriguez5736@example.com,North,2021-06-07
C09052,Thomas Garcia,thomas.garcia909@example.com,North,2021-08-22
C09053,Joseph Taylor,joseph.taylor35@example.com,North,2022-04-04
C09054,Thomas Martinez,thomas.martinez7248@example.com,South,2021-11-14
C09055,Mary Lopez,mary.lopez7607@example.com,South,2023-02-06
C09056,Charles Garcia,charles.garcia5177@example.com,West,2023-09-09
C09057,Charles Garcia,,East,2021-05-28
C09058,John Anderson,john.anderson2350@example.com,South,2022-01-06
C09059,Susan Williams,susan.williams6274@example.com,West,2023-08-31
C09060,Jennifer Thomas,jennifer.thomas877@example.com,East,2021-12-06
C09061,Susan Garcia,,,2022-02-27
C09062,Jennifer Smith,jennifer.smith9482@example.com,South,2022-05-02
C09063,Sarah Rodriguez,sarah.rodriguez1090@example.com,South,2021-05-21
C09064,Thomas Martin,thomas.martin2745@example.com,West,2021-06-13
C09065,Linda Jackson,linda.jackson7581@example.com,Central,2022-01-03
C09066,Thomas Anderson,thomas.anderson7559@example.com,North,2022-04-21
C09067,Thomas Thomas,thomas.thomas6540@example.com,North,2021-01-15
C09068,James Thomas,james.thomas7519@example.com,East,2023-08-02
C09069,Joseph Johnson,joseph.johnson9934@example.com,Central,2021-11-02
C09070,Barbara Davis,barbara.davis9618@example.com,North,2023-12-09
C09071,David Martinez,david.martinez1116@example.com,West,2022-06-19
C09072,William Moore,william.moore5491@example.com,North,2023-01-05
C09073,William Rodriguez,william.rodriguez2793@example.com,South,2021-03-26
C09074,Jennifer Lopez,jennifer.lopez9117@example.com,East,2021-05-11
C09075,James Taylor,james.taylor8602@example.com,North,2021-01-03
C09076,Thomas Anderson,thomas.anderson4481@example.com,South,2023-06-07
C09077,Elizabeth Gonzalez,elizabeth.gonzalez183@example.com,West,2022-11-25
C09078,William Thomas,william.thomas8125@example.com,East,2023-11-14
C09079,Sarah Brown,sarah.brown7372@example.com,Central,2022-01-24
C09080,Robert Rodriguez,robert.rodriguez7727@example.com,,2021-08-31
C09081,Susan Jones,susan.jones1871@example.com,Central,2023-09-11
C09082,William Martinez,william.martinez6905@example.com,South,2021-07-01
C09083,Barbara Williams,barbara.williams6363@example.com,North,2021-02-08
C09084,Jessica Johnson,jessica.johnson4439@example.com,East,2023-02-11
C09085,Elizabeth Jackson,elizabeth.jackson2963@example.com,North,2023-05-22
C09086,John Martin,john.martin225@example.com,East,2022-08-24
C09087,Jennifer Hernandez,jennifer.hernandez2645@example.com,West,2023-08-09
C09088,Patricia Martin,patricia.martin3572@example.com,East,2023-09-26
C09089,Michael Jackson,michael.jackson401@example.com,West,2022-11-28
C09090,Sarah Jackson,sarah.jackson9175@example.com,East,2022-11-06
C09091,Karen Lopez,karen.lopez1859@example.com,South,2023-04-17
C09092,Karen Lopez,karen.lopez4398@example.com,South,2023-05-01
C09093,Charles Davis,charles.davis5747@example.com,West,2023-11-24
C09094,Michael Thomas,michael.thomas7759@example.com,South,2022-09-23
C09095,Linda Jackson,linda.jackson8155@example.com,Central,2022-07-14
C09096,Robert Anderson,robert.anderson1821@example.com,Central,2023-05-03
C09097,Elizabeth Lopez,elizabeth.lopez5889@example.com,Central,2021-11-29
C09098,Thomas Rodriguez,thomas.rodriguez304@example.com,East,2023-04-03
C09099,Elizabeth Lopez,elizabeth.lopez4365@example.com,,2023-03-16
C09100,Thomas Martin,thomas.martin9693@example.com,South,2021-11-27
C09101,Thomas Miller,thomas.miller6503@example.com,North,2021-03-03
C09102,John Brown,john.brown8863@example.com,North,2022-01-23
C09103,James Garcia,james.garcia587@example.com,East,2022-12-01
C09104,Joseph Garcia,joseph.garcia3326@example.com,North,2021-04-08
C09105,John Moore,john.moore7039@example.com,North,2022-05-15
C09106,Susan Rodriguez,susan.rodriguez971@example.com,Central,2021-03-07
C09107,Barbara Williams,barbara.williams8390@example.com,North,2023-10-09
C09108,Jessica Davis,,North,2023-12-20
C09109,Elizabeth Jackson,elizabeth.jackson7537@example.com,North,2022-01-09
C09110,Jennifer Taylor,jennifer.taylor5125@example.com,South,2022-04-17
C09111,Susan Wilson,susan.wilson81@example.com,South,2021-10-28
C09112,John Thomas,john.thomas9401@example.com,North,2021-12-24
C09113,Sarah Jackson,sarah.jackson1138@example.com,East,2021-11-14
C09114,Joseph Williams,joseph.williams290@example.com,Central,2023-07-31
C09115,Charles Wilson,charles.wilson841@example.com,West,2022-03-21
C09116,Mary Jackson,mary.jackson4188@example.com,West,2023-11-22
C09117,Thomas Hernandez,thomas.hernandez4357@example.com,West,2022-07-15
C09118,David Taylor,david.taylor2550@example.com,East,2022-02-26
C09119,Jessica Miller,jessica.miller4069@example.com,North,2021-01-15
C09120,William Anderson,william.anderson1624@example.com,West,2021-11-07
C09121,Linda Martinez,linda.martinez2894@example.com,North,2021-09-15
C09122,Thomas Williams,thomas.williams9716@example.com,North,2021-10-06
C09123,Charles Lopez,charles.lopez2199@example.com,Central,2023-10-11
C09124,Elizabeth Brown,elizabeth.brown4971@example.com,West,2022-04-30
C09125,Joseph Johnson,,East,2022-04-28
C09126,Jessica Miller,jessica.miller7471@example.com,North,2023-02-05
C09127,Linda Hernandez,linda.hernandez5760@example.com,West,2021-09-16
C09128,Robert Moore,robert.moore4924@example.com,West,2021-04-26
C09129,Karen Thomas,karen.thomas5028@example.com,,2021-07-06
C09130,Robert Gonzalez,robert.gonzalez1768@example.com,East,2023-01-26
C09131,Patricia Martinez,patricia.martinez1583@example.com,East,2022-09-01
C09132,Mary Johnson,mary.johnson5093@example.com,Central,2022-11-18
C09133,Susan Smith,susan.smith9046@example.com,Central,2022-07-12
C09134,Karen Hernandez,karen.hernandez6191@example.com,Central,2023-08-05
C09135,Barbara Lopez,barbara.lopez7020@example.com,North,2022-08-21
C09136,James Johnson,james.johnson1342@example.com,East,2021-02-23
C09137,Elizabeth Smith,elizabeth.smith1467@example.com,West,2022-07-08
C09138,Jennifer Smith,jennifer.smith1610@example.com,North,2022-01-15
C09139,Mary Jackson,mary.jackson4925@example.com,South,2023-11-27
C09140,Robert Martinez,robert.martinez1387@example.com,Central,2023-08-07
C09141,Joseph Taylor,joseph.taylor7777@example.com,North,2022-05-06
C09142,Joseph Jones,,West,2023-10-07
C09143,Patricia Miller,patricia.miller6393@example.com,Central,2022-06-05
C09144,Charles Thomas,charles.thomas8422@example.com,Central,2023-01-15
C09145,Jennifer Hernandez,jennifer.hernandez8742@example.com,South,2022-10-25
C09146,Karen Jackson,karen.jackson5580@example.com,East,2022-08-21
C09147,Linda Wilson,linda.wilson886@example.com,Central,2022-08-11
C09148,Linda Smith,linda.smith8857@example.com,Central,2021-03-08
C09149,Susan Rodriguez,susan.rodriguez1948@example.com,East,2021-11-12
C09150,Barbara Johnson,barbara.johnson9303@example.com,West,2022-05-24
C09151,Jessica Hernandez,jessica.hernandez7960@example.com,North,2022-12-30
C09152,James Taylor,,West,2022-11-27
C09153,Thomas Martinez,thomas.martinez5445@example.com,North,2022-01-06
C09154,Karen Gonzalez,karen.gonzalez5636@example.com,North,2022-06-05
C09155,Jessica Wilson,jessica.wilson8231@example.com,Central,2023-03-23
C09156,Sarah Davis,sarah.davis5126@example.com,North,2022-05-01
C09157,William Martinez,william.martinez495@example.com,East,2023-10-02
C09158,Mary Brown,mary.brown4521@example.com,Central,2022-05-08
C09159,Michael Wilson,michael.wilson9435@example.com,Central,2021-03-14
C09160,Robert Brown,,East,2023-12-01
C09161,Mary Martinez,,East,2022-09-20
C09162,Charles Miller,charles.miller338@example.com,West,2022-02-09
C09163,Elizabeth Martin,elizabeth.martin2037@example.com,North,2022-10-24
C09164,Jessica Anderson,jessica.anderson3116@example.com,Central,2023-01-05
C09165,David Martinez,david.martinez3147@example.com,South,2022-01-31
C09166,John Martin,john.martin3468@example.com,South,2021-04-06
C09167,Sarah Brown,sarah.brown1926@example.com,North,2023-09-29
C09168,Jessica Miller,,North,2023-10-20
C09169,Sarah Martin,sarah.martin8463@example.com,Central,2023-07-17
C09170,James Wilson,james.wilson6318@example.com,Central,2022-09-04
C09171,Michael Miller,michael.miller1449@example.com,North,2022-03-14
C09172,Linda Moore,linda.moore1082@example.com,West,2022-08-24
C09173,Karen Johnson,karen.johnson1771@example.com,East,2022-09-17
C09174,Michael Martin,michael.martin3772@example.com,Central,2023-12-04
C09175,William Thomas,william.thomas4018@example.com,East,2022-10-11
C09176,Michael Thomas,michael.thomas2916@example.com,,2022-11-20
C09177,Linda Lopez,linda.lopez8540@example.com,West,2021-02-06
C09178,Mary Miller,mary.miller2990@example.com,North,2021-08-17
C09179,Karen Jones,karen.jones6220@example.com,West,2021-08-15
C09180,Jessica Davis,jessica.davis8315@example.com,East,2021-04-12
C09181,Barbara Brown,barbara.brown8912@example.com,West,2023-02-11
C09182,John Martinez,john.martinez2609@example.com,West,2022-09-19
C09183,Linda Wilson,linda.wilson8102@example.com,North,2021-07-03
C09184,John Smith,john.smith8213@example.com,South,2023-03-16
C09185,William Martin,william.martin1690@example.com,East,2023-09-04
C09186,William Taylor,william.taylor9710@example.com,West,2023-02-01
C09187,Robert Thomas,robert.thomas5551@example.com,North,2021-05-24
C09188,James Lopez,james.lopez3783@example.com,East,2023-02-28
C09189,Linda Miller,linda.miller8138@example.com,East,2022-09-22
C09190,Sarah Moore,sarah.moore9960@example.com,North,2021-03-05
C09191,James Garcia,james.garcia4109@example.com,North,2023-07-10
C09192,Joseph Gonzalez,joseph.gonzalez461@example.com,West,2021-09-30
C09193,Barbara Jackson,barbara.jackson6070@example.com,West,2022-08-29
C09194,Elizabeth Brown,elizabeth.brown1592@example.com,Central,2022-08-11
C09195,Jennifer Williams,jennifer.williams7931@example.com,South,2023-09-23
C09196,William Jones,william.jones1275@example.com,Central,2022-08-12
C09197,Jessica Moore,jessica.moore9230@example.com,North,2023-09-10
C09198,Patricia Wilson,patricia.wilson1149@example.com,Central,2023-10-29
C09199,Charles Martin,charles.martin1235@example.com,West,2023-12-24
C09200,Robert Anderson,robert.anderson9740@example.com,East,2022-12-06
C09201,James Jackson,james.jackson7629@example.com,South,2021-04-05
C09202,Karen Taylor,karen.taylor7809@example.com,Central,2022-07-16
C09203,Jennifer Jackson,jennifer.jackson8957@example.com,South,2022-08-22
C09204,Karen Anderson,karen.anderson3791@example.com,East,2023-03-10
C09205,Michael Martinez,michael.martinez6275@example.com,East,2022-11-24
C09206,Charles Brown,charles.brown4087@example.com,North,2023-02-02
C09207,Robert Garcia,robert.garcia1213@example.com,Central,2022-12-29
C09208,Sarah Moore,sarah.moore1184@example.com,West,2023-12-15
C09209,Susan Gonzalez,susan.gonzalez543@example.com,Central,2022-04-21
C09210,Robert Davis,robert.davis6086@example.com,South,2022-11-05
C09211,Jennifer Garcia,jennifer.garcia5287@example.com,Central,2022-08-10
C09212,Barbara Anderson,barbara.anderson316@example.com,West,2021-07-30
C09213,Mary Williams,mary.williams3516@example.com,East,2023-09-12
C09214,Michael Johnson,michael.johnson8375@example.com,North,2022-04-02
C09215,Joseph Lopez,joseph.lopez7180@example.com,East,2023-02-06
C09216,Patricia Anderson,patricia.anderson3798@example.com,,2023-04-13
C09217,David Rodriguez,david.rodriguez8320@example.com,East,2021-07-05
C09218,Barbara Jackson,barbara.jackson1206@example.com,East,2021-07-10
C09219,Joseph Jones,joseph.jones9138@example.com,South,2022-03-20
C09220,Susan Johnson,susan.johnson1864@example.com,North,2023-09-18
C09221,Jennifer Garcia,jennifer.garcia2057@example.com,East,2021-07-22
C09222,Charles Gonzalez,charles.gonzalez5200@example.com,East,2021-07-21
C09223,Sarah Smith,sarah.smith5463@example.com,North,2022-10-28
C09224,Linda Taylor,linda.taylor223@example.com,Central,2021-11-23
C09225,James Anderson,james.anderson6519@example.com,Central,2023-08-07
C09226,Charles Moore,charles.moore9693@example.com,Central,2022-04-09
C09227,Patricia Brown,patricia.brown9110@example.com,North,2023-12-08
C09228,Joseph Taylor,joseph.taylor1254@example.com,East,2021-09-04
C09229,Susan Thomas,susan.thomas1104@example.com,East,2021-04-11
C09230,Charles Taylor,charles.taylor7048@example.com,Central,2021-08-31
C09231,Susan Moore,,Central,2023-01-23
C09232,Robert Taylor,robert.taylor5996@example.com,East,2021-05-16
C09233,David Martinez,david.martinez1367@example.com,North,2022-11-28
C09234,John Brown,john.brown8901@example.com,North,2023-10-01
C09235,Sarah Thomas,sarah.thomas3272@example.com,North,2022-10-19
C09236,Patricia Rodriguez,patricia.rodriguez6616@example.com,West,2021-07-25
C09237,Richard Jackson,richard.jackson5185@example.com,South,2022-02-16
C09238,Elizabeth Garcia,elizabeth.garcia6308@example.com,Central,2023-02-23
C09239,Charles Martin,charles.martin5638@example.com,South,2022-12-25
C09240,Joseph Smith,joseph.smith745@example.com,Central,2022-12-13
C09241,John Jones,john.jones2759@example.com,North,2023-11-30
C09242,Joseph Moore,joseph.moore3099@example.com,Central,2022-08-29
C09243,Joseph Gonzalez,joseph.gonzalez842@example.com,Central,2022-01-12
C09244,Susan Jones,susan.jones9229@example.com,South,2023-01-02
C09245,Michael Anderson,michael.anderson6977@example.com,North,2023-01-07
C09246,Michael Garcia,michael.garcia7289@example.com,South,2021-03-24
C09247,Susan Gonzalez,susan.gonzalez7586@example.com,East,2021-01-31
C09248,Barbara Jackson,barbara.jackson8156@example.com,North,2022-10-25
C09249,Linda Thomas,linda.thomas4185@example.com,North,2023-11-24
C09250,Michael Smith,michael.smith6565@example.com,South,2023-11-24
C09251,Patricia Anderson,patricia.anderson846@example.com,Central,2023-09-27
C09252,Robert Jackson,robert.jackson4892@example.com,Central,2021-05-24
C09253,Susan Miller,susan.miller7406@example.com,Central,2021-03-01
C09254,Mary Rodriguez,mary.rodriguez7331@example.com,South,2023-12-23
C09255,Sarah Moore,sarah.moore2765@example.com,Central,2023-09-27
C09256,James Moore,james.moore7215@example.com,North,2021-12-11
C09257,Elizabeth Garcia,elizabeth.garcia4383@example.com,North,2021-09-16
C09258,Karen Jackson,karen.jackson3558@example.com,North,2022-03-16
C09259,Richard Thomas,richard.thomas4326@example.com,North,2022-11-29
C09260,William Jones,,Central,2021-08-09
C09261,Thomas Brown,thomas.brown8932@example.com,East,2023-07-25
C09262,Patricia Martinez,patricia.martinez8868@example.com,South,2022-11-08
C09263,Elizabeth Lopez,elizabeth.lopez409@example.com,Central,2023-10-09
C09264,Barbara Martin,barbara.martin8923@example.com,West,2021-07-18
C09265,Karen Thomas,karen.thomas4590@example.com,East,2023-06-19
C09266,William Moore,william.moore2560@example.com,South,2023-03-28
C09267,William Garcia,,West,2023-08-04
C09268,John Thomas,john.thomas4796@example.com,East,2022-09-04
C09269,Mary Wilson,mary.wilson7135@example.com,South,2021-02-22
C09270,John Williams,john.williams7094@example.com,North,2022-07-08
C09271,Patricia Moore,patricia.moore1722@example.com,West,2023-03-25
C09272,Jennifer Brown,jennifer.brown377@example.com,West,2021-11-30
C09273,Susan Garcia,susan.garcia1514@example.com,East,2021-02-08
C09274,Jennifer Johnson,jennifer.johnson6221@example.com,East,2021-03-13
C09275,Charles Jones,charles.jones4608@example.com,South,2022-09-01
C09276,James Lopez,james.lopez7137@example.com,West,2023-03-18
C09277,Patricia Thomas,patricia.thomas2833@example.com,West,2021-10-09
C09278,Jessica Miller,jessica.miller1119@example.com,Central,2021-03-17
C09279,Susan Johnson,susan.johnson5058@example.com,,2023-06-27
C09280,Elizabeth Martinez,elizabeth.martinez5798@example.com,Central,2023-06-13
C09281,Jessica Miller,jessica.miller4614@example.com,North,2021-07-07
C09282,Patricia Rodriguez,patricia.rodriguez406@example.com,Central,2022-04-19
C09283,Susan Gonzalez,susan.gonzalez5119@example.com,,2021-04-28
C09284,Michael Taylor,michael.taylor3633@example.com,East,2021-08-23
C09285,Linda Rodriguez,linda.rodriguez2343@example.com,North,2022-09-01
C09286,Charles Jones,charles.jones2101@example.com,East,2021-07-19
C09287,Susan Martinez,susan.martinez813@example.com,East,2023-01-08
C09288,Jennifer Rodriguez,jennifer.rodriguez1921@example.com,East,2023-01-15
C09289,Susan Martinez,susan.martinez6689@example.com,South,2021-06-12
C09290,Thomas Johnson,thomas.johnson1475@example.com,North,2022-05-09
C09291,Barbara Thomas,barbara.thomas5845@example.com,Central,2022-07-14
C09292,Karen Anderson,karen.anderson5169@example.com,West,2022-07-29
C09293,Richard Wilson,richard.wilson8128@example.com,West,2021-07-10
C09294,Linda Martinez,linda.martinez8363@example.com,Central,2022-07-25
C09295,James Miller,james.miller2721@example.com,South,2023-05-17
C09296,William Lopez,william.lopez3271@example.com,East,2022-08-11
C09297,Robert Brown,robert.brown5017@example.com,,2023-11-19
C09298,Michael Hernandez,michael.hernandez703@example.com,East,2021-07-25
C09299,Karen Moore,karen.moore3145@example.com,North,2023-03-31
C09300,Charles Johnson,charles.johnson5287@example.com,North,2022-04-10
C09301,Jessica Wilson,jessica.wilson5791@example.com,West,2021-03-09
C09302,Mary Hernandez,mary.hernandez7518@example.com,South,2021-07-06
C09303,James Moore,james.moore811@example.com,North,2022-11-11
C09304,Mary Miller,mary.miller5300@example.com,East,2023-05-31
C09305,William Johnson,william.johnson2061@example.com,Central,2021-12-25
C09306,Robert Johnson,robert.johnson9191@example.com,,2022-01-27
C09307,Patricia Jones,patricia.jones1586@example.com,Central,2023-01-25
C09308,Charles Garcia,charles.garcia4391@example.com,West,2023-03-13
C09309,David Hernandez,david.hernandez3551@example.com,North,2021-06-26
C09310,Patricia Thomas,patricia.thomas5@example.com,Central,2022-05-25
C09311,Robert Lopez,robert.lopez3295@example.com,West,2022-08-11
C09312,William Martin,william.martin1985@example.com,South,2023-05-07
C09313,David Williams,david.williams5105@example.com,Central,2021-05-10
C09314,Patricia Martinez,patricia.martinez6692@example.com,South,2021-08-31
C09315,Jessica Davis,,North,2022-06-12
C09316,Barbara Johnson,barbara.johnson3345@example.com,Central,2023-08-03
C09317,Linda Williams,linda.williams3258@example.com,South,2021-06-02
C09318,Jennifer Martinez,jennifer.martinez3242@example.com,West,2023-03-07
C09319,Robert Martin,robert.martin1823@example.com,West,2021-06-10
C09320,David Davis,david.davis9708@example.com,,2023-02-26
C09321,James Williams,james.williams4775@example.com,North,2021-01-20
C09322,David Moore,david.moore4510@example.com,East,2023-07-15
C09323,Barbara Davis,barbara.davis3279@example.com,North,2022-08-30
C09324,Thomas Brown,thomas.brown3311@example.com,South,2022-03-09
C09325,Linda Wilson,linda.wilson4511@example.com,West,2023-10-24
C09326,James Smith,james.smith7346@example.com,West,2021-10-18
C09327,David Hernandez,david.hernandez4275@example.com,South,2023-02-09
C09328,John Jones,john.jones3256@example.com,East,2023-09-24
C09329,Karen Smith,,South,2021-05-07
C09330,Jessica Jones,jessica.jones9268@example.com,Central,2022-05-24
C09331,Richard Wilson,richard.wilson6617@example.com,North,2022-03-14
C09332,Karen Gonzalez,karen.gonzalez2925@example.com,West,2023-07-29
C09333,David Martinez,,North,2022-08-12
C09334,Michael Lopez,michael.lopez9960@example.com,South,2022-04-11
C09335,Charles Rodriguez,charles.rodriguez2641@example.com,South,2021-11-02
C09336,Sarah Taylor,sarah.taylor1973@example.com,West,2023-02-22
C09337,James Martinez,james.martinez881@example.com,West,2023-08-01
C09338,Joseph Smith,joseph.smith6302@example.com,North,2022-11-22
C09339,Jessica Taylor,jessica.taylor2597@example.com,Central,2022-07-04
C09340,Elizabeth Jones,elizabeth.jones3798@example.com,North,2023-11-25
C09341,Elizabeth Miller,elizabeth.miller9699@example.com,South,2023-03-09
C09342,James Gonzalez,james.gonzalez2376@example.com,South,2021-10-30
C09343,Linda Martin,linda.martin1797@example.com,Central,2023-10-26
C09344,Jessica Rodriguez,jessica.rodriguez5815@example.com,East,2021-01-31
C09345,Michael Brown,michael.brown8889@example.com,West,2022-01-10
C09346,Jessica Martin,jessica.martin9784@example.com,Central,2021-12-28
C09347,Karen Wilson,karen.wilson4831@example.com,East,2021-09-24
C09348,Joseph Thomas,joseph.thomas2047@example.com,East,2021-09-07
C09349,Karen Jackson,karen.jackson4314@example.com,South,2022-09-28
C09350,Joseph Thomas,joseph.thomas2635@example.com,North,2022-08-04
C09351,Elizabeth Johnson,elizabeth.johnson1905@example.com,West,2021-01-04
C09352,Sarah Garcia,sarah.garcia3262@example.com,Central,2021-08-14
C09353,Jessica Jones,jessica.jones5782@example.com,Central,2023-11-24
C09354,William Rodriguez,william.rodriguez2796@example.com,North,2023-11-05
C09355,James Rodriguez,james.rodriguez5917@example.com,North,2023-02-03
C09356,Patricia Garcia,patricia.garcia1790@example.com,West,2022-09-24
C09357,Joseph Lopez,joseph.lopez6943@example.com,South,2021-09-12
C09358,Thomas Miller,,West,2021-12-02
C09359,Michael Anderson,michael.anderson2018@example.com,South,2023-02-11
C09360,Thomas Garcia,thomas.garcia1819@example.com,,2022-03-25
C09361,Barbara Taylor,barbara.taylor1964@example.com,Central,2023-06-30
C09362,Karen Hernandez,karen.hernandez1360@example.com,West,2022-06-25
C09363,Barbara Jones,,East,2023-08-13
C09364,Jennifer Davis,jennifer.davis5952@example.com,Central,2023-11-17
C09365,Thomas Hernandez,thomas.hernandez5867@example.com,South,2023-06-18
C09366,Jessica Johnson,jessica.johnson2983@example.com,Central,2022-08-04
C09367,Barbara Moore,barbara.moore5238@example.com,East,2021-03-19
C09368,David Martinez,david.martinez8225@example.com,West,2021-08-15
C09369,Jennifer Martin,jennifer.martin8258@example.com,Central,2022-05-04
C09370,Linda Lopez,linda.lopez3862@example.com,West,2021-10-27
C09371,Michael Johnson,michael.johnson58@example.com,West,2022-12-26
C09372,Barbara Thomas,barbara.thomas7048@example.com,Central,2021-09-02
C09373,Richard Wilson,richard.wilson2069@example.com,East,2023-08-27
C09374,William Moore,william.moore6168@example.com,East,2021-04-15
C09375,Linda Smith,linda.smith3484@example.com,South,2023-11-24
C09376,Susan Johnson,susan.johnson2089@example.com,Central,2021-08-27
C09377,Joseph Hernandez,joseph.hernandez8236@example.com,North,2021-05-17
C09378,Sarah Moore,sarah.moore6662@example.com,East,2023-11-05
C09379,Thomas Thomas,thomas.thomas6395@example.com,West,2022-07-13
C09380,Susan Johnson,susan.johnson172@example.com,East,2023-02-05
C09381,Sarah Moore,sarah.moore2828@example.com,West,2022-04-28
C09382,Barbara Williams,barbara.williams7812@example.com,Central,2023-07-01
C09383,William Hernandez,william.hernandez248@example.com,North,2021-04-12
C09384,Susan Rodriguez,susan.rodriguez4226@example.com,West,2021-05-28
C09385,Jennifer Hernandez,jennifer.hernandez3748@example.com,West,2022-10-28
C09386,David Hernandez,david.hernandez2989@example.com,East,2021-10-09
C09387,Joseph Moore,joseph.moore3023@example.com,East,2021-08-23
C09388,Linda Smith,linda.smith8421@example.com,South,2022-01-26
C09389,Patricia Williams,patricia.williams7105@example.com,East,2021-09-10
C09390,Barbara Jones,barbara.jones2407@example.com,South,2021-04-23
C09391,Sarah Jackson,,West,2022-03-21
C09392,Jessica Gonzalez,jessica.gonzalez6278@example.com,North,2021-05-07
C09393,Richard Smith,richard.smith7013@example.com,East,2021-05-03
C09394,Susan Martinez,susan.martinez459@example.com,North,2021-12-31
C09395,Sarah Rodriguez,sarah.rodriguez361@example.com,North,2022-07-29
C09396,Mary Anderson,mary.anderson333@example.com,Central,2022-01-28
C09397,David Davis,david.davis1659@example.com,South,2023-06-07
C09398,Patricia Lopez,patricia.lopez5871@example.com,East,2021-06-14
C09399,John Davis,john.davis4269@example.com,Central,2021-08-01
C09400,Robert Wilson,robert.wilson8998@example.com,West,2022-03-25
C09401,David Garcia,david.garcia7729@example.com,South,2023-04-20
C09402,Thomas Moore,thomas.moore5307@example.com,West,2022-07-04
C09403,David Gonzalez,david.gonzalez8368@example.com,East,2022-03-17
C09404,John Martin,john.martin6141@example.com,Central,2021-08-01
C09405,Jennifer Davis,jennifer.davis9739@example.com,East,2022-06-07
C09406,Karen Miller,karen.miller82@example.com,Central,2023-07-20
C09407,Thomas Rodriguez,thomas.rodriguez4104@example.com,North,2021-12-12
C09408,Linda Johnson,linda.johnson7870@example.com,West,2022-09-27
C09409,Richard Hernandez,richard.hernandez519@example.com,South,2021-01-27
C09410,John Williams,john.williams8318@example.com,West,2021-05-18
C09411,Mary Taylor,mary.taylor1192@example.com,Central,2021-07-19
C09412,Linda Thomas,linda.thomas8652@example.com,North,2023-07-30
C09413,James Taylor,james.taylor4386@example.com,East,2022-04-17
C09414,Robert Lopez,robert.lopez6651@example.com,North,2021-05-12
C09415,Charles Hernandez,charles.hernandez1243@example.com,,2022-07-13
C09416,Barbara Jones,barbara.jones6587@example.com,Central,2021-09-29
C09417,John Wilson,john.wilson5595@example.com,East,2021-12-20
C09418,James Smith,james.smith113@example.com,Central,2023-12-04
C09419,Jessica Wilson,jessica.wilson4889@example.com,North,2023-07-27
C09420,Joseph Garcia,joseph.garcia2624@example.com,East,2023-05-30
C09421,Charles Miller,charles.miller1281@example.com,East,2022-12-29
C09422,Elizabeth Moore,elizabeth.moore9152@example.com,North,2023-10-06
C09423,Michael Jones,michael.jones7593@example.com,North,2021-03-25
C09424,Linda Anderson,linda.anderson7728@example.com,North,2021-12-15
C09425,David Miller,david.miller7449@example.com,East,2022-03-26
C09426,Michael Hernandez,michael.hernandez8910@example.com,East,2022-08-29
C09427,Charles Rodriguez,charles.rodriguez645@example.com,West,2023-06-03
C09428,Jessica Jones,jessica.jones3725@example.com,Central,2023-12-05
C09429,Sarah Williams,sarah.williams1706@example.com,Central,2021-04-07
C09430,Joseph Gonzalez,joseph.gonzalez527@example.com,Central,2022-10-14
C09431,Sarah Anderson,sarah.anderson739@example.com,East,2023-06-17
C09432,Joseph Wilson,joseph.wilson9720@example.com,West,2022-05-27
C09433,Robert Lopez,robert.lopez4444@example.com,West,2023-09-23
C09434,James Garcia,james.garcia8976@example.com,South,2023-10-12
C09435,Robert Miller,,West,2021-11-16
C09436,Patricia Gonzalez,patricia.gonzalez7142@example.com,West,2023-03-02
C09437,Thomas Garcia,thomas.garcia7825@example.com,South,2021-05-01
C09438,William Garcia,william.garcia6505@example.com,East,2021-01-07
C09439,Richard Taylor,richard.taylor8636@example.com,Central,2022-05-05
C09440,Robert Williams,robert.williams1264@example.com,South,2021-03-06
C09441,William Martinez,william.martinez2073@example.com,Central,2022-03-07
C09442,Elizabeth Moore,elizabeth.moore5675@example.com,East,2022-08-04
C09443,Elizabeth Wilson,elizabeth.wilson2759@example.com,East,2022-08-20
C09444,Patricia Gonzalez,patricia.gonzalez3535@example.com,West,2022-08-13
C09445,Patricia Thomas,patricia.thomas901@example.com,South,2021-02-02
C09446,William Anderson,william.anderson4355@example.com,North,2021-03-22
C09447,Susan Gonzalez,susan.gonzalez352@example.com,Central,2022-10-30
C09448,Susan Jackson,susan.jackson106@example.com,Central,2021-07-18
C09449,Jessica Johnson,jessica.johnson8206@example.com,,2021-10-16
C09450,William Jones,william.jones1017@example.com,,2023-06-30
C09451,Joseph Jones,joseph.jones2483@example.com,Central,2023-03-13
C09452,Joseph Davis,joseph.davis4570@example.com,Central,2023-06-13
C09453,Mary Williams,mary.williams5321@example.com,North,2022-10-23
C09454,William Jackson,william.jackson1105@example.com,West,2023-06-14
C09455,Jessica Jackson,jessica.jackson2762@example.com,South,2022-10-18
C09456,Robert Gonzalez,robert.gonzalez1520@example.com,Central,2021-05-04
C09457,Charles Wilson,charles.wilson8277@example.com,West,2021-02-25
C09458,John Wilson,john.wilson4183@example.com,East,2023-08-06
C09459,John Davis,john.davis3585@example.com,East,2023-04-16
C09460,Michael Rodriguez,michael.rodriguez9083@example.com,,2021-03-14
C09461,Elizabeth Davis,elizabeth.davis6291@example.com,East,2023-03-12
C09462,Charles Brown,charles.brown5458@example.com,Central,2022-05-06
C09463,James Hernandez,james.hernandez9120@example.com,North,2023-10-21
C09464,Richard Garcia,,West,2021-02-26
C09465,John Johnson,john.johnson7124@example.com,North,2023-11-06
C09466,John Gonzalez,john.gonzalez1501@example.com,South,2023-06-02
C09467,David Miller,david.miller7011@example.com,North,2021-02-05
C09468,John Moore,john.moore1176@example.com,Central,2021-04-27
C09469,Linda Anderson,linda.anderson4929@example.com,South,2021-06-03
C09470,Jennifer Hernandez,jennifer.hernandez1075@example.com,West,2023-12-13
C09471,Karen Williams,karen.williams2138@example.com,East,2021-11-24
C09472,John Jones,john.jones1323@example.com,Central,2022-03-11
C09473,Sarah Anderson,,West,2022-04-27
C09474,Jennifer Taylor,jennifer.taylor9657@example.com,East,2022-04-11
C09475,Joseph Anderson,joseph.anderson6022@example.com,East,2021-02-14
C09476,Sarah Jackson,sarah.jackson5047@example.com,North,2022-11-23
C09477,Karen Rodriguez,karen.rodriguez102@example.com,West,2022-09-05
C09478,John Miller,john.miller3878@example.com,Central,2022-06-06
C09479,David Lopez,david.lopez2553@example.com,South,2022-10-26
C09480,Elizabeth Martin,elizabeth.martin4189@example.com,South,2021-05-26
C09481,William Williams,william.williams3852@example.com,South,2022-10-08
C09482,Thomas Wilson,thomas.wilson1779@example.com,South,2022-03-14
C09483,James Lopez,james.lopez7006@example.com,South,2021-09-11
C09484,Linda Thomas,linda.thomas2289@example.com,West,2021-04-21
C09485,Thomas Garcia,thomas.garcia2044@example.com,East,2021-12-27
C09486,Robert Williams,robert.williams1921@example.com,Central,2022-03-19
C09487,Mary Taylor,mary.taylor7899@example.com,South,2022-02-28
C09488,Mary Martin,mary.martin1036@example.com,Central,2023-05-16
C09489,James Garcia,james.garcia293@example.com,Central,2023-04-14
C09490,Thomas Brown,thomas.brown8940@example.com,South,2022-10-13
C09491,Thomas Wilson,thomas.wilson2937@example.com,South,2023-01-27
C09492,Thomas Moore,thomas.moore138@example.com,Central,2023-07-15
C09493,Jessica Jackson,jessica.jackson7138@example.com,West,2023-10-11
C09494,Charles Johnson,charles.johnson2923@example.com,West,2021-11-21
C09495,Michael Lopez,michael.lopez9419@example.com,West,2022-07-14
C09496,James Jackson,james.jackson3044@example.com,West,2021-10-25
C09497,Charles Johnson,charles.johnson7940@example.com,East,2021-11-10
C09498,William Moore,william.moore9550@example.com,North,2023-03-04
C09499,Sarah Jackson,sarah.jackson9013@example.com,South,2022-01-25
C09500,Karen Brown,karen.brown5503@example.com,West,2023-11-10
C09501,Richard Wilson,richard.wilson8599@example.com,North,2022-05-20
C09502,William Moore,william.moore4132@example.com,East,2023-05-13
C09503,Joseph Jackson,joseph.jackson3085@example.com,South,2022-01-25
C09504,Michael Rodriguez,michael.rodriguez5646@example.com,North,2021-05-25
C09505,John Thomas,john.thomas5888@example.com,Central,2021-06-27
C09506,Elizabeth Martinez,elizabeth.martinez6946@example.com,Central,2021-05-01
C09507,Thomas Martin,thomas.martin5741@example.com,North,2023-02-26
C09508,Patricia Brown,patricia.brown4208@example.com,South,2022-03-15
C09509,David Jackson,,East,2022-12-22
C09510,Jennifer Garcia,jennifer.garcia9622@example.com,East,2022-09-09
C09511,Elizabeth Miller,,East,2022-08-13
C09512,Sarah Gonzalez,sarah.gonzalez1087@example.com,West,2023-06-20
C09513,David Anderson,david.anderson6598@example.com,South,2022-03-14
C09514,Susan Martin,susan.martin195@example.com,Central,2023-09-03
C09515,Linda Johnson,linda.johnson3617@example.com,Central,2021-03-13
C09516,Joseph Anderson,joseph.anderson4506@example.com,East,2022-09-02
C09517,James Jackson,james.jackson7480@example.com,East,2021-03-02
C09518,Patricia Miller,patricia.miller3385@example.com,East,2022-04-11
C09519,John Thomas,john.thomas2197@example.com,West,2023-05-16
C09520,Linda Brown,linda.brown8209@example.com,East,2022-06-12
C09521,James Jones,james.jones6410@example.com,North,2023-12-03
C09522,David Jones,david.jones6245@example.com,South,2021-06-21
C09523,Mary Anderson,mary.anderson8523@example.com,East,2023-11-20
C09524,Sarah Martinez,sarah.martinez6862@example.com,North,2022-08-18
C09525,Robert Smith,robert.smith1437@example.com,West,2023-11-12
C09526,Jennifer Thomas,jennifer.thomas2699@example.com,East,2023-11-10
C09527,Sarah Williams,sarah.williams4634@example.com,West,2021-08-10
C09528,Sarah Williams,sarah.williams8243@example.com,South,2022-12-30
C09529,Patricia Miller,patricia.miller1803@example.com,Central,2021-10-15
C09530,Joseph Wilson,joseph.wilson3587@example.com,Central,2022-04-23
C09531,Barbara Anderson,barbara.anderson1711@example.com,Central,2022-02-08
C09532,David Rodriguez,david.rodriguez7742@example.com,West,2023-08-02
C09533,Patricia Martinez,patricia.martinez7327@example.com,East,2023-07-22
C09534,Karen Miller,karen.miller2031@example.com,Central,2023-06-25
C09535,John Jones,john.jones4060@example.com,West,2021-10-24
C09536,Patricia Hernandez,patricia.hernandez5810@example.com,South,2023-06-18
C09537,Linda Jackson,linda.jackson9693@example.com,North,2021-07-30
C09538,William Hernandez,william.hernandez8856@example.com,West,2023-03-20
C09539,William Miller,william.miller2472@example.com,Central,2021-03-08
C09540,Richard Davis,richard.davis2091@example.com,West,2022-11-26
C09541,William Taylor,,North,2021-05-19
C09542,James Martin,james.martin9451@example.com,Central,2023-07-30
C09543,Susan Smith,susan.smith1132@example.com,West,2023-03-11
C09544,Joseph Jackson,joseph.jackson3353@example.com,Central,2023-10-08
C09545,Sarah Miller,sarah.miller6368@example.com,North,2023-10-09
C09546,Charles Taylor,charles.taylor9787@example.com,Central,2023-12-29
C09547,Karen Garcia,karen.garcia269@example.com,Central,2022-04-26
C09548,Linda Taylor,linda.taylor1153@example.com,North,2022-01-23
C09549,Richard Jones,,South,2022-11-16
C09550,Robert Gonzalez,robert.gonzalez4273@example.com,West,2022-06-01
C09551,David Wilson,david.wilson3167@example.com,South,2022-11-05
C09552,James Lopez,james.lopez5000@example.com,West,2023-12-03
C09553,Elizabeth Taylor,elizabeth.taylor9106@example.com,North,2023-02-06
C09554,Charles Hernandez,charles.hernandez4294@example.com,,2021-09-19
C09555,Sarah Jackson,sarah.jackson2445@example.com,South,2021-07-12
C09556,Elizabeth Garcia,elizabeth.garcia4658@example.com,Central,2021-05-04
C09557,Patricia Davis,patricia.davis7558@example.com,South,2021-11-18
C09558,Sarah Moore,sarah.moore4855@example.com,Central,2023-05-09
C09559,David Thomas,david.thomas3652@example.com,East,2023-08-12
C09560,David Brown,david.brown2881@example.com,North,2021-06-25
C09561,David Jackson,david.jackson8905@example.com,North,2021-01-12
C09562,Jennifer Garcia,jennifer.garcia2460@example.com,North,2021-06-22
C09563,Linda Miller,linda.miller7602@example.com,North,2022-09-25
C09564,James Martin,james.martin6701@example.com,South,2022-04-18
C09565,Sarah Lopez,sarah.lopez5352@example.com,West,2022-01-22
C09566,Jennifer Smith,jennifer.smith622@example.com,Central,2021-09-20
C09567,Elizabeth Rodriguez,elizabeth.rodriguez9708@example.com,North,2021-07-26
C09568,James Taylor,james.taylor6079@example.com,West,2021-09-06
C09569,Charles Miller,charles.miller6678@example.com,West,2021-07-21
C09570,Barbara Brown,barbara.brown2030@example.com,South,2021-08-19
C09571,Linda Garcia,linda.garcia9456@example.com,North,2022-05-17
C09572,Jennifer Miller,jennifer.miller2590@example.com,North,2021-10-06
C09573,Sarah Hernandez,sarah.hernandez8312@example.com,East,2023-10-11
C09574,Linda Hernandez,linda.hernandez594@example.com,North,2021-06-23
C09575,Richard Williams,richard.williams859@example.com,North,2022-11-27
C09576,Linda Jones,,Central,2022-09-01
C09577,Jennifer Moore,jennifer.moore1455@example.com,South,2021-09-04
C09578,Karen Martinez,karen.martinez2002@example.com,Central,2021-06-27
C09579,Jessica Wilson,,North,2021-07-30
C09580,Patricia Lopez,patricia.lopez4528@example.com,South,2023-06-10
C09581,Joseph Johnson,joseph.johnson1284@example.com,North,2021-01-03
C09582,Elizabeth Moore,elizabeth.moore8550@example.com,North,2022-12-14
C09583,Richard Jones,richard.jones487@example.com,Central,2021-12-28
C09584,Jessica Miller,jessica.miller7101@example.com,South,2022-02-23
C09585,Karen Anderson,karen.anderson2144@example.com,South,2022-10-08
C09586,Richard Lopez,richard.lopez6751@example.com,West,2021-07-13
C09587,Susan Anderson,susan.anderson1176@example.com,South,2022-09-29
C09588,William Smith,william.smith1588@example.com,East,2023-07-12
C09589,Robert Hernandez,robert.hernandez3312@example.com,South,2023-07-21
C09590,Mary Anderson,,Central,2023-11-10
C09591,Jessica Moore,jessica.moore7159@example.com,Central,2021-05-05
C09592,Robert Jones,robert.jones8899@example.com,East,2021-01-29
C09593,Robert Gonzalez,robert.gonzalez1513@example.com,West,2023-12-01
C09594,William Hernandez,william.hernandez996@example.com,West,2021-09-24
C09595,Jennifer Hernandez,jennifer.hernandez8859@example.com,North,2021-02-06
C09596,Susan Smith,susan.smith4759@example.com,Central,2023-06-18
C09597,Sarah Williams,sarah.williams4640@example.com,North,2023-06-09
C09598,Elizabeth Martin,elizabeth.martin7554@example.com,West,2021-09-11
C09599,Jennifer Gonzalez,jennifer.gonzalez9231@example.com,East,2022-04-02
C09600,William Lopez,william.lopez3692@example.com,East,2021-02-12
C09601,Karen Jones,karen.jones6841@example.com,Central,2022-02-08
C09602,Michael Brown,michael.brown826@example.com,South,2021-04-13
C09603,Thomas Hernandez,thomas.hernandez2503@example.com,East,2022-11-24
C09604,Karen Taylor,karen.taylor160@example.com,East,2022-11-29
C09605,Sarah Lopez,sarah.lopez7162@example.com,Central,2021-06-11
C09606,Charles Thomas,charles.thomas4212@example.com,Central,2021-03-13
C09607,William Martinez,william.martinez4929@example.com,Central,2021-10-14
C09608,James Jackson,james.jackson6096@example.com,East,2021-06-27
C09609,Jennifer Taylor,jennifer.taylor3454@example.com,North,2022-08-07
C09610,Charles Martinez,charles.martinez4422@example.com,South,2022-04-30
C09611,Robert Martin,robert.martin9394@example.com,Central,2022-08-30
C09612,Robert Anderson,robert.anderson9825@example.com,West,2021-01-08
C09613,William Martin,william.martin5256@example.com,East,2022-09-15
C09614,Joseph Moore,joseph.moore6224@example.com,North,2022-02-08
C09615,Sarah Moore,sarah.moore2761@example.com,,2022-11-20
C09616,Charles Garcia,charles.garcia5698@example.com,North,2023-10-30
C09617,Charles Martinez,charles.martinez6245@example.com,North,2023-06-08
C09618,Richard Lopez,richard.lopez6044@example.com,West,2021-01-01
C09619,Mary Martinez,mary.martinez3168@example.com,Central,2021-03-25
C09620,John Lopez,john.lopez6496@example.com,North,2023-01-18
C09621,David Gonzalez,david.gonzalez9289@example.com,North,2023-03-10
C09622,Joseph Miller,joseph.miller5574@example.com,South,2022-02-04
C09623,Karen Gonzalez,karen.gonzalez2436@example.com,West,2022-06-21
C09624,Patricia Gonzalez,patricia.gonzalez2008@example.com,West,2023-01-16
C09625,Susan Gonzalez,susan.gonzalez5169@example.com,West,2023-03-25
C09626,Michael Davis,michael.davis6273@example.com,Central,2023-07-06
C09627,Patricia Williams,patricia.williams913@example.com,West,2023-03-11
C09628,Karen Davis,karen.davis3010@example.com,Central,2021-11-13
C09629,Linda Martinez,linda.martinez4643@example.com,Central,2023-10-28
C09630,David Williams,david.williams5647@example.com,Central,2023-10-15
C09631,Karen Martinez,karen.martinez7275@example.com,East,2022-03-18
C09632,Linda Davis,linda.davis6795@example.com,North,2023-08-21
C09633,Sarah Wilson,sarah.wilson7830@example.com,North,2022-08-03
C09634,David Johnson,david.johnson3358@example.com,Central,2021-07-24
C09635,Susan Lopez,susan.lopez5069@example.com,Central,2021-04-24
C09636,Richard Brown,richard.brown8377@example.com,West,2023-10-09
C09637,Richard Smith,richard.smith8570@example.com,East,2023-03-13
C09638,Elizabeth Wilson,elizabeth.wilson421@example.com,West,2022-02-20
C09639,Jennifer Martinez,jennifer.martinez2135@example.com,West,2021-10-22
C09640,Jessica Brown,jessica.brown2323@example.com,South,2022-11-21
C09641,Susan Wilson,susan.wilson7489@example.com,Central,2021-04-01
C09642,Jessica Garcia,jessica.garcia8157@example.com,South,2022-02-04
C09643,Susan Lopez,susan.lopez7312@example.com,East,2023-06-05
C09644,Susan Lopez,susan.lopez7694@example.com,West,2021-11-17
C09645,Jennifer Gonzalez,jennifer.gonzalez1803@example.com,South,2022-06-08
C09646,Charles Rodriguez,charles.rodriguez5560@example.com,South,2022-06-22
C09647,Karen Williams,karen.williams7462@example.com,Central,2022-01-12
C09648,Susan Brown,susan.brown4936@example.com,North,2022-11-28
C09649,Jessica Taylor,jessica.taylor1164@example.com,South,2021-02-04
C09650,Jessica Smith,jessica.smith3623@example.com,North,2023-05-06
C09651,Jessica Smith,jessica.smith5574@example.com,South,2021-03-24
C09652,Sarah Hernandez,sarah.hernandez1420@example.com,South,2023-03-01
C09653,Mary Gonzalez,mary.gonzalez9317@example.com,South,2023-01-16
C09654,Susan Jackson,susan.jackson1417@example.com,,2023-06-22
C09655,Barbara Taylor,barbara.taylor6307@example.com,North,2021-04-23
C09656,Elizabeth Rodriguez,elizabeth.rodriguez1601@example.com,North,2021-07-20
C09657,Michael Smith,michael.smith6511@example.com,East,2022-02-01
C09658,Charles Wilson,charles.wilson1445@example.com,North,2023-11-21
C09659,James Taylor,james.taylor9207@example.com,East,2023-09-07
C09660,William Jackson,william.jackson8566@example.com,West,2022-06-03
C09661,Mary Garcia,mary.garcia4917@example.com,South,2021-05-17
C09662,Michael Moore,michael.moore9830@example.com,South,2022-04-16
C09663,David Martinez,david.martinez4312@example.com,East,2021-02-17
C09664,David Anderson,david.anderson3314@example.com,North,2022-10-23
C09665,Robert Gonzalez,robert.gonzalez1228@example.com,East,2023-07-01
C09666,Thomas Garcia,thomas.garcia4835@example.com,West,2023-06-09
C09667,Michael Johnson,michael.johnson5878@example.com,Central,2023-04-23
C09668,Michael Anderson,michael.anderson9591@example.com,North,2022-05-12
C09669,Michael Miller,michael.miller9174@example.com,West,2022-05-27
C09670,Richard Jackson,richard.jackson5463@example.com,North,2022-11-06
C09671,Mary Davis,mary.davis4432@example.com,West,2021-12-29
C09672,Michael Hernandez,michael.hernandez6638@example.com,South,2022-02-03
C09673,Linda Lopez,linda.lopez7321@example.com,,2022-10-23
C09674,Jessica Martinez,jessica.martinez2110@example.com,South,2023-05-21
C09675,James Gonzalez,james.gonzalez8262@example.com,Central,2021-09-30
C09676,Thomas Anderson,thomas.anderson545@example.com,East,2022-09-27
C09677,David Davis,david.davis1953@example.com,North,2021-04-24
C09678,Jessica Smith,jessica.smith246@example.com,Central,2023-06-13
C09679,Joseph Martinez,joseph.martinez4324@example.com,East,2022-04-08
C09680,William Lopez,william.lopez8075@example.com,West,2021-08-20
C09681,Barbara Wilson,barbara.wilson3387@example.com,North,2021-06-16
C09682,James Williams,james.williams3975@example.com,South,2022-01-24
C09683,James Davis,james.davis6539@example.com,West,2023-06-23
C09684,Linda Johnson,linda.johnson8889@example.com,Central,2022-02-09
C09685,David Smith,david.smith3396@example.com,East,2021-03-31
C09686,Richard Jones,richard.jones8317@example.com,East,2021-01-19
C09687,William Jones,william.jones4782@example.com,Central,2021-07-24
C09688,John Wilson,john.wilson8609@example.com,South,2021-05-30
C09689,John Martinez,john.martinez4037@example.com,West,2023-12-18
C09690,Joseph Davis,joseph.davis3180@example.com,East,2023-09-16
C09691,Susan Gonzalez,susan.gonzalez8700@example.com,South,2021-02-23
C09692,Jessica Miller,,Central,2023-10-09
C09693,Elizabeth Wilson,elizabeth.wilson4404@example.com,,2023-11-28
C09694,Jennifer Lopez,,East,2022-11-22
C09695,Barbara Rodriguez,barbara.rodriguez2684@example.com,East,2023-09-09
C09696,William Garcia,william.garcia1598@example.com,East,2021-04-02
C09697,Barbara Martinez,barbara.martinez7459@example.com,Central,2022-06-25
C09698,Thomas Jackson,thomas.jackson8374@example.com,North,2023-05-22
C09699,Mary Moore,mary.moore470@example.com,West,2022-03-27
C09700,Charles Davis,charles.davis9666@example.com,East,2023-07-14
C09701,Susan Smith,susan.smith473@example.com,East,2021-03-23
C09702,Charles Taylor,charles.taylor3927@example.com,West,2022-11-19
C09703,Elizabeth Taylor,elizabeth.taylor9582@example.com,East,2022-03-19
C09704,Thomas Smith,thomas.smith6016@example.com,West,2023-06-28
C09705,John Gonzalez,john.gonzalez8117@example.com,East,2023-06-29
C09706,Sarah Johnson,sarah.johnson5648@example.com,East,2021-09-26
C09707,Charles Garcia,charles.garcia6073@example.com,East,2022-08-11
C09708,Sarah Smith,sarah.smith9150@example.com,East,2021-07-18
C09709,Thomas Jackson,thomas.jackson3317@example.com,North,2023-09-12
C09710,Richard Taylor,richard.taylor6551@example.com,East,2021-05-15
C09711,Sarah Rodriguez,sarah.rodriguez1357@example.com,West,2021-08-01
C09712,Jessica Moore,jessica.moore7415@example.com,North,2023-04-02
C09713,Susan Miller,susan.miller2126@example.com,South,2023-05-17
C09714,Michael Johnson,michael.johnson2953@example.com,East,2023-10-07
C09715,Sarah Wilson,sarah.wilson5522@example.com,East,2023-02-25
C09716,Susan Gonzalez,susan.gonzalez7541@example.com,West,2021-02-27
C09717,Linda Jones,linda.jones1581@example.com,South,2023-05-30
C09718,John Lopez,john.lopez4502@example.com,Central,2022-09-04
C09719,William Brown,william.brown8927@example.com,North,2023-04-22
C09720,Thomas Miller,thomas.miller2600@example.com,West,2023-12-28
C09721,Charles Johnson,charles.johnson8373@example.com,South,2021-02-26
C09722,Barbara Jackson,,South,2023-11-10
C09723,James Rodriguez,james.rodriguez7303@example.com,South,2023-10-03
C09724,Jennifer Jones,jennifer.jones4468@example.com,West,2021-07-20
C09725,Patricia Wilson,patricia.wilson2196@example.com,West,2023-07-03
C09726,John Taylor,john.taylor6035@example.com,East,2023-06-24
C09727,Joseph Anderson,joseph.anderson1954@example.com,North,2022-02-11
C09728,Thomas Johnson,thomas.johnson9731@example.com,South,2023-08-10
C09729,Thomas Gonzalez,thomas.gonzalez1824@example.com,Central,2021-12-04
C09730,Sarah Davis,sarah.davis4596@example.com,East,2021-09-25
C09731,Susan Johnson,susan.johnson8403@example.com,South,2023-08-10
C09732,Elizabeth Miller,elizabeth.miller6140@example.com,North,2023-11-09
C09733,David Moore,david.moore4755@example.com,North,2023-01-13
C09734,William Martin,william.martin2936@example.com,West,2022-11-26
C09735,Susan Anderson,susan.anderson5175@example.com,Central,2023-11-25
C09736,John Martinez,john.martinez5612@example.com,South,2021-09-24
C09737,Elizabeth Williams,elizabeth.williams3276@example.com,South,2022-01-21
C09738,Jennifer Gonzalez,jennifer.gonzalez4965@example.com,Central,2022-09-05
C09739,Elizabeth Martinez,elizabeth.martinez9209@example.com,North,2021-10-26
C09740,James Taylor,james.taylor4861@example.com,West,2021-08-12
C09741,Charles Jones,charles.jones1525@example.com,Central,2022-06-11
C09742,William Taylor,william.taylor2674@example.com,West,2021-12-10
C09743,James Hernandez,james.hernandez2429@example.com,Central,2021-03-14
C09744,Patricia Jackson,patricia.jackson781@example.com,East,2023-02-03
C09745,Robert Williams,robert.williams2066@example.com,East,2022-06-01
C09746,Elizabeth Davis,elizabeth.davis7555@example.com,South,2021-11-16
C09747,Mary Wilson,mary.wilson6860@example.com,East,2023-04-30
C09748,Susan Thomas,susan.thomas883@example.com,West,2023-06-20
C09749,Mary Williams,mary.williams837@example.com,East,2023-01-18
C09750,Jessica Lopez,jessica.lopez3828@example.com,Central,2021-09-22
C09751,David Anderson,david.anderson9104@example.com,South,2021-07-30
C09752,Jessica Williams,jessica.williams9115@example.com,West,2021-05-09
C09753,Jessica Moore,jessica.moore1326@example.com,West,2023-11-01
C09754,John Lopez,john.lopez9009@example.com,North,2023-05-30
C09755,Robert Davis,robert.davis9864@example.com,Central,2023-10-29
C09756,Joseph Williams,joseph.williams9422@example.com,North,2023-04-04
C09757,Jennifer Brown,jennifer.brown157@example.com,North,2023-09-25
C09758,John Jackson,john.jackson4775@example.com,East,2023-11-23
C09759,David Jackson,david.jackson630@example.com,South,2021-01-09
C09760,Sarah Wilson,sarah.wilson1037@example.com,East,2022-02-25
C09761,Charles Williams,charles.williams886@example.com,West,2021-12-22
C09762,Michael Thomas,michael.thomas8296@example.com,West,2022-05-01
C09763,Patricia Rodriguez,,North,2023-03-18
C09764,James Lopez,james.lopez6667@example.com,South,2021-09-21
C09765,Richard Gonzalez,richard.gonzalez9634@example.com,South,2021-04-17
C09766,Patricia Davis,patricia.davis4737@example.com,North,2023-11-10
C09767,Jessica Wilson,,Central,2021-09-26
C09768,Thomas Brown,thomas.brown1329@example.com,South,2023-03-12
C09769,Thomas Moore,thomas.moore5404@example.com,Central,2022-12-17
C09770,Thomas Garcia,thomas.garcia7017@example.com,East,2023-12-08
C09771,Thomas Jones,thomas.jones4867@example.com,Central,2023-12-03
C09772,Jessica Moore,jessica.moore1849@example.com,South,2023-10-04
C09773,Robert Miller,robert.miller2132@example.com,South,2022-04-06
C09774,Karen Garcia,karen.garcia7495@example.com,North,2023-12-22
C09775,Jessica Johnson,jessica.johnson6103@example.com,East,2021-02-25
C09776,David Martinez,david.martinez7968@example.com,South,2021-08-19
C09777,Michael Wilson,michael.wilson665@example.com,North,2021-11-20
C09778,Elizabeth Jackson,elizabeth.jackson1922@example.com,,2023-08-21
C09779,Patricia Thomas,patricia.thomas9028@example.com,Central,2022-12-31
C09780,Michael Gonzalez,,East,2022-09-15
C09781,David Thomas,david.thomas9939@example.com,West,2022-04-17
C09782,Joseph Miller,joseph.miller7451@example.com,West,2022-12-09
C09783,Michael Anderson,michael.anderson2413@example.com,East,2023-09-03
C09784,Patricia Garcia,patricia.garcia2606@example.com,Central,2021-05-30
C09785,Elizabeth Davis,elizabeth.davis6822@example.com,North,2021-07-17
C09786,Robert Lopez,robert.lopez8372@example.com,East,2021-04-15
C09787,Robert Martin,robert.martin7938@example.com,Central,2022-12-28
C09788,Linda Taylor,linda.taylor9982@example.com,West,2021-03-13
C09789,John Miller,john.miller8095@example.com,Central,2023-10-21
C09790,Sarah Jones,sarah.jones7020@example.com,West,2021-09-16
C09791,William Gonzalez,,Central,2022-05-15
C09792,Patricia Moore,patricia.moore377@example.com,East,2022-08-07
C09793,James Hernandez,james.hernandez624@example.com,East,2022-11-14
C09794,Charles Rodriguez,,North,2022-11-08
C09795,Susan Garcia,susan.garcia7558@example.com,West,2023-01-12
C09796,Mary Johnson,mary.johnson9818@example.com,North,2023-01-15
C09797,Linda Anderson,linda.anderson2446@example.com,North,2022-06-21
C09798,James Moore,james.moore9139@example.com,West,2023-01-15
C09799,Michael Williams,michael.williams1925@example.com,East,2021-05-12
C09800,Susan Martinez,susan.martinez3516@example.com,Central,2023-12-01
C09801,Sarah Davis,sarah.davis6321@example.com,West,2021-03-25
C09802,Charles Anderson,charles.anderson4132@example.com,Central,2021-10-09
C09803,Sarah Thomas,sarah.thomas5777@example.com,North,2023-07-31
C09804,Jennifer Miller,jennifer.miller852@example.com,East,2022-12-12
C09805,Jessica Moore,jessica.moore6666@example.com,North,2022-06-01
C09806,Patricia Miller,,Central,2021-11-26
C09807,Jennifer Smith,jennifer.smith6682@example.com,South,2023-05-27
C09808,Jessica Garcia,jessica.garcia8213@example.com,North,2022-09-18
C09809,John Smith,john.smith2975@example.com,South,2022-02-17
C09810,Thomas Smith,thomas.smith2895@example.com,Central,2021-11-11
C09811,Sarah Johnson,sarah.johnson3784@example.com,North,2021-11-27
C09812,Jennifer Wilson,jennifer.wilson5168@example.com,Central,2023-06-24
C09813,Joseph Garcia,joseph.garcia9529@example.com,South,2023-12-24
C09814,Michael Wilson,michael.wilson3836@example.com,Central,2022-04-01
C09815,James Hernandez,james.hernandez3608@example.com,East,2021-04-10
C09816,Mary Williams,mary.williams1453@example.com,North,2022-05-16
C09817,James Thomas,james.thomas3481@example.com,Central,2021-06-06
C09818,Robert Garcia,robert.garcia1431@example.com,South,2023-05-01
C09819,Barbara Jones,barbara.jones1559@example.com,North,2022-07-13
C09820,David Garcia,david.garcia772@example.com,North,2021-06-13
C09821,John Martin,john.martin7562@example.com,Central,2023-01-31
C09822,Patricia Williams,patricia.williams1036@example.com,East,2022-09-13
C09823,Patricia Garcia,patricia.garcia2648@example.com,East,2021-06-05
C09824,Patricia Garcia,patricia.garcia8253@example.com,East,2023-12-04
C09825,Jennifer Gonzalez,jennifer.gonzalez7660@example.com,South,2023-09-21
C09826,Linda Moore,linda.moore136@example.com,Central,2022-05-08
C09827,Jessica Brown,jessica.brown9836@example.com,East,2022-09-13
C09828,Patricia Rodriguez,patricia.rodriguez6250@example.com,Central,2021-09-05
C09829,Jessica Hernandez,jessica.hernandez6710@example.com,Central,2022-04-11
C09830,Elizabeth Moore,elizabeth.moore3923@example.com,Central,2021-11-23
C09831,Joseph Hernandez,joseph.hernandez3733@example.com,South,2023-08-27
C09832,Karen Martin,karen.martin917@example.com,South,2022-09-23
C09833,Jessica Hernandez,jessica.hernandez222@example.com,Central,2023-09-19
C09834,Sarah Miller,sarah.miller5834@example.com,South,2023-02-12
C09835,William Johnson,william.johnson6048@example.com,East,2021-05-30
C09836,Patricia Moore,patricia.moore6081@example.com,West,2021-02-17
C09837,Joseph Anderson,joseph.anderson5913@example.com,West,2023-08-04
C09838,John Johnson,john.johnson6389@example.com,North,2021-03-09
C09839,Linda Smith,linda.smith7746@example.com,East,2023-03-11
C09840,Thomas Jones,thomas.jones8202@example.com,Central,2023-08-15
C09841,Sarah Smith,sarah.smith154@example.com,Central,2021-08-27
C09842,Susan Martin,susan.martin12@example.com,Central,2022-06-18
C09843,Joseph Hernandez,joseph.hernandez5156@example.com,West,2023-12-11
C09844,Patricia Rodriguez,patricia.rodriguez4902@example.com,South,2022-06-21
C09845,William Wilson,william.wilson9866@example.com,West,2022-03-20
C09846,Karen Lopez,karen.lopez1570@example.com,Central,2022-04-13
C09847,Sarah Davis,sarah.davis3091@example.com,Central,2021-06-12
C09848,David Hernandez,david.hernandez2954@example.com,Central,2023-08-03
C09849,Jessica Anderson,jessica.anderson1459@example.com,Central,2023-04-23
C09850,Patricia Gonzalez,patricia.gonzalez383@example.com,South,2022-05-12
C09851,Jessica Taylor,jessica.taylor7289@example.com,Central,2023-08-03
C09852,Thomas Jackson,thomas.jackson2715@example.com,South,2021-04-28
C09853,Joseph Thomas,joseph.thomas2307@example.com,Central,2021-04-17
C09854,Karen Smith,karen.smith6794@example.com,East,2022-07-11
C09855,Susan Gonzalez,,North,2021-02-23
C09856,Jennifer Lopez,jennifer.lopez6057@example.com,Central,2023-07-22
C09857,Michael Anderson,michael.anderson9154@example.com,West,2022-06-23
C09858,Patricia Jackson,patricia.jackson440@example.com,East,2023-04-21
C09859,Patricia Thomas,patricia.thomas7337@example.com,South,2023-06-21
C09860,Linda Johnson,linda.johnson9310@example.com,East,2022-02-03
C09861,Mary Brown,mary.brown9682@example.com,North,2023-12-16
C09862,Susan Martinez,,Central,2022-10-13
C09863,Mary Garcia,mary.garcia3345@example.com,West,2022-08-25
C09864,William Thomas,william.thomas1971@example.com,West,2022-03-23
C09865,Jessica Brown,jessica.brown5300@example.com,,2022-06-10
C09866,Sarah Taylor,sarah.taylor3631@example.com,South,2021-10-24
C09867,Mary Williams,,North,2021-10-21
C09868,Richard Garcia,richard.garcia787@example.com,West,2023-01-18
C09869,Jessica Hernandez,jessica.hernandez7577@example.com,Central,2023-07-08
C09870,Robert Lopez,robert.lopez258@example.com,West,2023-08-13
C09871,Linda Wilson,linda.wilson5616@example.com,Central,2022-06-19
C09872,Charles Jones,charles.jones3450@example.com,East,2021-01-17
C09873,Sarah Williams,sarah.williams8086@example.com,North,2022-11-07
C09874,Joseph Williams,joseph.williams964@example.com,South,2023-04-20
C09875,Susan Brown,susan.brown7930@example.com,East,2023-11-05
C09876,John Taylor,john.taylor8358@example.com,South,2023-02-13
C09877,James Wilson,james.wilson1110@example.com,West,2022-12-29
C09878,David Johnson,david.johnson7386@example.com,East,2021-08-27
C09879,Jessica Moore,jessica.moore2615@example.com,West,2021-04-30
C09880,Sarah Miller,sarah.miller4420@example.com,East,2022-07-17
C09881,Mary Garcia,mary.garcia8479@example.com,East,2021-06-23
C09882,Mary Taylor,mary.taylor7483@example.com,West,2023-06-14
C09883,Richard Davis,richard.davis5136@example.com,North,2023-11-06
C09884,John Moore,john.moore6949@example.com,South,2021-01-20
C09885,Joseph Miller,joseph.miller9070@example.com,West,2022-08-17
C09886,Linda Anderson,linda.anderson55@example.com,South,2022-01-02
C09887,Thomas Martin,thomas.martin7521@example.com,South,2023-07-01
C09888,Susan Williams,susan.williams3590@example.com,Central,2023-02-21
C09889,Mary Brown,mary.brown3635@example.com,Central,2023-05-27
C09890,Robert Rodriguez,robert.rodriguez5957@example.com,North,2023-10-06
C09891,Patricia Moore,patricia.moore2283@example.com,East,2023-07-23
C09892,Patricia Smith,patricia.smith6594@example.com,West,2023-06-13
C09893,Barbara Wilson,barbara.wilson6000@example.com,North,2021-06-21
C09894,Mary Miller,mary.miller7251@example.com,West,2022-09-06
C09895,Barbara Wilson,barbara.wilson8122@example.com,South,2021-11-28
C09896,Elizabeth Martin,elizabeth.martin9049@example.com,West,2022-09-09
C09897,John Hernandez,john.hernandez5764@example.com,South,2022-05-23
C09898,John Martin,john.martin1361@example.com,West,2022-05-11
C09899,Charles Johnson,charles.johnson2766@example.com,Central,2023-07-14
C09900,Susan Thomas,susan.thomas2891@example.com,North,2021-06-22
C09901,John Miller,,South,2023-04-26
C09902,Thomas Jackson,thomas.jackson4709@example.com,East,2023-10-10
C09903,Sarah Miller,sarah.miller6986@example.com,East,2022-01-20
C09904,Jennifer Martinez,jennifer.martinez5436@example.com,Central,2023-01-19
C09905,William Jackson,william.jackson7130@example.com,West,2023-07-25
C09906,Richard Johnson,richard.johnson4269@example.com,South,2021-07-09
C09907,Jessica Thomas,jessica.thomas1809@example.com,West,2022-08-11
C09908,William Martinez,william.martinez3036@example.com,Central,2023-02-15
C09909,Michael Garcia,michael.garcia4458@example.com,North,2023-01-31
C09910,David Rodriguez,david.rodriguez7691@example.com,South,2023-06-23
C09911,Linda Williams,linda.williams6273@example.com,Central,2022-01-07
C09912,William Jones,william.jones4018@example.com,Central,2023-06-16
C09913,Richard Thomas,richard.thomas5242@example.com,Central,2022-03-31
C09914,Charles Brown,charles.brown9028@example.com,East,2021-04-15
C09915,Barbara Taylor,barbara.taylor8675@example.com,North,2022-09-27
C09916,Thomas Garcia,thomas.garcia4517@example.com,East,2021-08-25
C09917,John Taylor,,South,2023-04-02
C09918,Joseph Johnson,joseph.johnson295@example.com,West,2022-06-28
C09919,Jessica Davis,jessica.davis8376@example.com,West,2021-01-10
C09920,Joseph Garcia,joseph.garcia1155@example.com,North,2021-10-08
C09921,Richard Williams,richard.williams6548@example.com,North,2023-03-10
C09922,Elizabeth Martin,elizabeth.martin8313@example.com,Central,2021-08-18
C09923,Jessica Lopez,jessica.lopez2794@example.com,North,2021-01-17
C09924,John Anderson,john.anderson5999@example.com,East,2022-05-03
C09925,David Anderson,david.anderson8982@example.com,North,2023-08-25
C09926,Jessica Smith,jessica.smith1241@example.com,East,2023-12-03
C09927,Jessica Martin,jessica.martin2215@example.com,South,2021-12-11
C09928,Karen Brown,karen.brown2525@example.com,Central,2021-06-14
C09929,Sarah Thomas,sarah.thomas4555@example.com,North,2023-10-13
C09930,William Davis,william.davis2350@example.com,Central,2022-06-02
C09931,Michael Garcia,michael.garcia3665@example.com,West,2022-03-13
C09932,David Gonzalez,david.gonzalez7765@example.com,Central,2021-10-26
C09933,Elizabeth Thomas,elizabeth.thomas2822@example.com,South,2022-08-10
C09934,Jessica Jones,jessica.jones8218@example.com,South,2022-04-29
C09935,Jennifer Gonzalez,jennifer.gonzalez721@example.com,South,2021-11-04
C09936,Joseph Hernandez,joseph.hernandez6152@example.com,East,2022-09-18
C09937,William Williams,william.williams7478@example.com,Central,2023-11-05
C09938,John Taylor,john.taylor1367@example.com,Central,2021-10-21
C09939,Elizabeth Jones,elizabeth.jones4588@example.com,South,2022-04-09
C09940,Barbara Martin,barbara.martin8066@example.com,South,2023-11-07
C09941,Linda Jones,linda.jones511@example.com,South,2022-06-21
C09942,Karen Moore,karen.moore592@example.com,Central,2022-04-18
C09943,Susan Anderson,susan.anderson7190@example.com,North,2022-12-17
C09944,David Rodriguez,david.rodriguez9734@example.com,East,2021-10-16
C09945,Karen Anderson,karen.anderson3646@example.com,West,2021-12-02
C09946,Linda Miller,linda.miller4158@example.com,South,2022-12-24
C09947,Barbara Anderson,barbara.anderson3587@example.com,East,2022-02-06
C09948,John Brown,john.brown6380@example.com,North,2023-05-11
C09949,William Lopez,william.lopez6247@example.com,Central,2022-12-22
C09950,Joseph Johnson,joseph.johnson5806@example.com,West,2021-06-27
C09951,Sarah Davis,sarah.davis3769@example.com,South,2023-03-21
C09952,Jennifer Lopez,,South,2022-09-17
C09953,Patricia Johnson,patricia.johnson3978@example.com,North,2022-04-23
C09954,Joseph Miller,,South,2021-06-20
C09955,Joseph Davis,joseph.davis8849@example.com,South,2021-03-22
C09956,Richard Moore,richard.moore6454@example.com,Central,2023-04-28
C09957,Susan Davis,susan.davis13@example.com,North,2023-04-27
C09958,Elizabeth Moore,elizabeth.moore8846@example.com,South,2023-11-10
C09959,Joseph Hernandez,joseph.hernandez7033@example.com,North,2022-11-11
C09960,Charles Williams,charles.williams1416@example.com,South,2023-12-13
C09961,Elizabeth Jackson,elizabeth.jackson3402@example.com,South,2022-05-17
C09962,Robert Anderson,robert.anderson6048@example.com,Central,2022-08-17
C09963,Thomas Gonzalez,thomas.gonzalez3132@example.com,South,2021-06-17
C09964,Linda Smith,linda.smith6494@example.com,South,2022-05-01
C09965,Karen Gonzalez,karen.gonzalez9980@example.com,North,2023-02-12
C09966,Richard Martinez,richard.martinez1817@example.com,East,2023-03-01
C09967,Elizabeth Rodriguez,elizabeth.rodriguez6765@example.com,Central,2022-01-28
C09968,Karen Wilson,karen.wilson6142@example.com,Central,2021-11-06
C09969,Susan Jackson,susan.jackson308@example.com,,2023-07-22
C09970,James Miller,james.miller3070@example.com,North,2023-12-18
C09971,Thomas Moore,thomas.moore5015@example.com,South,2021-06-15
C09972,Michael Rodriguez,michael.rodriguez7529@example.com,North,2022-03-12
C09973,Sarah Taylor,sarah.taylor8667@example.com,Central,2021-11-26
C09974,Karen Smith,karen.smith5096@example.com,East,2021-10-24
C09975,Linda Wilson,linda.wilson2041@example.com,North,2023-10-05
C09976,Robert Moore,robert.moore3389@example.com,South,2021-07-13
C09977,Mary Brown,mary.brown5930@example.com,North,2021-04-07
C09978,Karen Thomas,karen.thomas8434@example.com,West,2022-07-31
C09979,Robert Johnson,robert.johnson9530@example.com,West,2023-04-11
C09980,Susan Davis,susan.davis1681@example.com,North,2022-09-27
C09981,David Miller,david.miller1258@example.com,East,2022-03-16
C09982,Richard Hernandez,richard.hernandez3906@example.com,North,2023-09-14
C09983,Jennifer Lopez,jennifer.lopez213@example.com,West,2022-02-06
C09984,Linda Jones,linda.jones7510@example.com,East,2022-07-14
C09985,Elizabeth Rodriguez,elizabeth.rodriguez8432@example.com,West,2022-08-10
C09986,Charles Miller,,North,2023-06-13
C09987,Thomas Thomas,thomas.thomas6283@example.com,North,2022-02-14
C09988,Joseph Garcia,joseph.garcia2491@example.com,East,2022-06-20
C09989,Thomas Davis,thomas.davis6601@example.com,North,2021-03-08
C09990,Patricia Miller,patricia.miller8411@example.com,Central,2021-10-22
C09991,Charles Hernandez,charles.hernandez7237@example.com,South,2022-03-04
C09992,Linda Hernandez,linda.hernandez8680@example.com,South,2021-10-18
C09993,Robert Davis,robert.davis4780@example.com,South,2022-09-11
C09994,John Smith,john.smith1993@example.com,East,2021-10-17
C09995,Michael Smith,michael.smith5952@example.com,West,2023-06-16
C09996,Joseph Wilson,joseph.wilson206@example.com,West,2021-11-06
C09997,Barbara Brown,barbara.brown7963@example.com,East,2021-02-27
C09998,Sarah Martinez,sarah.martinez3843@example.com,Central,2022-02-14
C09999,Charles Smith,charles.smith4079@example.com,West,2022-06-20
C10000,Richard Wilson,,South,2023-03-15
