review_id,customer_id,product_id,order_id,rating,review_text,review_date
REV-10000,C09782,P0021,ORD-138334,4,Love this.,2026-01-16
REV-10001,C00333,P0024,ORD-117295,5,Great product!,2025-12-11
REV-10002,C08328,P0021,ORD-138601,2,Arrived damaged.,2025-10-19
REV-10003,C00875,P0085,ORD-102814,5,Exceeded expectations.,2025-01-23
REV-10004,C00053,P0033,ORD-109092,5,Fantastic quality.,2024-06-21
REV-10005,C03576,P0015,ORD-149731,1,Poor quality.,2025-09-27
REV-10006,C04693,P0015,ORD-137957,4,Great product!,2025-12-28
REV-10007,C03115,P0064,ORD-146510,5,Love this.,2024-05-28
REV-10008,C01618,P0024,ORD-136241,5,Exactly as described.,2024-12-16
REV-10009,C06303,P0073,ORD-125802,5,Exactly as described.,2024-05-15
REV-10010,C00397,P0071,ORD-118370,1,Terrible.,2024-07-17
REV-10011,C03147,P0020,ORD-125113,4,Love this.,2024-11-04
REV-10012,C01999,P0021,ORD-124219,5,Very satisfied.,2025-03-16
REV-10013,C00182,P0038,ORD-116908,1,Poor quality.,2025-01-30
REV-10014,C00281,P0064,ORD-118069,5,Very satisfied.,2025-10-16
REV-10015,C00371,P0057,ORD-109316,5,Very satisfied.,2024-08-13
REV-10016,C00357,P0090,ORD-111592,5,Worth every penny.,2025-07-14
REV-10017,C04468,P0086,ORD-127146,5,Five stars!,2024-07-14
REV-10018,C03051,P0059,ORD-142740,5,Worth every penny.,2025-08-17
REV-10019,C08902,P0059,ORD-137304,5,Great product!,2025-05-11
REV-10020,C06644,P0073,ORD-127955,5,Five stars!,2025-11-24
REV-10021,C09634,P0005,ORD-122672,5,Five stars!,2024-08-09
REV-10022,C06597,P0008,ORD-138135,1,Disappointed.,2024-11-30
REV-10023,C02733,P0078,ORD-126051,4,Exceeded expectations.,2026-02-21
REV-10024,C06046,P0090,ORD-139469,1,Regret this purchase.,2024-09-16
REV-10025,C07545,P0021,ORD-149534,4,Great product!,2025-11-29
REV-10026,C05144,P0047,ORD-141307,5,Fantastic quality.,2025-10-12
REV-10027,C08557,P0058,ORD-146212,3,Fairly priced.,2025-05-11
REV-10028,C05923,P0093,ORD-126073,4,Worth every penny.,2025-05-10
REV-10029,C09345,P0038,ORD-136881,4,Great product!,2024-10-06
REV-10030,C09490,P0024,ORD-147992,4,Five stars!,2025-12-06
REV-10031,C01203,P0020,ORD-130581,4,Love this.,2024-09-10
REV-10032,C00796,P0024,ORD-118071,4,Exactly as described.,2025-06-23
REV-10033,C00771,P0014,ORD-111263,3,Decent quality.,2025-08-27
REV-10034,C00725,P0007,ORD-106206,4,Exactly as described.,2025-06-26
REV-10035,C00787,P0057,ORD-117652,5,Worth every penny.,2026-01-18
REV-10036,C01133,P0017,ORD-143656,5,Exactly as described.,2024-09-04
REV-10037,C00606,P0045,ORD-114003,5,Fantastic quality.,2024-03-22
REV-10038,C00197,P0058,ORD-115819,5,Great product!,2025-03-08
REV-10039,C00239,P0024,ORD-117772,2,Disappointed.,2024-07-27
REV-10040,C04828,P0058,ORD-129245,5,Great product!,2024-09-14
REV-10041,C05149,P0013,ORD-130215,5,Exceeded expectations.,2024-12-18
REV-10042,C08044,P0057,ORD-122790,5,Very satisfied.,2025-04-23
REV-10043,C01507,P0013,ORD-136831,1,Disappointed.,2025-12-17
REV-10044,C06541,P0064,ORD-135073,5,Very satisfied.,2025-12-03
REV-10045,C00081,P0070,ORD-109276,5,Great product!,2024-02-26
REV-10046,C02592,P0070,ORD-128548,2,Terrible.,2025-10-03
REV-10047,C05117,P0090,ORD-129024,5,Five stars!,2025-08-07
REV-10048,C03276,P0038,ORD-147604,5,Worth every penny.,2024-12-12
REV-10049,C09722,P0064,ORD-133921,5,Worth every penny.,2025-01-05
REV-10050,C00908,P0070,ORD-111008,4,Exactly as described.,2025-07-11
REV-10051,C00082,P0073,ORD-117037,4,Worth every penny.,2025-02-13
REV-10052,C02131,P0064,ORD-143080,5,Exactly as described.,2025-01-08
REV-10053,C03516,P0068,ORD-146093,5,Exceeded expectations.,2025-11-10
REV-10054,C03012,P0013,ORD-142010,5,Exceeded expectations.,2024-05-14
REV-10055,C02361,P0021,ORD-149306,5,Exactly as described.,2025-07-16
REV-10056,C00559,P0073,ORD-112676,5,Worth every penny.,2025-10-06
REV-10057,C03843,P0020,ORD-145109,3,Met expectations.,2025-01-18
REV-10058,C00905,P0064,ORD-104633,4,Five stars!,2024-10-13
REV-10059,C00795,P0045,ORD-114472,4,Love this.,2024-06-21
REV-10060,C07137,P0064,ORD-122659,5,Five stars!,2026-01-08
REV-10061,C03982,P0093,ORD-125548,4,Fantastic quality.,2026-01-24
REV-10062,C00849,P0038,ORD-100773,3,Just average.,2025-12-05
REV-10063,C00786,P0058,ORD-110613,5,Fantastic quality.,2025-09-16
REV-10064,C00129,P0093,ORD-100380,5,Great product!,2026-01-26
REV-10065,C03965,P0013,ORD-135524,4,Five stars!,2024-03-04
REV-10066,C03885,P0064,ORD-122109,4,Great product!,2024-05-08
REV-10067,C04335,P0021,ORD-131492,4,Great product!,2025-09-13
REV-10068,C04213,P0073,ORD-146771,4,Worth every penny.,2025-01-03
REV-10069,C01562,P0020,ORD-134839,5,Great product!,2025-07-11
REV-10070,C07609,P0038,ORD-132071,4,Very satisfied.,2025-05-11
REV-10071,C00410,P0057,ORD-113473,4,Love this.,2025-12-17
REV-10072,C00620,P0022,ORD-113593,2,Waste of money.,2024-08-23
REV-10073,C01927,P0028,ORD-121699,4,Exactly as described.,2024-06-15
REV-10074,C04422,P0045,ORD-145133,5,Fantastic quality.,2024-11-05
REV-10075,C05180,P0090,ORD-145015,2,Regret this purchase.,2025-12-19
REV-10076,C00387,P0013,ORD-115315,4,Very satisfied.,2025-12-24
REV-10077,C08901,P0075,ORD-148259,5,Five stars!,2024-03-21
REV-10078,C07940,P0093,ORD-127604,5,Exceeded expectations.,2024-09-13
REV-10079,C00061,P0045,ORD-110326,1,Terrible.,2024-12-20
REV-10080,C08285,P0057,ORD-128465,4,Very satisfied.,2025-08-14
REV-10081,C02142,P0013,ORD-148426,5,Love this.,2024-09-05
REV-10082,C07847,P0020,ORD-124077,5,Exactly as described.,2024-07-13
REV-10083,C00198,P0077,ORD-118183,5,Worth every penny.,2026-01-18
REV-10084,C08969,P0066,ORD-123129,4,Exactly as described.,2024-10-10
REV-10085,C00814,P0070,ORD-110738,5,Exactly as described.,2024-07-02
REV-10086,C06446,P0059,ORD-121343,4,Exceeded expectations.,2025-08-21
REV-10087,C00122,P0059,ORD-104727,4,Five stars!,2025-05-15
REV-10088,C00956,P0073,ORD-115132,5,Love this.,2024-07-25
REV-10089,C00388,P0085,ORD-110177,5,Worth every penny.,2025-04-29
REV-10090,C00692,P0057,ORD-111159,5,Exactly as described.,2025-05-02
REV-10091,C00847,P0014,ORD-114860,5,Fantastic quality.,2025-03-21
REV-10092,C05571,P0015,ORD-146629,5,Love this.,2024-12-14
REV-10093,C00453,P0075,ORD-119359,5,Very satisfied.,2024-06-23
REV-10094,C09364,P0020,ORD-142079,5,Exactly as described.,2024-12-01
REV-10095,C05168,P0073,ORD-140972,4,Exactly as described.,2025-06-28
REV-10096,C06840,P0070,ORD-121460,3,Fairly priced.,2024-03-29
REV-10097,C00025,P0059,ORD-106381,1,Arrived damaged.,2024-12-04
REV-10098,C06684,P0085,ORD-129149,4,Fantastic quality.,2025-11-05
REV-10099,C00417,P0021,ORD-115449,4,Very satisfied.,2025-04-27
REV-10100,C00070,P0015,ORD-118499,3,Just average.,2026-02-06
REV-10101,C09324,P0064,ORD-149302,5,Exceeded expectations.,2026-01-16
REV-10102,C00031,P0045,ORD-104545,5,Very satisfied.,2025-12-25
REV-10103,C07378,P0093,ORD-148207,5,Great product!,2024-06-29
REV-10104,C03394,P0024,ORD-143230,5,Great product!,2024-04-02
REV-10105,C08954,P0073,ORD-149401,5,Worth every penny.,2026-01-19
REV-10106,C00748,P0090,ORD-112378,5,Fantastic quality.,2024-11-21
REV-10107,C05929,P0059,ORD-127716,5,Very satisfied.,2024-10-26
REV-10108,C00743,P0017,ORD-114964,5,Very satisfied.,2024-09-30
REV-10109,C04991,P0013,ORD-140102,4,Five stars!,2025-05-24
REV-10110,C03530,P0017,ORD-129106,5,Five stars!,2024-10-04
REV-10111,C00648,P0017,ORD-112116,2,Regret this purchase.,2025-07-07
REV-10112,C02440,P0090,ORD-121750,4,Exceeded expectations.,2024-12-17
REV-10113,C01245,P0034,ORD-120048,5,Love this.,2026-01-06
REV-10114,C04679,P0073,ORD-142795,5,Great product!,2025-07-20
REV-10115,C08634,P0064,ORD-120771,5,Love this.,2025-09-25
REV-10116,C00398,P0059,ORD-117235,5,Very satisfied.,2025-07-05
REV-10117,C05812,P0015,ORD-134375,5,Fantastic quality.,2024-06-17
REV-10118,C02261,P0058,ORD-122264,5,Worth every penny.,2025-08-02
REV-10119,C04096,P0013,ORD-132885,5,Worth every penny.,2026-02-06
REV-10120,C07147,P0099,ORD-147029,4,Love this.,2024-12-04
REV-10121,C06640,P0021,ORD-138145,3,Not bad.,2024-02-28
REV-10122,C02323,P0085,ORD-132218,5,Exceeded expectations.,2024-06-12
REV-10123,C07926,P0020,ORD-148618,5,Love this.,2024-08-28
REV-10124,C00126,P0090,ORD-112282,4,Love this.,2025-07-29
REV-10125,C05546,P0059,ORD-125673,4,Worth every penny.,2024-10-11
REV-10126,C02144,P0045,ORD-136166,4,Five stars!,2025-03-31
REV-10127,C00223,P0085,ORD-103501,4,Very satisfied.,2025-12-26
REV-10128,C09932,P0013,ORD-121568,5,Great product!,2024-12-04
REV-10129,C00131,P0090,ORD-109647,4,Five stars!,2024-07-29
REV-10130,C08882,P0017,ORD-124831,5,Great product!,2025-01-12
REV-10131,C00225,P0058,ORD-118322,5,Great product!,2024-04-25
REV-10132,C03259,P0013,ORD-126809,2,Not as described.,2026-01-04
REV-10133,C07521,P0021,ORD-126372,3,It's okay.,2024-10-28
REV-10134,C00485,P0014,ORD-118480,2,Arrived damaged.,2024-10-06
REV-10135,C00121,P0038,ORD-106178,5,Worth every penny.,2025-07-03
REV-10136,C00443,P0064,ORD-107165,5,Love this.,2024-12-18
REV-10137,C00837,P0093,ORD-104909,4,Exceeded expectations.,2025-10-26
REV-10138,C00494,P0078,ORD-112048,5,Very satisfied.,2025-11-07
REV-10139,C05259,P0045,ORD-145373,5,Worth every penny.,2026-01-04
REV-10140,C00735,P0021,ORD-114266,5,Five stars!,2026-01-22
REV-10141,C05912,P0057,ORD-138275,3,Average.,2024-12-22
REV-10142,C00497,P0020,ORD-105450,5,Exactly as described.,2024-06-18
REV-10143,C01701,P0036,ORD-122533,5,Five stars!,2025-07-28
REV-10144,C08260,P0021,ORD-123485,4,Love this.,2025-11-07
REV-10145,C08023,P0013,ORD-142612,5,Fantastic quality.,2024-12-04
REV-10146,C00130,P0070,ORD-106856,5,Fantastic quality.,2025-05-20
REV-10147,C03479,P0038,ORD-124738,4,Great product!,2026-01-23
REV-10148,C00603,P0085,ORD-110994,5,Fantastic quality.,2024-12-04
REV-10149,C00908,P0013,ORD-118371,2,Poor quality.,2024-10-19
REV-10150,C08029,P0013,ORD-130052,5,Fantastic quality.,2025-05-27
REV-10151,C00691,P0014,ORD-111864,4,Very satisfied.,2024-11-20
REV-10152,C01752,P0058,ORD-138425,5,Love this.,2024-10-25
REV-10153,C03190,P0085,ORD-124698,5,Worth every penny.,2026-01-19
REV-10154,C04321,P0090,ORD-121629,4,Very satisfied.,2024-07-25
REV-10155,C00833,P0044,ORD-102495,4,Exceeded expectations.,2025-08-12
REV-10156,C03482,P0017,ORD-144032,4,Five stars!,2024-02-13
REV-10157,C00447,P0075,ORD-104180,2,Regret this purchase.,2024-11-17
REV-10158,C09112,P0064,ORD-141259,3,Fairly priced.,2024-11-23
REV-10159,C00862,P0085,ORD-116864,2,Waste of money.,2025-07-12
REV-10160,C00645,P0020,ORD-118933,3,Not bad.,2026-02-13
REV-10161,C04017,P0059,ORD-148734,2,Terrible.,2025-12-08
REV-10162,C00767,P0059,ORD-108646,4,Exceeded expectations.,2025-12-02
REV-10163,C04971,P0057,ORD-140694,5,Love this.,2024-12-24
REV-10164,C05730,P0073,ORD-136996,4,Worth every penny.,2025-11-29
REV-10165,C01489,P0078,ORD-149771,4,Five stars!,2024-12-17
REV-10166,C07410,P0045,ORD-135574,3,Average.,2024-12-09
REV-10167,C00978,P0078,ORD-118020,2,Disappointed.,2024-11-03
REV-10168,C09606,P0059,ORD-120698,5,Great product!,2025-04-28
REV-10169,C09468,P0055,ORD-144944,5,Great product!,2024-04-19
REV-10170,C00937,P0005,ORD-107058,5,Exactly as described.,2024-07-04
REV-10171,C00588,P0045,ORD-115351,5,Five stars!,2024-10-16
REV-10172,C00609,P0024,ORD-111316,5,Five stars!,2025-08-14
REV-10173,C03575,P0073,ORD-129625,5,Exactly as described.,2025-08-20
REV-10174,C03993,P0073,ORD-127468,5,Love this.,2025-02-07
REV-10175,C00059,P0093,ORD-104672,5,Five stars!,2025-05-06
REV-10176,C01064,P0021,ORD-130541,4,Exactly as described.,2024-05-21
REV-10177,C05810,P0045,ORD-146868,2,Not as described.,2025-06-12
REV-10178,C03831,P0078,ORD-128323,5,Worth every penny.,2024-11-04
REV-10179,C00651,P0013,ORD-103042,4,Very satisfied.,2024-09-26
REV-10180,C00545,P0020,ORD-116693,5,Five stars!,2024-06-26
REV-10181,C09670,P0013,ORD-144445,5,Love this.,2024-10-05
REV-10182,C00725,P0070,ORD-101474,4,Very satisfied.,2024-05-21
REV-10183,C00122,P0021,ORD-108963,4,Exceeded expectations.,2025-12-19
REV-10184,C06939,P0082,ORD-132407,5,Love this.,2024-05-01
REV-10185,C00576,P0058,ORD-112246,5,Love this.,2025-03-25
REV-10186,C05578,P0013,ORD-133685,4,Fantastic quality.,2024-08-11
REV-10187,C07308,P0014,ORD-147816,5,Very satisfied.,2025-08-02
REV-10188,C06360,P0017,ORD-132062,4,Exceeded expectations.,2024-11-21
REV-10189,C01711,P0077,ORD-145398,5,Exactly as described.,2024-10-09
REV-10190,C08555,P0020,ORD-138175,2,Not as described.,2025-09-28
REV-10191,C05784,P0064,ORD-143063,5,Great product!,2025-03-08
REV-10192,C07645,P0095,ORD-124446,4,Worth every penny.,2024-04-23
REV-10193,C00470,P0024,ORD-114137,2,Arrived damaged.,2024-03-29
REV-10194,C08143,P0070,ORD-130859,5,Fantastic quality.,2025-08-21
REV-10195,C00505,P0020,ORD-112673,3,Fairly priced.,2024-09-07
REV-10196,C09091,P0038,ORD-140207,5,Worth every penny.,2024-03-31
REV-10197,C00675,P0064,ORD-115661,5,Fantastic quality.,2025-11-24
REV-10198,C00816,P0057,ORD-111568,2,Regret this purchase.,2024-12-09
REV-10199,C00871,P0045,ORD-108326,4,Love this.,2026-01-30
REV-10200,C05788,P0045,ORD-135567,4,Great product!,2024-09-02
REV-10201,C00086,P0078,ORD-112339,3,It's okay.,2025-07-10
REV-10202,C09776,P0078,ORD-127476,4,Exactly as described.,2025-10-05
REV-10203,C06046,P0075,ORD-122305,5,Worth every penny.,2025-01-22
REV-10204,C00469,P0057,ORD-108259,5,Exceeded expectations.,2025-03-18
REV-10205,C00101,P0075,ORD-118660,5,Great product!,2025-12-03
REV-10206,C00812,P0059,ORD-103318,5,Five stars!,2024-12-09
REV-10207,C00227,P0059,ORD-109522,5,Fantastic quality.,2024-05-24
REV-10208,C01868,P0017,ORD-133675,5,Very satisfied.,2025-03-18
REV-10209,C00350,P0054,ORD-119176,5,Five stars!,2025-08-20
REV-10210,C02438,P0013,ORD-133039,4,Worth every penny.,2024-12-20
REV-10211,C04573,P0059,ORD-139650,4,Great product!,2025-12-18
REV-10212,C00125,P0090,ORD-103093,4,Great product!,2025-10-02
REV-10213,C00447,P0013,ORD-108080,5,Exceeded expectations.,2025-07-10
REV-10214,C00584,P0048,ORD-119090,5,Very satisfied.,2024-05-21
REV-10215,C00557,P0024,ORD-107386,4,Love this.,2024-05-13
REV-10216,C02997,P0013,ORD-142193,4,Exceeded expectations.,2024-11-29
REV-10217,C00089,P0013,ORD-109170,5,Exactly as described.,2025-04-10
REV-10218,C06995,P0008,ORD-122849,5,Fantastic quality.,2025-08-15
REV-10219,C00917,P0085,ORD-110079,3,Just average.,2024-02-29
REV-10220,C00104,P0059,ORD-108164,5,Great product!,2025-12-28
REV-10221,C00036,P0038,ORD-104130,2,Poor quality.,2025-01-21
REV-10222,C07104,P0020,ORD-122913,5,Fantastic quality.,2025-12-28
REV-10223,C07902,P0015,ORD-125462,4,Very satisfied.,2024-12-06
REV-10224,C06392,P0058,ORD-131479,5,Fantastic quality.,2026-01-23
REV-10225,C00970,P0078,ORD-109188,2,Waste of money.,2024-08-03
REV-10226,C00101,P0059,ORD-108478,5,Worth every penny.,2026-02-02
REV-10227,C07686,P0059,ORD-130497,4,Five stars!,2025-07-10
REV-10228,C08436,P0073,ORD-123984,3,Not bad.,2025-03-19
REV-10229,C07901,P0013,ORD-142804,5,Great product!,2025-03-31
REV-10230,C00395,P0059,ORD-118417,4,Five stars!,2024-04-07
REV-10231,C02653,P0093,ORD-145917,3,Decent quality.,2025-07-14
REV-10232,C02232,P0093,ORD-141531,5,Very satisfied.,2025-06-15
REV-10233,C00672,P0015,ORD-106599,5,Love this.,2025-06-06
REV-10234,C01618,P0017,ORD-138546,4,Fantastic quality.,2024-11-30
REV-10235,C01196,P0024,ORD-124734,5,Worth every penny.,2024-05-11
REV-10236,C02984,P0024,ORD-142575,3,Just average.,2024-09-12
REV-10237,C00544,P0070,ORD-111774,5,Worth every penny.,2024-09-05
REV-10238,C01135,P0059,ORD-123421,1,Poor quality.,2024-08-24
REV-10239,C00282,P0024,ORD-102855,3,Average.,2025-03-01
REV-10240,C05634,P0090,ORD-128874,4,Fantastic quality.,2024-08-20
REV-10241,C08597,P0080,ORD-140476,4,Fantastic quality.,2025-10-29
REV-10242,C05851,P0038,ORD-131551,1,Terrible.,2024-12-08
REV-10243,C07412,P0064,ORD-127173,4,Great product!,2025-09-19
REV-10244,C06950,P0085,ORD-144840,4,Exactly as described.,2025-09-06
REV-10245,C00217,P0024,ORD-104556,5,Exceeded expectations.,2024-07-30
REV-10246,C02857,P0090,ORD-137593,4,Exceeded expectations.,2025-11-23
REV-10247,C01647,P0070,ORD-131283,4,Great product!,2024-07-11
REV-10248,C02189,P0013,ORD-132820,3,Fairly priced.,2025-07-25
REV-10249,C00582,P0020,ORD-114637,4,Love this.,2025-08-23
REV-10250,C00149,P0064,ORD-111794,5,Love this.,2025-10-11
REV-10251,C00438,P0070,ORD-101717,1,Waste of money.,2024-12-10
REV-10252,C09303,P0064,ORD-134305,5,Exceeded expectations.,2025-09-03
REV-10253,C01598,P0058,ORD-123210,5,Exceeded expectations.,2025-06-28
REV-10254,C00682,P0038,ORD-116500,4,Five stars!,2025-11-28
REV-10255,C03552,P0075,ORD-134457,3,Average.,2025-04-30
REV-10256,C07892,P0014,ORD-128642,3,Decent quality.,2025-11-29
REV-10257,C00467,P0073,ORD-101899,5,Exceeded expectations.,2025-01-19
REV-10258,C00849,P0045,ORD-104945,4,Great product!,2024-07-01
REV-10259,C00547,P0013,ORD-111721,1,Not as described.,2024-04-19
REV-10260,C00220,P0084,ORD-111815,5,Great product!,2024-06-12
REV-10261,C09889,P0093,ORD-145877,5,Worth every penny.,2024-08-13
REV-10262,C00994,P0045,ORD-114819,5,Very satisfied.,2024-01-31
REV-10263,C04297,P0038,ORD-139156,4,Exceeded expectations.,2024-03-23
REV-10264,C00882,P0070,ORD-118872,5,Very satisfied.,2024-12-12
REV-10265,C00691,P0014,ORD-117738,5,Worth every penny.,2024-03-22
REV-10266,C04811,P0014,ORD-129144,4,Great product!,2024-09-16
REV-10267,C06537,P0021,ORD-126174,2,Poor quality.,2025-04-03
REV-10268,C05361,P0073,ORD-139510,4,Great product!,2025-08-22
REV-10269,C01318,P0090,ORD-129368,5,Very satisfied.,2025-05-04
REV-10270,C00780,P0024,ORD-115955,5,Five stars!,2026-01-13
REV-10271,C00559,P0013,ORD-109503,5,Exactly as described.,2024-09-04
REV-10272,C00975,P0085,ORD-110145,4,Very satisfied.,2024-12-07
REV-10273,C06970,P0045,ORD-132468,4,Great product!,2024-09-12
REV-10274,C02341,P0033,ORD-147784,5,Fantastic quality.,2024-10-01
REV-10275,C08803,P0014,ORD-121887,5,Exceeded expectations.,2025-11-03
REV-10276,C06723,P0026,ORD-135374,4,Worth every penny.,2025-10-11
REV-10277,C01418,P0059,ORD-132969,5,Fantastic quality.,2024-04-04
REV-10278,C00093,P0058,ORD-100922,5,Fantastic quality.,2025-07-22
REV-10279,C01194,P0059,ORD-127115,2,Not as described.,2025-01-20
REV-10280,C02771,P0024,ORD-122351,5,Exactly as described.,2025-07-06
REV-10281,C08360,P0024,ORD-126387,5,Worth every penny.,2025-06-04
REV-10282,C03957,P0073,ORD-146203,4,Worth every penny.,2024-11-22
REV-10283,C00529,P0059,ORD-117537,4,Great product!,2024-08-01
REV-10284,C05317,P0100,ORD-138836,5,Love this.,2024-09-20
REV-10285,C03384,P0085,ORD-124777,3,Fairly priced.,2025-02-19
REV-10286,C06881,P0093,ORD-133230,5,Exactly as described.,2024-10-04
REV-10287,C08844,P0059,ORD-148304,4,Five stars!,2025-09-02
REV-10288,C02001,P0090,ORD-121968,4,Exactly as described.,2024-12-04
REV-10289,C03711,P0062,ORD-126736,5,Great product!,2025-06-24
REV-10290,C05466,P0057,ORD-130668,5,Great product!,2025-11-03
REV-10291,C04324,P0093,ORD-124075,5,Love this.,2024-07-30
REV-10292,C00573,P0021,ORD-107281,5,Five stars!,2024-12-28
REV-10293,C06943,P0017,ORD-141847,4,Fantastic quality.,2024-03-30
REV-10294,C00522,P0085,ORD-114348,4,Love this.,2026-01-08
REV-10295,C00244,P0020,ORD-109264,5,Exactly as described.,2025-12-16
REV-10296,C06031,P0099,ORD-126708,3,Decent quality.,2025-10-10
REV-10297,C04860,P0021,ORD-123560,4,Very satisfied.,2024-06-14
REV-10298,C05546,P0073,ORD-125898,5,Exceeded expectations.,2024-03-22
REV-10299,C00085,P0013,ORD-114939,1,Arrived damaged.,2024-10-23
REV-10300,C09518,P0020,ORD-121732,4,Great product!,2025-06-18
REV-10301,C00606,P0078,ORD-104688,5,Very satisfied.,2024-12-15
REV-10302,C00230,P0073,ORD-115311,4,Fantastic quality.,2024-06-24
REV-10303,C09169,P0073,ORD-128704,5,Very satisfied.,2025-10-11
REV-10304,C00535,P0021,ORD-118080,4,Exactly as described.,2024-11-23
REV-10305,C09011,P0045,ORD-145632,5,Fantastic quality.,2025-12-08
REV-10306,C01850,P0017,ORD-146007,5,Five stars!,2025-12-21
REV-10307,C03541,P0017,ORD-147560,5,Love this.,2024-12-31
REV-10308,C06329,P0085,ORD-133226,5,Love this.,2026-01-25
REV-10309,C05550,P0059,ORD-134753,4,Five stars!,2025-12-03
REV-10310,C00407,P0075,ORD-108123,5,Very satisfied.,2025-04-21
REV-10311,C03693,P0024,ORD-130046,5,Love this.,2026-01-09
REV-10312,C08130,P0024,ORD-141173,3,Average.,2024-11-10
REV-10313,C01724,P0059,ORD-145972,5,Five stars!,2024-08-25
REV-10314,C03406,P0045,ORD-147730,3,Met expectations.,2024-09-27
REV-10315,C00177,P0090,ORD-111775,1,Arrived damaged.,2025-01-25
REV-10316,C04329,P0038,ORD-121195,5,Exactly as described.,2024-05-31
REV-10317,C00627,P0038,ORD-117901,1,Regret this purchase.,2024-10-28
REV-10318,C00327,P0098,ORD-107486,5,Love this.,2025-02-15
REV-10319,C00610,P0021,ORD-110871,4,Great product!,2024-02-15
REV-10320,C06598,P0045,ORD-146169,4,Exceeded expectations.,2024-08-03
REV-10321,C03965,P0077,ORD-130341,5,Fantastic quality.,2025-05-02
REV-10322,C07362,P0005,ORD-139325,5,Exactly as described.,2024-12-17
REV-10323,C06909,P0021,ORD-143047,3,Fairly priced.,2024-02-03
REV-10324,C03855,P0006,ORD-120387,4,Love this.,2025-08-21
REV-10325,C00516,P0018,ORD-107019,3,Met expectations.,2024-08-09
REV-10326,C06459,P0073,ORD-138226,3,Just average.,2025-08-10
REV-10327,C08204,P0058,ORD-127704,5,Fantastic quality.,2025-11-19
REV-10328,C08410,P0057,ORD-129071,5,Great product!,2024-09-20
REV-10329,C05604,P0021,ORD-123426,5,Great product!,2025-08-23
REV-10330,C00924,P0070,ORD-100815,5,Love this.,2025-12-22
REV-10331,C00216,P0033,ORD-102215,5,Exceeded expectations.,2025-08-29
REV-10332,C03332,P0013,ORD-125185,3,Just average.,2024-12-13
REV-10333,C04107,P0075,ORD-131112,5,Great product!,2025-10-23
REV-10334,C00485,P0013,ORD-117887,5,Very satisfied.,2024-07-20
REV-10335,C00921,P0064,ORD-107930,4,Great product!,2024-11-27
REV-10336,C00923,P0057,ORD-112973,5,Fantastic quality.,2025-04-12
REV-10337,C08701,P0014,ORD-126453,5,Exactly as described.,2025-04-25
REV-10338,C03906,P0017,ORD-141070,3,Not bad.,2026-02-14
REV-10339,C07818,P0052,ORD-139384,5,Worth every penny.,2024-10-14
REV-10340,C03614,P0059,ORD-137681,5,Worth every penny.,2024-09-14
REV-10341,C06818,P0085,ORD-135365,4,Great product!,2024-08-24
REV-10342,C00348,P0017,ORD-111260,5,Fantastic quality.,2025-01-25
REV-10343,C00656,P0033,ORD-109525,5,Five stars!,2024-09-05
REV-10344,C08382,P0059,ORD-132962,1,Poor quality.,2025-01-30
REV-10345,C02726,P0070,ORD-125014,4,Fantastic quality.,2025-02-13
REV-10346,C09311,P0045,ORD-120868,4,Fantastic quality.,2024-12-12
REV-10347,C00009,P0099,ORD-113284,5,Very satisfied.,2024-11-04
REV-10348,C00873,P0078,ORD-110071,3,Average.,2025-10-22
REV-10349,C00219,P0057,ORD-102113,5,Five stars!,2025-08-08
REV-10350,C06418,P0081,ORD-148493,5,Great product!,2024-05-08
REV-10351,C00959,P0020,ORD-118525,5,Exceeded expectations.,2025-08-23
REV-10352,C07089,P0059,ORD-146099,3,It's okay.,2024-06-29
REV-10353,C07737,P0021,ORD-126983,4,Exactly as described.,2024-08-05
REV-10354,C03335,P0090,ORD-120458,5,Fantastic quality.,2024-11-09
REV-10355,C00912,P0015,ORD-112574,2,Disappointed.,2025-01-04
REV-10356,C00194,P0020,ORD-117078,3,Fairly priced.,2025-12-02
REV-10357,C00055,P0013,ORD-117817,4,Love this.,2024-08-10
REV-10358,C00664,P0021,ORD-112373,4,Fantastic quality.,2024-02-13
REV-10359,C03936,P0075,ORD-148831,5,Exceeded expectations.,2024-02-27
REV-10360,C00777,P0070,ORD-114655,5,Great product!,2025-04-10
REV-10361,C00376,P0090,ORD-112161,2,Waste of money.,2024-02-11
REV-10362,C00090,P0014,ORD-109305,3,Not bad.,2024-07-27
REV-10363,C05157,P0090,ORD-135922,5,Fantastic quality.,2026-01-07
REV-10364,C02844,P0014,ORD-133827,5,Very satisfied.,2024-09-15
REV-10365,C01008,P0059,ORD-134700,5,Worth every penny.,2025-01-05
REV-10366,C05782,P0017,ORD-139373,5,Love this.,2024-12-04
REV-10367,C05516,P0014,ORD-147974,5,Very satisfied.,2025-06-14
REV-10368,C08500,P0059,ORD-131009,3,Not bad.,2025-08-20
REV-10369,C03354,P0064,ORD-141113,5,Very satisfied.,2025-07-12
REV-10370,C05511,P0073,ORD-142070,2,Terrible.,2025-10-27
REV-10371,C01576,P0013,ORD-123572,3,It's okay.,2024-11-27
REV-10372,C04611,P0038,ORD-135878,4,Fantastic quality.,2025-08-03
REV-10373,C00064,P0075,ORD-117051,3,Fairly priced.,2024-07-07
REV-10374,C02605,P0085,ORD-147337,5,Five stars!,2025-01-21
REV-10375,C01779,P0020,ORD-134901,5,Exceeded expectations.,2025-01-08
REV-10376,C00458,P0093,ORD-118590,5,Love this.,2025-06-29
REV-10377,C00728,P0013,ORD-110123,5,Exactly as described.,2025-11-23
REV-10378,C00786,P0073,ORD-116890,5,Worth every penny.,2024-04-16
REV-10379,C01894,P0084,ORD-142886,4,Very satisfied.,2025-07-12
REV-10380,C05590,P0045,ORD-147882,3,Just average.,2024-06-26
REV-10381,C00558,P0070,ORD-110435,5,Worth every penny.,2024-05-22
REV-10382,C00929,P0093,ORD-109948,5,Love this.,2025-12-31
REV-10383,C00516,P0081,ORD-108862,4,Great product!,2025-06-01
REV-10384,C01000,P0085,ORD-115501,4,Exceeded expectations.,2024-04-20
REV-10385,C00345,P0014,ORD-116655,4,Great product!,2024-12-02
REV-10386,C00060,P0059,ORD-104342,5,Five stars!,2024-10-13
REV-10387,C00878,P0064,ORD-111484,5,Worth every penny.,2025-02-09
REV-10388,C00467,P0056,ORD-111629,5,Worth every penny.,2025-08-22
REV-10389,C05989,P0059,ORD-130592,2,Regret this purchase.,2026-01-30
REV-10390,C04683,P0014,ORD-139254,5,Great product!,2024-07-14
REV-10391,C00623,P0021,ORD-110566,1,Waste of money.,2025-09-19
REV-10392,C00605,P0060,ORD-119517,4,Five stars!,2025-03-05
REV-10393,C06270,P0045,ORD-140203,5,Fantastic quality.,2024-08-29
REV-10394,C00230,P0013,ORD-114211,5,Love this.,2025-12-29
REV-10395,C00277,P0095,ORD-106861,5,Very satisfied.,2026-02-11
REV-10396,C00473,P0024,ORD-116454,5,Exactly as described.,2025-06-17
REV-10397,C01139,P0073,ORD-131646,4,Very satisfied.,2025-08-04
REV-10398,C06614,P0014,ORD-135654,4,Very satisfied.,2025-11-06
REV-10399,C01497,P0021,ORD-145525,5,Fantastic quality.,2025-11-25
REV-10400,C00243,P0057,ORD-115156,5,Exceeded expectations.,2025-06-17
REV-10401,C08151,P0013,ORD-148693,3,Met expectations.,2024-10-19
REV-10402,C00324,P0058,ORD-116341,5,Exactly as described.,2025-01-04
REV-10403,C00145,P0085,ORD-108950,5,Love this.,2025-02-20
REV-10404,C02970,P0090,ORD-127253,4,Five stars!,2024-07-07
REV-10405,C02927,P0009,ORD-148009,5,Great product!,2025-03-03
REV-10406,C00547,P0075,ORD-116390,1,Regret this purchase.,2024-07-02
REV-10407,C05006,P0044,ORD-123822,4,Fantastic quality.,2026-01-05
REV-10408,C04089,P0038,ORD-147003,4,Fantastic quality.,2024-12-14
REV-10409,C06870,P0085,ORD-141812,5,Five stars!,2025-10-19
REV-10410,C08589,P0047,ORD-123778,1,Waste of money.,2024-05-16
REV-10411,C01980,P0090,ORD-120684,2,Poor quality.,2025-02-12
REV-10412,C03854,P0059,ORD-140916,3,Met expectations.,2026-01-26
REV-10413,C02887,P0075,ORD-135083,5,Exactly as described.,2024-11-16
REV-10414,C08639,P0014,ORD-132022,5,Exactly as described.,2025-12-20
REV-10415,C07935,P0021,ORD-138065,5,Fantastic quality.,2024-10-11
REV-10416,C00798,P0038,ORD-111207,5,Exceeded expectations.,2026-02-22
REV-10417,C01111,P0024,ORD-142826,1,Arrived damaged.,2026-01-13
REV-10418,C08095,P0058,ORD-135146,5,Love this.,2024-03-20
REV-10419,C07701,P0062,ORD-149250,1,Not as described.,2025-01-19
REV-10420,C06356,P0073,ORD-121426,4,Exceeded expectations.,2025-06-06
REV-10421,C04909,P0021,ORD-123143,5,Great product!,2025-04-02
REV-10422,C00914,P0059,ORD-111057,4,Love this.,2026-02-19
REV-10423,C07127,P0013,ORD-134244,3,It's okay.,2025-01-19
REV-10424,C01100,P0090,ORD-127211,3,Decent quality.,2025-12-16
REV-10425,C00008,P0090,ORD-108695,5,Worth every penny.,2025-11-29
REV-10426,C01014,P0033,ORD-129266,5,Exceeded expectations.,2024-04-12
REV-10427,C04523,P0024,ORD-135183,4,Five stars!,2024-05-03
REV-10428,C03771,P0021,ORD-144278,1,Waste of money.,2025-06-25
REV-10429,C02412,P0098,ORD-125633,5,Exactly as described.,2025-10-28
REV-10430,C00583,P0044,ORD-115021,5,Exactly as described.,2025-12-02
REV-10431,C08712,P0024,ORD-131389,3,Just average.,2024-02-26
REV-10432,C00892,P0043,ORD-106920,5,Exactly as described.,2025-10-19
REV-10433,C09174,P0064,ORD-146766,5,Exactly as described.,2024-10-17
REV-10434,C00472,P0064,ORD-114350,5,Fantastic quality.,2025-11-15
REV-10435,C00748,P0064,ORD-105264,4,Great product!,2025-06-03
REV-10436,C00735,P0013,ORD-107623,4,Very satisfied.,2024-08-31
REV-10437,C04392,P0059,ORD-141911,4,Exactly as described.,2024-09-30
REV-10438,C07384,P0073,ORD-128712,5,Fantastic quality.,2025-12-03
REV-10439,C00346,P0021,ORD-104573,5,Five stars!,2025-09-03
REV-10440,C03371,P0058,ORD-127680,1,Terrible.,2026-01-22
REV-10441,C01773,P0058,ORD-149293,4,Worth every penny.,2025-11-19
REV-10442,C08854,P0038,ORD-128357,4,Exactly as described.,2024-12-19
REV-10443,C00544,P0059,ORD-105441,5,Fantastic quality.,2025-09-21
REV-10444,C00925,P0024,ORD-118667,4,Exceeded expectations.,2024-12-22
REV-10445,C00864,P0062,ORD-114092,4,Very satisfied.,2024-09-29
REV-10446,C04038,P0024,ORD-136465,3,Not bad.,2025-08-24
REV-10447,C00970,P0064,ORD-110945,4,Exceeded expectations.,2025-08-13
REV-10448,C02094,P0070,ORD-128059,5,Love this.,2025-12-13
REV-10449,C00647,P0070,ORD-100679,5,Worth every penny.,2024-03-13
REV-10450,C04574,P0064,ORD-146572,5,Great product!,2024-05-12
REV-10451,C02222,P0075,ORD-149567,4,Worth every penny.,2025-07-24
REV-10452,C00357,P0058,ORD-106618,3,Not bad.,2025-02-02
REV-10453,C01151,P0093,ORD-149287,4,Very satisfied.,2025-01-10
REV-10454,C05761,P0070,ORD-122492,4,Five stars!,2024-07-12
REV-10455,C00880,P0073,ORD-113356,5,Exceeded expectations.,2024-09-27
REV-10456,C01974,P0059,ORD-123912,4,Fantastic quality.,2025-08-31
REV-10457,C06652,P0075,ORD-146482,5,Great product!,2025-12-14
REV-10458,C02746,P0022,ORD-137270,2,Not as described.,2025-03-04
REV-10459,C05288,P0018,ORD-142453,5,Worth every penny.,2024-12-16
REV-10460,C05512,P0090,ORD-137467,5,Exceeded expectations.,2024-12-24
REV-10461,C00723,P0073,ORD-110976,2,Arrived damaged.,2024-11-08
REV-10462,C02490,P0014,ORD-131764,5,Exactly as described.,2025-08-08
REV-10463,C07263,P0066,ORD-127589,4,Exceeded expectations.,2024-10-31
REV-10464,C02452,P0045,ORD-144302,4,Fantastic quality.,2026-01-30
REV-10465,C00001,P0057,ORD-103270,5,Very satisfied.,2025-12-24
REV-10466,C00110,P0059,ORD-104551,4,Love this.,2024-09-14
REV-10467,C06641,P0073,ORD-134899,5,Very satisfied.,2025-11-14
REV-10468,C08266,P0057,ORD-133322,4,Exceeded expectations.,2025-08-28
REV-10469,C00611,P0064,ORD-110973,4,Fantastic quality.,2025-11-15
REV-10470,C00518,P0063,ORD-114346,5,Love this.,2024-10-31
REV-10471,C03183,P0059,ORD-123678,4,Fantastic quality.,2025-09-23
REV-10472,C00065,P0086,ORD-102379,4,Love this.,2025-06-15
REV-10473,C08148,P0021,ORD-137938,5,Love this.,2025-10-28
REV-10474,C06129,P0085,ORD-148582,4,Exceeded expectations.,2025-03-11
REV-10475,C00322,P0070,ORD-119178,5,Worth every penny.,2025-06-02
REV-10476,C05548,P0020,ORD-146012,4,Fantastic quality.,2025-09-30
REV-10477,C00024,P0024,ORD-110956,4,Exceeded expectations.,2025-01-18
REV-10478,C06553,P0092,ORD-122822,4,Worth every penny.,2025-12-09
REV-10479,C00061,P0020,ORD-111016,5,Fantastic quality.,2024-06-11
REV-10480,C00175,P0078,ORD-104338,5,Exactly as described.,2024-12-13
REV-10481,C04920,P0038,ORD-131717,5,Very satisfied.,2024-05-16
REV-10482,C06766,P0024,ORD-133272,4,Five stars!,2024-05-15
REV-10483,C02991,P0013,ORD-120552,4,Worth every penny.,2025-02-27
REV-10484,C09682,P0059,ORD-138712,4,Fantastic quality.,2024-06-08
REV-10485,C00072,P0045,ORD-117312,2,Arrived damaged.,2024-10-29
REV-10486,C06411,P0015,ORD-124855,5,Fantastic quality.,2024-10-15
REV-10487,C05833,P0020,ORD-129423,5,Very satisfied.,2024-09-07
REV-10488,C06089,P0045,ORD-124580,4,Exceeded expectations.,2026-01-08
REV-10489,C00571,P0045,ORD-102613,5,Five stars!,2025-08-06
REV-10490,C04825,P0017,ORD-130693,1,Waste of money.,2025-11-23
REV-10491,C00693,P0013,ORD-108431,5,Five stars!,2025-09-20
REV-10492,C06339,P0021,ORD-124670,4,Great product!,2025-11-03
REV-10493,C06153,P0024,ORD-131100,4,Great product!,2025-09-26
REV-10494,C03404,P0085,ORD-122250,5,Fantastic quality.,2025-01-21
REV-10495,C06155,P0064,ORD-145601,4,Very satisfied.,2024-12-22
REV-10496,C00684,P0078,ORD-101352,5,Love this.,2026-02-02
REV-10497,C06444,P0059,ORD-145221,4,Fantastic quality.,2024-09-02
REV-10498,C09962,P0064,ORD-149067,5,Love this.,2025-09-21
REV-10499,C00478,P0020,ORD-107408,5,Exceeded expectations.,2025-05-18
REV-10500,C04048,P0059,ORD-136735,4,Great product!,2025-03-11
REV-10501,C00134,P0038,ORD-100385,5,Great product!,2026-02-19
REV-10502,C05799,P0021,ORD-132381,5,Worth every penny.,2024-07-24
REV-10503,C00206,P0059,ORD-118169,5,Fantastic quality.,2025-09-22
REV-10504,C06558,P0013,ORD-148247,4,Worth every penny.,2025-11-16
REV-10505,C06965,P0038,ORD-120880,5,Exactly as described.,2025-09-05
REV-10506,C03562,P0070,ORD-130439,1,Arrived damaged.,2025-05-29
REV-10507,C00025,P0057,ORD-102156,5,Love this.,2024-11-22
REV-10508,C00980,P0057,ORD-107397,2,Waste of money.,2024-12-15
REV-10509,C01973,P0093,ORD-133805,4,Exactly as described.,2026-01-15
REV-10510,C02917,P0057,ORD-133646,5,Five stars!,2024-10-09
REV-10511,C09547,P0078,ORD-124098,4,Great product!,2026-01-11
REV-10512,C03884,P0093,ORD-148412,2,Disappointed.,2024-11-29
REV-10513,C00456,P0013,ORD-114667,5,Great product!,2025-09-05
REV-10514,C01620,P0045,ORD-124007,5,Worth every penny.,2024-08-14
REV-10515,C00457,P0075,ORD-105957,4,Exceeded expectations.,2024-03-30
REV-10516,C00611,P0073,ORD-106659,3,Just average.,2025-06-15
REV-10517,C08092,P0058,ORD-123296,4,Fantastic quality.,2025-12-11
REV-10518,C00823,P0066,ORD-101825,5,Fantastic quality.,2024-01-30
REV-10519,C07214,P0013,ORD-140905,5,Fantastic quality.,2025-01-11
REV-10520,C03814,P0057,ORD-123805,5,Exceeded expectations.,2026-01-06
REV-10521,C01223,P0085,ORD-138765,5,Five stars!,2024-09-26
REV-10522,C00354,P0090,ORD-108546,5,Five stars!,2025-10-08
REV-10523,C00287,P0090,ORD-119400,5,Fantastic quality.,2025-01-22
REV-10524,C00881,P0085,ORD-115956,4,Great product!,2025-09-26
REV-10525,C04454,P0045,ORD-146046,4,Love this.,2025-07-18
REV-10526,C00890,P0045,ORD-118059,4,Very satisfied.,2024-06-22
REV-10527,C04735,P0013,ORD-147718,5,Great product!,2025-12-31
REV-10528,C07435,P0045,ORD-126669,5,Very satisfied.,2025-01-19
REV-10529,C03607,P0064,ORD-147997,4,Very satisfied.,2024-07-27
REV-10530,C01497,P0056,ORD-120376,5,Five stars!,2024-10-08
REV-10531,C00430,P0070,ORD-115178,5,Worth every penny.,2025-01-12
REV-10532,C06748,P0059,ORD-122360,5,Great product!,2025-01-13
REV-10533,C06572,P0017,ORD-147082,5,Five stars!,2024-11-13
REV-10534,C00367,P0021,ORD-114441,4,Worth every penny.,2025-12-05
REV-10535,C00823,P0090,ORD-117934,4,Love this.,2025-11-26
REV-10536,C00831,P0021,ORD-100474,5,Very satisfied.,2024-08-17
REV-10537,C00375,P0014,ORD-111730,4,Five stars!,2024-07-16
REV-10538,C00298,P0021,ORD-104303,5,Very satisfied.,2024-08-17
REV-10539,C06766,P0045,ORD-146749,3,Decent quality.,2025-04-17
REV-10540,C04727,P0014,ORD-128666,5,Very satisfied.,2025-10-11
REV-10541,C00121,P0013,ORD-108321,5,Love this.,2024-12-25
REV-10542,C00039,P0062,ORD-103745,5,Love this.,2024-09-09
REV-10543,C02250,P0058,ORD-139360,5,Love this.,2024-07-01
REV-10544,C00112,P0024,ORD-112811,3,Average.,2025-07-08
REV-10545,C02340,P0073,ORD-132604,4,Great product!,2025-11-24
REV-10546,C03414,P0073,ORD-124243,5,Exceeded expectations.,2025-10-31
REV-10547,C00287,P0093,ORD-114188,4,Very satisfied.,2025-01-02
REV-10548,C00851,P0067,ORD-115228,4,Fantastic quality.,2025-06-05
REV-10549,C07508,P0059,ORD-134432,5,Fantastic quality.,2024-11-30
REV-10550,C07057,P0021,ORD-144679,4,Fantastic quality.,2024-06-07
REV-10551,C07255,P0015,ORD-142976,4,Worth every penny.,2025-11-06
REV-10552,C05145,P0073,ORD-149365,4,Very satisfied.,2024-09-02
REV-10553,C05972,P0070,ORD-120081,4,Love this.,2024-07-31
REV-10554,C00417,P0058,ORD-110470,4,Exactly as described.,2024-08-12
REV-10555,C00813,P0079,ORD-119020,2,Regret this purchase.,2025-11-15
REV-10556,C00708,P0013,ORD-115144,5,Exceeded expectations.,2024-09-14
REV-10557,C00991,P0038,ORD-112306,5,Great product!,2024-05-28
REV-10558,C07534,P0013,ORD-126519,5,Exactly as described.,2025-04-29
REV-10559,C04841,P0017,ORD-127092,4,Five stars!,2025-06-15
REV-10560,C07342,P0070,ORD-143981,5,Fantastic quality.,2024-12-11
REV-10561,C01809,P0073,ORD-146522,5,Exactly as described.,2025-08-25
REV-10562,C07108,P0073,ORD-120799,5,Very satisfied.,2025-01-09
REV-10563,C05986,P0015,ORD-137403,4,Worth every penny.,2024-02-12
REV-10564,C09315,P0091,ORD-147056,4,Exactly as described.,2025-11-09
REV-10565,C04710,P0038,ORD-125915,5,Exactly as described.,2025-02-12
REV-10566,C08931,P0059,ORD-124239,5,Very satisfied.,2025-01-25
REV-10567,C01658,P0038,ORD-139148,5,Fantastic quality.,2025-08-27
REV-10568,C02833,P0017,ORD-144271,4,Very satisfied.,2025-08-05
REV-10569,C00073,P0015,ORD-114425,4,Very satisfied.,2025-06-01
REV-10570,C00401,P0057,ORD-116617,3,Fairly priced.,2024-05-08
REV-10571,C00960,P0057,ORD-114056,5,Exactly as described.,2025-03-10
REV-10572,C02102,P0013,ORD-143456,1,Terrible.,2024-08-28
REV-10573,C01514,P0052,ORD-135476,5,Love this.,2024-07-27
REV-10574,C00519,P0059,ORD-116392,2,Arrived damaged.,2024-12-31
REV-10575,C01815,P0020,ORD-139483,4,Very satisfied.,2024-04-01
REV-10576,C02991,P0093,ORD-145672,5,Exactly as described.,2025-08-05
REV-10577,C03211,P0038,ORD-146003,4,Very satisfied.,2025-05-20
REV-10578,C04048,P0014,ORD-130340,5,Exceeded expectations.,2025-06-11
REV-10579,C00124,P0057,ORD-115043,2,Regret this purchase.,2025-11-25
REV-10580,C03056,P0059,ORD-124486,4,Fantastic quality.,2024-12-27
REV-10581,C01150,P0059,ORD-126347,5,Fantastic quality.,2025-11-24
REV-10582,C09957,P0064,ORD-126729,5,Great product!,2024-12-03
REV-10583,C03064,P0065,ORD-137283,4,Worth every penny.,2024-11-10
REV-10584,C00561,P0075,ORD-103720,5,Great product!,2025-05-16
REV-10585,C09873,P0038,ORD-144801,4,Exceeded expectations.,2024-03-23
REV-10586,C00396,P0058,ORD-103717,5,Exceeded expectations.,2024-10-12
REV-10587,C04277,P0014,ORD-132774,4,Five stars!,2025-01-15
REV-10588,C09554,P0078,ORD-148558,4,Exactly as described.,2025-02-26
REV-10589,C00633,P0038,ORD-111884,1,Waste of money.,2024-08-05
REV-10590,C00578,P0014,ORD-115195,4,Fantastic quality.,2025-11-30
REV-10591,C00478,P0057,ORD-118288,5,Worth every penny.,2024-10-28
REV-10592,C02490,P0013,ORD-138414,5,Worth every penny.,2024-06-27
REV-10593,C04356,P0057,ORD-141620,5,Very satisfied.,2024-06-02
REV-10594,C03485,P0033,ORD-137789,4,Fantastic quality.,2024-12-12
REV-10595,C04495,P0015,ORD-148220,4,Exceeded expectations.,2024-12-06
REV-10596,C03675,P0095,ORD-120479,4,Five stars!,2025-09-04
REV-10597,C02537,P0017,ORD-124144,5,Very satisfied.,2025-05-07
REV-10598,C00078,P0015,ORD-105073,5,Worth every penny.,2025-12-11
REV-10599,C00713,P0059,ORD-114183,3,Not bad.,2024-10-22
REV-10600,C00135,P0021,ORD-111106,5,Very satisfied.,2025-02-26
REV-10601,C06262,P0027,ORD-121470,4,Very satisfied.,2024-01-21
REV-10602,C08691,P0073,ORD-131326,1,Not as described.,2025-07-09
REV-10603,C00625,P0020,ORD-103675,4,Very satisfied.,2025-06-23
REV-10604,C00398,P0038,ORD-115948,4,Very satisfied.,2024-02-12
REV-10605,C07384,P0057,ORD-133840,4,Love this.,2024-08-05
REV-10606,C03775,P0070,ORD-128753,5,Worth every penny.,2024-05-08
REV-10607,C08062,P0064,ORD-147133,5,Fantastic quality.,2024-12-05
REV-10608,C00939,P0093,ORD-101466,4,Exactly as described.,2026-01-20
REV-10609,C09157,P0045,ORD-148203,4,Great product!,2025-01-15
REV-10610,C00616,P0064,ORD-114565,4,Five stars!,2024-12-17
REV-10611,C06766,P0062,ORD-135975,5,Very satisfied.,2026-01-05
REV-10612,C00224,P0073,ORD-119054,5,Worth every penny.,2024-10-26
REV-10613,C01337,P0073,ORD-148980,5,Exactly as described.,2025-12-05
REV-10614,C01931,P0070,ORD-132548,2,Disappointed.,2025-02-23
REV-10615,C09095,P0075,ORD-121205,4,Worth every penny.,2025-07-07
REV-10616,C03645,P0058,ORD-121651,5,Exceeded expectations.,2024-06-29
REV-10617,C09120,P0090,ORD-129733,5,Worth every penny.,2025-01-27
REV-10618,C01959,P0038,ORD-131163,4,Worth every penny.,2024-12-23
REV-10619,C01808,P0017,ORD-144309,4,Fantastic quality.,2025-08-22
REV-10620,C02215,P0013,ORD-127635,4,Fantastic quality.,2025-07-18
REV-10621,C08530,P0017,ORD-146945,5,Very satisfied.,2025-03-29
REV-10622,C01662,P0017,ORD-146524,1,Regret this purchase.,2024-05-04
REV-10623,C02389,P0021,ORD-144987,4,Exactly as described.,2025-08-27
REV-10624,C02008,P0078,ORD-146004,5,Fantastic quality.,2025-12-03
REV-10625,C07069,P0059,ORD-121136,5,Exactly as described.,2025-01-10
REV-10626,C00366,P0073,ORD-119208,3,Fairly priced.,2025-10-09
REV-10627,C00880,P0020,ORD-104388,5,Fantastic quality.,2024-06-08
REV-10628,C08021,P0057,ORD-135429,3,Average.,2025-11-15
REV-10629,C00330,P0020,ORD-119050,4,Fantastic quality.,2026-01-07
REV-10630,C03015,P0070,ORD-126324,3,Not bad.,2025-12-13
REV-10631,C00857,P0021,ORD-117484,5,Exceeded expectations.,2025-11-16
REV-10632,C00229,P0093,ORD-117263,4,Five stars!,2025-02-02
REV-10633,C04152,P0020,ORD-134649,5,Love this.,2025-08-14
REV-10634,C08137,P0070,ORD-130419,1,Disappointed.,2024-06-17
REV-10635,C05903,P0021,ORD-131442,4,Great product!,2024-08-29
REV-10636,C06907,P0057,ORD-120003,1,Not as described.,2026-01-05
REV-10637,C01042,P0045,ORD-142746,3,Not bad.,2025-08-22
REV-10638,C02031,P0064,ORD-146741,5,Five stars!,2025-12-06
REV-10639,C00365,P0075,ORD-112369,3,Just average.,2025-04-26
REV-10640,C03692,P0064,ORD-131849,5,Very satisfied.,2025-02-03
REV-10641,C09079,P0074,ORD-121252,5,Fantastic quality.,2025-06-18
REV-10642,C00737,P0045,ORD-112402,5,Love this.,2024-06-26
REV-10643,C04778,P0057,ORD-136438,3,Just average.,2024-10-30
REV-10644,C00779,P0070,ORD-106903,3,Decent quality.,2024-11-10
REV-10645,C05732,P0045,ORD-130874,5,Exactly as described.,2024-10-14
REV-10646,C03148,P0090,ORD-145505,3,Decent quality.,2024-08-27
REV-10647,C00162,P0045,ORD-102653,2,Not as described.,2025-10-01
REV-10648,C02174,P0013,ORD-134359,4,Fantastic quality.,2024-12-11
REV-10649,C00001,P0057,ORD-112329,4,Great product!,2024-05-19
REV-10650,C00989,P0024,ORD-111421,4,Exactly as described.,2024-07-10
REV-10651,C06225,P0013,ORD-136666,5,Great product!,2025-08-15
REV-10652,C04094,P0038,ORD-145492,5,Love this.,2025-06-04
REV-10653,C00332,P0021,ORD-115116,5,Exceeded expectations.,2024-12-09
REV-10654,C04862,P0038,ORD-122943,5,Love this.,2026-01-08
REV-10655,C00769,P0085,ORD-108342,4,Worth every penny.,2025-12-30
REV-10656,C00596,P0025,ORD-101075,5,Fantastic quality.,2025-08-25
REV-10657,C00987,P0015,ORD-102591,4,Great product!,2025-01-04
REV-10658,C07158,P0073,ORD-140582,4,Great product!,2025-08-21
REV-10659,C03229,P0017,ORD-125829,4,Five stars!,2025-08-26
REV-10660,C05629,P0069,ORD-128396,5,Love this.,2025-09-16
REV-10661,C07856,P0050,ORD-138942,5,Worth every penny.,2024-09-23
REV-10662,C03928,P0064,ORD-139393,3,Average.,2024-09-16
REV-10663,C09571,P0013,ORD-128933,2,Regret this purchase.,2024-11-18
REV-10664,C05138,P0070,ORD-133660,4,Fantastic quality.,2025-05-17
REV-10665,C00187,P0059,ORD-112031,4,Worth every penny.,2025-07-18
REV-10666,C02354,P0045,ORD-127710,5,Five stars!,2024-03-18
REV-10667,C09557,P0045,ORD-133588,5,Love this.,2024-12-10
REV-10668,C09456,P0073,ORD-129963,4,Exactly as described.,2025-01-25
REV-10669,C06604,P0013,ORD-128225,4,Fantastic quality.,2025-03-29
REV-10670,C00076,P0017,ORD-112569,5,Exceeded expectations.,2025-05-20
REV-10671,C07795,P0045,ORD-120530,3,Average.,2026-01-06
REV-10672,C00611,P0013,ORD-118555,5,Five stars!,2025-09-17
REV-10673,C00644,P0093,ORD-114935,4,Exactly as described.,2025-04-29
REV-10674,C00995,P0085,ORD-114189,5,Fantastic quality.,2025-01-10
REV-10675,C00937,P0013,ORD-110233,5,Five stars!,2026-01-18
REV-10676,C00969,P0013,ORD-106460,5,Worth every penny.,2025-06-11
REV-10677,C08240,P0024,ORD-128030,4,Great product!,2024-12-21
REV-10678,C09230,P0024,ORD-147001,5,Very satisfied.,2026-02-13
REV-10679,C00458,P0024,ORD-118476,5,Exceeded expectations.,2024-04-27
REV-10680,C03619,P0058,ORD-142955,3,Not bad.,2025-05-15
REV-10681,C03629,P0085,ORD-143466,5,Love this.,2025-11-09
REV-10682,C05502,P0064,ORD-143626,5,Worth every penny.,2025-12-01
REV-10683,C00202,P0059,ORD-105282,5,Exactly as described.,2024-12-04
REV-10684,C00098,P0057,ORD-116636,4,Exceeded expectations.,2025-05-15
REV-10685,C04450,P0070,ORD-122857,5,Worth every penny.,2024-11-02
REV-10686,C03392,P0090,ORD-138881,5,Worth every penny.,2025-10-26
REV-10687,C09134,P0093,ORD-134953,2,Poor quality.,2025-12-19
REV-10688,C06598,P0082,ORD-124345,5,Very satisfied.,2024-06-04
REV-10689,C00548,P0075,ORD-114789,1,Arrived damaged.,2025-11-26
REV-10690,C05322,P0024,ORD-130475,5,Exceeded expectations.,2025-09-10
REV-10691,C08221,P0038,ORD-134409,4,Very satisfied.,2025-12-10
REV-10692,C00233,P0058,ORD-109762,4,Worth every penny.,2024-12-17
REV-10693,C02900,P0085,ORD-141465,5,Great product!,2024-10-26
REV-10694,C00103,P0033,ORD-101561,4,Great product!,2026-01-07
REV-10695,C02911,P0064,ORD-123039,5,Fantastic quality.,2024-11-24
REV-10696,C06042,P0015,ORD-123942,5,Fantastic quality.,2024-06-09
REV-10697,C03943,P0073,ORD-122196,5,Exactly as described.,2025-12-23
REV-10698,C04523,P0024,ORD-126824,4,Love this.,2025-09-20
REV-10699,C04939,P0014,ORD-136929,1,Not as described.,2025-11-12
REV-10700,C06526,P0075,ORD-133310,4,Very satisfied.,2026-02-18
REV-10701,C06271,P0075,ORD-134903,4,Five stars!,2024-12-10
REV-10702,C07733,P0075,ORD-133498,4,Exceeded expectations.,2024-06-24
REV-10703,C00429,P0070,ORD-111021,4,Exceeded expectations.,2024-07-05
REV-10704,C08488,P0073,ORD-142047,5,Exactly as described.,2024-02-20
REV-10705,C02301,P0085,ORD-138517,4,Five stars!,2025-01-13
REV-10706,C00303,P0015,ORD-104702,4,Love this.,2025-06-25
REV-10707,C08247,P0057,ORD-132456,5,Worth every penny.,2024-10-01
REV-10708,C09923,P0075,ORD-121776,5,Exactly as described.,2024-10-05
REV-10709,C08806,P0070,ORD-138622,3,Not bad.,2025-03-19
REV-10710,C06299,P0038,ORD-124630,5,Exactly as described.,2024-12-08
REV-10711,C07421,P0078,ORD-148623,5,Exactly as described.,2025-03-07
REV-10712,C02250,P0090,ORD-121223,2,Not as described.,2024-09-12
REV-10713,C02132,P0058,ORD-131043,4,Exactly as described.,2024-07-16
REV-10714,C00598,P0017,ORD-117538,5,Worth every penny.,2026-02-13
REV-10715,C05939,P0091,ORD-125367,4,Love this.,2025-04-25
REV-10716,C04337,P0038,ORD-140400,5,Very satisfied.,2024-09-23
REV-10717,C00536,P0064,ORD-104925,5,Exceeded expectations.,2024-07-16
REV-10718,C07623,P0021,ORD-121288,3,Met expectations.,2026-01-16
REV-10719,C00112,P0021,ORD-114675,4,Fantastic quality.,2024-12-01
REV-10720,C00230,P0059,ORD-117478,4,Love this.,2024-08-18
REV-10721,C00877,P0078,ORD-101264,4,Exceeded expectations.,2024-12-15
REV-10722,C07782,P0017,ORD-120806,5,Worth every penny.,2024-06-22
REV-10723,C02566,P0005,ORD-147795,5,Great product!,2024-06-20
REV-10724,C01390,P0020,ORD-145816,1,Disappointed.,2025-06-18
REV-10725,C08481,P0057,ORD-121314,4,Fantastic quality.,2024-11-19
REV-10726,C01155,P0024,ORD-126836,4,Fantastic quality.,2024-04-30
REV-10727,C01086,P0078,ORD-143804,5,Fantastic quality.,2025-06-03
REV-10728,C05644,P0021,ORD-137206,5,Exactly as described.,2024-12-27
REV-10729,C03294,P0070,ORD-121233,5,Exactly as described.,2025-01-30
REV-10730,C00103,P0038,ORD-110174,4,Exactly as described.,2025-02-01
REV-10731,C00651,P0013,ORD-100194,5,Exactly as described.,2025-07-08
REV-10732,C08176,P0078,ORD-129893,1,Disappointed.,2025-08-21
REV-10733,C00534,P0059,ORD-103573,5,Five stars!,2025-07-29
REV-10734,C00078,P0015,ORD-119755,3,Just average.,2024-04-21
REV-10735,C00771,P0013,ORD-112004,4,Five stars!,2024-09-17
REV-10736,C00509,P0015,ORD-107501,4,Great product!,2024-05-01
REV-10737,C00439,P0053,ORD-117576,3,Just average.,2025-08-06
REV-10738,C04183,P0059,ORD-132485,4,Exceeded expectations.,2025-01-09
REV-10739,C00226,P0075,ORD-101531,5,Exactly as described.,2025-12-26
REV-10740,C01809,P0073,ORD-128910,5,Love this.,2024-12-18
REV-10741,C07682,P0059,ORD-120483,4,Love this.,2026-01-22
REV-10742,C00885,P0013,ORD-116893,5,Very satisfied.,2024-06-04
REV-10743,C00235,P0014,ORD-103695,5,Worth every penny.,2024-12-30
REV-10744,C05744,P0075,ORD-126499,5,Great product!,2025-02-24
REV-10745,C00392,P0038,ORD-118434,5,Exceeded expectations.,2024-07-15
REV-10746,C00230,P0013,ORD-104993,4,Great product!,2025-01-29
REV-10747,C02369,P0045,ORD-128087,5,Worth every penny.,2025-12-30
REV-10748,C07898,P0014,ORD-123731,3,Just average.,2024-10-24
REV-10749,C07647,P0078,ORD-124719,4,Fantastic quality.,2024-08-14
REV-10750,C05329,P0024,ORD-129270,4,Great product!,2026-01-19
REV-10751,C00041,P0064,ORD-112343,5,Worth every penny.,2025-12-31
REV-10752,C00857,P0057,ORD-107478,5,Exactly as described.,2025-11-01
REV-10753,C04707,P0075,ORD-144740,5,Great product!,2025-12-13
REV-10754,C00352,P0021,ORD-101496,5,Worth every penny.,2024-04-25
REV-10755,C09035,P0003,ORD-137519,5,Exceeded expectations.,2025-10-23
REV-10756,C08995,P0057,ORD-137134,3,Met expectations.,2025-03-29
REV-10757,C00428,P0038,ORD-110280,3,Met expectations.,2024-05-06
REV-10758,C08902,P0085,ORD-128262,5,Very satisfied.,2025-03-29
REV-10759,C00419,P0017,ORD-103922,5,Great product!,2025-10-08
REV-10760,C00141,P0013,ORD-118983,5,Five stars!,2025-11-02
REV-10761,C08520,P0078,ORD-134950,4,Fantastic quality.,2026-01-02
REV-10762,C04366,P0073,ORD-124722,5,Exactly as described.,2025-11-15
REV-10763,C08683,P0045,ORD-124923,4,Exactly as described.,2024-11-15
REV-10764,C08054,P0085,ORD-147876,5,Great product!,2024-11-19
REV-10765,C02938,P0085,ORD-120792,5,Love this.,2024-09-02
REV-10766,C06207,P0085,ORD-123924,5,Five stars!,2025-08-26
REV-10767,C00057,P0090,ORD-101558,5,Five stars!,2026-01-22
REV-10768,C05456,P0061,ORD-136105,3,Just average.,2025-10-20
REV-10769,C02808,P0021,ORD-146451,3,Decent quality.,2025-10-29
REV-10770,C08343,P0013,ORD-126268,5,Exceeded expectations.,2024-09-21
REV-10771,C03650,P0064,ORD-121440,5,Exceeded expectations.,2026-01-16
REV-10772,C04289,P0015,ORD-136865,4,Worth every penny.,2025-12-27
REV-10773,C00754,P0022,ORD-107487,4,Exactly as described.,2024-02-19
REV-10774,C01042,P0021,ORD-147422,5,Five stars!,2025-07-06
REV-10775,C00546,P0024,ORD-104936,3,Met expectations.,2025-02-07
REV-10776,C04662,P0059,ORD-134078,5,Fantastic quality.,2025-03-07
REV-10777,C00854,P0081,ORD-116437,5,Love this.,2025-05-28
REV-10778,C00521,P0085,ORD-109706,4,Exactly as described.,2025-10-16
REV-10779,C01126,P0013,ORD-134046,5,Five stars!,2025-10-20
REV-10780,C00436,P0059,ORD-119027,5,Worth every penny.,2026-01-12
REV-10781,C00056,P0013,ORD-110732,3,Not bad.,2024-08-16
REV-10782,C01725,P0059,ORD-127270,5,Fantastic quality.,2024-05-15
REV-10783,C04107,P0059,ORD-125291,1,Waste of money.,2025-02-27
REV-10784,C01618,P0057,ORD-144153,4,Exactly as described.,2025-10-07
REV-10785,C00593,P0045,ORD-117564,4,Exactly as described.,2026-01-18
REV-10786,C05379,P0085,ORD-143980,5,Worth every penny.,2025-10-28
REV-10787,C08018,P0015,ORD-138726,1,Regret this purchase.,2025-08-18
REV-10788,C01440,P0078,ORD-130596,5,Great product!,2025-03-10
REV-10789,C01086,P0015,ORD-141408,4,Fantastic quality.,2024-12-23
REV-10790,C05878,P0078,ORD-136665,5,Five stars!,2025-08-24
REV-10791,C01608,P0090,ORD-142570,5,Worth every penny.,2025-12-30
REV-10792,C00371,P0064,ORD-103020,3,Met expectations.,2025-06-08
REV-10793,C02514,P0059,ORD-128009,3,It's okay.,2026-01-07
REV-10794,C03076,P0073,ORD-138332,1,Waste of money.,2025-07-18
REV-10795,C07091,P0078,ORD-128713,4,Exactly as described.,2024-10-05
REV-10796,C02201,P0024,ORD-142011,3,Fairly priced.,2025-06-13
REV-10797,C00206,P0064,ORD-117096,5,Exceeded expectations.,2025-11-28
REV-10798,C03871,P0014,ORD-138487,5,Exceeded expectations.,2025-06-05
REV-10799,C08612,P0038,ORD-149986,5,Exceeded expectations.,2025-09-28
REV-10800,C07261,P0058,ORD-148492,1,Not as described.,2025-07-07
REV-10801,C04610,P0057,ORD-133296,4,Great product!,2025-11-27
REV-10802,C07828,P0073,ORD-126665,5,Exceeded expectations.,2026-02-13
REV-10803,C00136,P0078,ORD-103937,5,Exceeded expectations.,2025-11-19
REV-10804,C05732,P0073,ORD-127357,5,Exceeded expectations.,2025-05-26
REV-10805,C05898,P0070,ORD-135547,5,Five stars!,2025-06-19
REV-10806,C00442,P0059,ORD-114193,4,Great product!,2024-11-25
REV-10807,C04511,P0021,ORD-126780,5,Very satisfied.,2025-01-17
REV-10808,C00625,P0013,ORD-109878,2,Not as described.,2024-07-01
REV-10809,C06536,P0085,ORD-139011,5,Exceeded expectations.,2025-02-17
REV-10810,C00364,P0057,ORD-104399,5,Great product!,2024-12-13
REV-10811,C00536,P0013,ORD-119506,2,Waste of money.,2024-03-04
REV-10812,C00687,P0024,ORD-104339,4,Exactly as described.,2025-10-16
REV-10813,C07631,P0038,ORD-148074,4,Love this.,2024-07-22
REV-10814,C05312,P0024,ORD-125142,3,Not bad.,2024-09-28
REV-10815,C00839,P0021,ORD-102285,5,Five stars!,2025-11-04
REV-10816,C08466,P0013,ORD-134798,4,Love this.,2025-08-22
REV-10817,C00030,P0045,ORD-108843,5,Fantastic quality.,2025-12-31
REV-10818,C00476,P0059,ORD-119199,5,Exceeded expectations.,2024-12-03
REV-10819,C00258,P0058,ORD-108987,5,Exceeded expectations.,2025-06-29
REV-10820,C07290,P0013,ORD-132431,5,Exceeded expectations.,2025-04-29
REV-10821,C00916,P0057,ORD-115789,5,Very satisfied.,2024-06-02
REV-10822,C00493,P0075,ORD-101431,4,Worth every penny.,2024-03-20
REV-10823,C00502,P0059,ORD-105473,5,Fantastic quality.,2025-05-07
REV-10824,C00665,P0078,ORD-103821,5,Great product!,2024-12-12
REV-10825,C08417,P0013,ORD-144385,5,Love this.,2024-05-04
REV-10826,C00143,P0021,ORD-105572,4,Fantastic quality.,2024-06-07
REV-10827,C00419,P0085,ORD-107594,4,Great product!,2024-06-06
REV-10828,C09250,P0059,ORD-147551,5,Exactly as described.,2024-07-18
REV-10829,C00739,P0073,ORD-118498,5,Exactly as described.,2024-10-11
REV-10830,C07448,P0057,ORD-148862,4,Great product!,2024-12-04
REV-10831,C01676,P0073,ORD-129896,5,Exactly as described.,2025-01-08
REV-10832,C01686,P0025,ORD-143052,5,Exceeded expectations.,2025-07-07
REV-10833,C03417,P0033,ORD-144354,5,Love this.,2024-02-24
REV-10834,C03535,P0064,ORD-138102,5,Worth every penny.,2024-12-16
REV-10835,C00308,P0073,ORD-108028,4,Love this.,2024-04-29
REV-10836,C00470,P0075,ORD-111040,5,Exceeded expectations.,2025-09-26
REV-10837,C04415,P0058,ORD-132719,5,Love this.,2026-01-22
REV-10838,C00564,P0059,ORD-102573,5,Worth every penny.,2026-01-15
REV-10839,C05880,P0073,ORD-136277,4,Five stars!,2024-05-22
REV-10840,C08686,P0038,ORD-146079,5,Very satisfied.,2025-12-18
REV-10841,C00504,P0013,ORD-112406,3,It's okay.,2024-11-11
REV-10842,C06682,P0021,ORD-129405,5,Exactly as described.,2024-12-21
REV-10843,C00727,P0085,ORD-110938,5,Exceeded expectations.,2024-07-08
REV-10844,C00663,P0064,ORD-112158,5,Five stars!,2024-11-28
REV-10845,C00696,P0093,ORD-108908,5,Worth every penny.,2025-06-04
REV-10846,C00987,P0013,ORD-112430,5,Worth every penny.,2025-10-22
REV-10847,C05361,P0021,ORD-143464,5,Love this.,2025-02-20
REV-10848,C02468,P0013,ORD-123342,5,Exceeded expectations.,2025-08-31
REV-10849,C00252,P0058,ORD-106491,2,Arrived damaged.,2024-05-08
REV-10850,C02790,P0015,ORD-148635,5,Exceeded expectations.,2025-11-23
REV-10851,C07935,P0059,ORD-125688,5,Fantastic quality.,2024-09-02
REV-10852,C02531,P0045,ORD-140930,5,Worth every penny.,2024-05-17
REV-10853,C00509,P0070,ORD-112236,4,Five stars!,2024-04-12
REV-10854,C00504,P0024,ORD-105341,4,Exceeded expectations.,2024-11-27
REV-10855,C08840,P0033,ORD-141317,5,Love this.,2025-05-11
REV-10856,C09190,P0013,ORD-141744,5,Five stars!,2024-08-16
REV-10857,C03512,P0059,ORD-123803,2,Waste of money.,2024-12-15
REV-10858,C02861,P0085,ORD-129162,4,Great product!,2024-06-16
REV-10859,C00645,P0038,ORD-107016,4,Fantastic quality.,2026-01-10
REV-10860,C08996,P0038,ORD-132565,5,Exceeded expectations.,2024-08-12
REV-10861,C04154,P0038,ORD-141165,4,Worth every penny.,2024-11-03
REV-10862,C06854,P0057,ORD-139755,4,Five stars!,2024-06-12
REV-10863,C08669,P0048,ORD-136908,4,Five stars!,2025-04-01
REV-10864,C08761,P0073,ORD-145261,5,Great product!,2024-10-18
REV-10865,C03423,P0093,ORD-138509,5,Five stars!,2026-02-11
REV-10866,C04775,P0078,ORD-120816,5,Love this.,2025-11-01
REV-10867,C08656,P0064,ORD-145713,5,Worth every penny.,2024-10-03
REV-10868,C03251,P0009,ORD-134908,5,Worth every penny.,2025-08-13
REV-10869,C01944,P0034,ORD-120876,2,Waste of money.,2026-01-12
REV-10870,C03923,P0020,ORD-131828,5,Exceeded expectations.,2025-12-14
REV-10871,C03113,P0057,ORD-146069,3,Average.,2024-03-11
REV-10872,C00056,P0073,ORD-106662,4,Worth every penny.,2025-05-09
REV-10873,C00754,P0024,ORD-101686,5,Great product!,2025-09-25
REV-10874,C08104,P0045,ORD-136965,3,Met expectations.,2025-11-13
REV-10875,C00317,P0091,ORD-109506,4,Great product!,2025-04-01
REV-10876,C00401,P0047,ORD-102363,5,Exceeded expectations.,2024-07-14
REV-10877,C00019,P0015,ORD-109568,4,Very satisfied.,2025-09-27
REV-10878,C07587,P0038,ORD-126005,5,Fantastic quality.,2025-10-08
REV-10879,C09621,P0038,ORD-133726,5,Fantastic quality.,2025-02-24
REV-10880,C09175,P0013,ORD-134692,2,Arrived damaged.,2024-12-11
REV-10881,C00079,P0058,ORD-113479,5,Very satisfied.,2025-08-13
REV-10882,C01060,P0038,ORD-130483,4,Exceeded expectations.,2025-07-02
REV-10883,C04191,P0021,ORD-136481,5,Exceeded expectations.,2025-10-09
REV-10884,C07911,P0014,ORD-135085,5,Fantastic quality.,2025-08-27
REV-10885,C07294,P0038,ORD-140927,5,Five stars!,2025-11-07
REV-10886,C00330,P0051,ORD-108864,4,Great product!,2024-08-01
REV-10887,C06661,P0058,ORD-121483,1,Arrived damaged.,2025-11-19
REV-10888,C01155,P0085,ORD-129122,4,Worth every penny.,2026-01-29
REV-10889,C09559,P0013,ORD-130295,4,Very satisfied.,2024-06-04
REV-10890,C07671,P0024,ORD-121606,5,Exceeded expectations.,2024-11-02
REV-10891,C00578,P0020,ORD-104364,4,Love this.,2026-02-24
REV-10892,C04772,P0058,ORD-133659,5,Love this.,2024-07-27
REV-10893,C00154,P0075,ORD-115358,4,Love this.,2024-10-16
REV-10894,C00521,P0064,ORD-107127,4,Exactly as described.,2024-12-05
REV-10895,C08837,P0038,ORD-142477,5,Exceeded expectations.,2024-03-14
REV-10896,C04180,P0073,ORD-127443,5,Worth every penny.,2025-05-18
REV-10897,C04764,P0024,ORD-121111,4,Very satisfied.,2025-10-13
REV-10898,C00011,P0059,ORD-109428,4,Great product!,2025-04-18
REV-10899,C00261,P0053,ORD-104222,5,Exactly as described.,2024-12-01
REV-10900,C01857,P0070,ORD-148579,4,Very satisfied.,2025-05-30
REV-10901,C07054,P0078,ORD-145179,4,Exceeded expectations.,2025-09-27
REV-10902,C06026,P0020,ORD-134234,4,Great product!,2025-05-13
REV-10903,C04351,P0080,ORD-138112,4,Love this.,2025-11-29
REV-10904,C00322,P0038,ORD-107992,2,Waste of money.,2025-02-28
REV-10905,C03432,P0058,ORD-120763,5,Very satisfied.,2025-12-12
REV-10906,C02229,P0020,ORD-143869,5,Fantastic quality.,2024-05-14
REV-10907,C00168,P0073,ORD-118873,3,Just average.,2025-01-06
REV-10908,C00606,P0021,ORD-116733,5,Love this.,2024-03-21
REV-10909,C00955,P0045,ORD-103133,5,Worth every penny.,2025-03-28
REV-10910,C00192,P0020,ORD-117686,2,Not as described.,2024-12-22
REV-10911,C01256,P0098,ORD-130673,4,Exceeded expectations.,2025-02-20
REV-10912,C06730,P0008,ORD-137060,5,Exactly as described.,2025-02-07
REV-10913,C07909,P0057,ORD-138808,2,Disappointed.,2024-11-25
REV-10914,C02659,P0057,ORD-141147,5,Very satisfied.,2024-10-12
REV-10915,C00849,P0015,ORD-117584,4,Five stars!,2025-01-23
REV-10916,C00048,P0093,ORD-100711,1,Regret this purchase.,2025-02-26
REV-10917,C00802,P0082,ORD-106286,5,Exactly as described.,2025-11-09
REV-10918,C02799,P0078,ORD-131470,2,Waste of money.,2024-08-01
REV-10919,C09019,P0064,ORD-130623,5,Fantastic quality.,2025-06-30
REV-10920,C04096,P0064,ORD-140563,5,Fantastic quality.,2025-01-15
REV-10921,C04466,P0021,ORD-125064,4,Great product!,2024-06-29
REV-10922,C00239,P0034,ORD-111589,5,Exceeded expectations.,2025-02-09
REV-10923,C00808,P0093,ORD-106162,2,Not as described.,2024-08-27
REV-10924,C02466,P0093,ORD-144373,5,Very satisfied.,2025-10-21
REV-10925,C00193,P0090,ORD-112910,1,Waste of money.,2025-11-27
REV-10926,C00847,P0090,ORD-119295,4,Worth every penny.,2025-12-01
REV-10927,C00805,P0090,ORD-118826,5,Exactly as described.,2025-06-01
REV-10928,C00313,P0090,ORD-101854,4,Fantastic quality.,2024-09-16
REV-10929,C07990,P0021,ORD-145401,4,Fantastic quality.,2024-08-03
REV-10930,C00329,P0021,ORD-105541,4,Exceeded expectations.,2024-05-15
REV-10931,C07938,P0017,ORD-132420,5,Exactly as described.,2025-08-24
REV-10932,C00469,P0078,ORD-101388,1,Not as described.,2025-12-21
REV-10933,C09611,P0058,ORD-133212,3,Met expectations.,2026-01-12
REV-10934,C03772,P0058,ORD-143357,3,It's okay.,2025-10-29
REV-10935,C00600,P0015,ORD-110109,2,Waste of money.,2026-01-10
REV-10936,C00506,P0078,ORD-116887,4,Exceeded expectations.,2024-02-29
REV-10937,C08547,P0090,ORD-148461,3,Met expectations.,2024-08-27
REV-10938,C09676,P0014,ORD-130876,2,Not as described.,2024-11-07
REV-10939,C04524,P0084,ORD-122450,2,Regret this purchase.,2025-10-03
REV-10940,C08333,P0064,ORD-136107,4,Love this.,2024-07-29
REV-10941,C00286,P0017,ORD-114468,3,Met expectations.,2025-05-11
REV-10942,C00257,P0021,ORD-115219,5,Exactly as described.,2025-06-12
REV-10943,C00471,P0038,ORD-102923,5,Five stars!,2024-11-09
REV-10944,C00759,P0065,ORD-105990,4,Worth every penny.,2024-07-17
REV-10945,C00570,P0053,ORD-112491,5,Great product!,2025-08-02
REV-10946,C00845,P0021,ORD-116812,5,Very satisfied.,2025-01-27
REV-10947,C00301,P0021,ORD-109222,4,Fantastic quality.,2025-12-04
REV-10948,C00177,P0038,ORD-102419,4,Exceeded expectations.,2026-01-18
REV-10949,C01443,P0013,ORD-142813,4,Love this.,2024-03-13
REV-10950,C07116,P0038,ORD-122391,3,It's okay.,2024-11-20
REV-10951,C08963,P0059,ORD-145650,3,Not bad.,2025-08-09
REV-10952,C00622,P0078,ORD-101309,1,Regret this purchase.,2025-01-06
REV-10953,C01983,P0093,ORD-141300,4,Exactly as described.,2024-08-19
REV-10954,C08620,P0073,ORD-147956,4,Exactly as described.,2024-12-29
REV-10955,C04190,P0073,ORD-138768,5,Fantastic quality.,2025-12-05
REV-10956,C09937,P0022,ORD-125022,4,Love this.,2026-01-13
REV-10957,C02907,P0038,ORD-140570,2,Regret this purchase.,2024-01-19
REV-10958,C00591,P0073,ORD-103932,5,Very satisfied.,2025-11-01
REV-10959,C00540,P0058,ORD-117742,5,Worth every penny.,2024-11-02
REV-10960,C00755,P0090,ORD-108563,5,Very satisfied.,2025-01-01
REV-10961,C04725,P0073,ORD-135404,4,Fantastic quality.,2024-08-29
REV-10962,C00867,P0073,ORD-119428,3,Not bad.,2025-11-10
REV-10963,C06001,P0017,ORD-130487,4,Love this.,2026-01-05
REV-10964,C05050,P0013,ORD-126011,4,Five stars!,2025-02-13
REV-10965,C00915,P0013,ORD-103410,4,Exactly as described.,2026-01-18
REV-10966,C09284,P0024,ORD-130759,5,Love this.,2025-06-14
REV-10967,C02690,P0038,ORD-127758,5,Worth every penny.,2025-05-27
REV-10968,C00133,P0024,ORD-109930,5,Fantastic quality.,2025-04-27
REV-10969,C00458,P0013,ORD-107075,1,Poor quality.,2025-01-30
REV-10970,C05216,P0085,ORD-131177,5,Worth every penny.,2025-01-26
REV-10971,C00714,P0045,ORD-101315,4,Love this.,2025-12-07
REV-10972,C00602,P0013,ORD-115257,4,Exactly as described.,2025-12-05
REV-10973,C05993,P0020,ORD-134453,4,Exceeded expectations.,2024-12-09
REV-10974,C03994,P0020,ORD-130369,5,Exactly as described.,2025-06-17
REV-10975,C00674,P0025,ORD-102066,4,Exactly as described.,2024-08-17
REV-10976,C02389,P0021,ORD-138610,4,Five stars!,2025-10-25
REV-10977,C02868,P0038,ORD-135996,5,Exceeded expectations.,2025-09-24
REV-10978,C01431,P0017,ORD-142514,5,Worth every penny.,2024-10-06
REV-10979,C02711,P0024,ORD-128354,3,Average.,2024-06-27
REV-10980,C00963,P0038,ORD-109802,4,Very satisfied.,2025-02-23
REV-10981,C07817,P0014,ORD-120561,5,Exactly as described.,2025-11-06
REV-10982,C01973,P0015,ORD-127306,4,Fantastic quality.,2024-03-13
REV-10983,C09393,P0071,ORD-127450,4,Worth every penny.,2024-12-22
REV-10984,C00942,P0070,ORD-119803,5,Exceeded expectations.,2025-11-25
REV-10985,C07245,P0020,ORD-125766,4,Five stars!,2025-06-27
REV-10986,C04662,P0024,ORD-139939,2,Waste of money.,2025-12-26
REV-10987,C08264,P0024,ORD-143611,5,Five stars!,2025-02-03
REV-10988,C00532,P0059,ORD-118507,4,Great product!,2024-11-22
REV-10989,C00020,P0045,ORD-110592,4,Exceeded expectations.,2026-01-18
REV-10990,C08639,P0015,ORD-120015,2,Waste of money.,2025-07-24
REV-10991,C08801,P0021,ORD-149848,5,Exactly as described.,2024-06-10
REV-10992,C00422,P0038,ORD-108813,5,Love this.,2025-04-30
REV-10993,C07277,P0078,ORD-130495,4,Great product!,2025-01-26
REV-10994,C00911,P0015,ORD-100225,2,Terrible.,2026-02-06
REV-10995,C00239,P0038,ORD-114378,1,Not as described.,2025-12-06
REV-10996,C00156,P0017,ORD-116180,4,Love this.,2024-11-13
REV-10997,C00616,P0075,ORD-102485,4,Fantastic quality.,2025-08-11
REV-10998,C00734,P0013,ORD-105016,4,Exceeded expectations.,2025-12-21
REV-10999,C00453,P0059,ORD-105683,5,Great product!,2026-01-24
REV-11000,C03638,P0013,ORD-141577,4,Worth every penny.,2026-01-03
REV-11001,C04717,P0090,ORD-121762,5,Five stars!,2025-08-25
REV-11002,C04811,P0093,ORD-141968,5,Love this.,2024-07-07
REV-11003,C03734,P0064,ORD-120525,5,Fantastic quality.,2025-06-22
REV-11004,C08801,P0085,ORD-127814,3,It's okay.,2024-02-17
REV-11005,C01260,P0064,ORD-129467,4,Very satisfied.,2025-01-07
REV-11006,C04734,P0098,ORD-132427,5,Love this.,2025-05-24
REV-11007,C02976,P0013,ORD-129491,5,Fantastic quality.,2024-02-05
REV-11008,C08024,P0058,ORD-144137,5,Exactly as described.,2024-04-29
REV-11009,C09066,P0059,ORD-144880,5,Great product!,2024-10-26
REV-11010,C05193,P0073,ORD-125130,4,Fantastic quality.,2024-07-19
REV-11011,C00580,P0064,ORD-110659,4,Fantastic quality.,2024-04-29
REV-11012,C01057,P0075,ORD-132430,4,Great product!,2024-07-07
REV-11013,C02016,P0017,ORD-127085,4,Fantastic quality.,2024-10-16
REV-11014,C05029,P0073,ORD-142350,5,Worth every penny.,2024-12-16
REV-11015,C01029,P0066,ORD-131879,4,Fantastic quality.,2024-08-16
REV-11016,C00024,P0013,ORD-104858,3,Fairly priced.,2024-10-07
REV-11017,C05730,P0078,ORD-146692,3,Average.,2025-02-13
REV-11018,C00928,P0014,ORD-103384,4,Worth every penny.,2025-09-21
REV-11019,C09494,P0059,ORD-144743,4,Very satisfied.,2025-08-15
REV-11020,C09490,P0090,ORD-140352,4,Five stars!,2024-05-02
REV-11021,C00136,P0085,ORD-109977,3,Fairly priced.,2024-05-24
REV-11022,C02186,P0024,ORD-134490,5,Great product!,2025-12-17
REV-11023,C06561,P0038,ORD-146906,4,Very satisfied.,2024-11-16
REV-11024,C05592,P0059,ORD-135727,1,Terrible.,2024-09-28
REV-11025,C00258,P0024,ORD-107038,5,Fantastic quality.,2024-09-29
REV-11026,C00014,P0092,ORD-104732,5,Fantastic quality.,2025-12-10
REV-11027,C04057,P0075,ORD-137954,5,Exceeded expectations.,2024-08-07
REV-11028,C02591,P0075,ORD-148613,5,Exceeded expectations.,2025-12-19
REV-11029,C00465,P0058,ORD-102722,4,Exceeded expectations.,2025-03-14
REV-11030,C00670,P0073,ORD-109159,5,Five stars!,2025-04-29
REV-11031,C07025,P0013,ORD-122093,3,Met expectations.,2024-08-17
REV-11032,C02877,P0033,ORD-147148,5,Five stars!,2024-04-25
REV-11033,C05822,P0013,ORD-139809,5,Fantastic quality.,2024-11-21
REV-11034,C00912,P0017,ORD-106425,3,It's okay.,2025-07-05
REV-11035,C03363,P0058,ORD-126911,5,Worth every penny.,2026-01-04
REV-11036,C04209,P0093,ORD-149844,4,Fantastic quality.,2024-11-16
REV-11037,C00531,P0017,ORD-114787,4,Exceeded expectations.,2026-01-03
REV-11038,C07726,P0085,ORD-126429,4,Exactly as described.,2025-02-27
REV-11039,C00804,P0004,ORD-117354,5,Worth every penny.,2025-02-26
REV-11040,C07038,P0070,ORD-128922,4,Fantastic quality.,2024-09-17
REV-11041,C00243,P0013,ORD-112985,5,Exceeded expectations.,2025-12-10
REV-11042,C00922,P0038,ORD-113756,1,Terrible.,2024-08-03
REV-11043,C05378,P0059,ORD-137710,4,Worth every penny.,2025-05-04
REV-11044,C09865,P0090,ORD-130834,5,Worth every penny.,2024-10-20
REV-11045,C03785,P0070,ORD-127378,2,Not as described.,2026-01-11
REV-11046,C01111,P0057,ORD-131139,2,Disappointed.,2025-02-01
REV-11047,C07682,P0021,ORD-136424,5,Worth every penny.,2025-08-24
REV-11048,C01378,P0014,ORD-120192,5,Five stars!,2025-02-14
REV-11049,C00684,P0017,ORD-109424,5,Five stars!,2026-01-07
REV-11050,C08602,P0057,ORD-121803,5,Fantastic quality.,2025-05-02
REV-11051,C08257,P0017,ORD-134914,2,Poor quality.,2025-06-29
REV-11052,C00610,P0038,ORD-112460,3,Met expectations.,2024-09-26
REV-11053,C04314,P0093,ORD-136214,5,Five stars!,2024-12-08
REV-11054,C05616,P0020,ORD-147538,4,Great product!,2025-07-08
REV-11055,C08282,P0038,ORD-132466,5,Love this.,2025-07-11
REV-11056,C00086,P0070,ORD-108088,5,Five stars!,2025-12-23
REV-11057,C00636,P0073,ORD-110826,4,Exactly as described.,2024-05-06
REV-11058,C01824,P0020,ORD-139690,3,Met expectations.,2025-12-26
REV-11059,C00875,P0073,ORD-101913,3,Met expectations.,2024-09-30
REV-11060,C07976,P0038,ORD-138885,5,Exactly as described.,2024-12-19
REV-11061,C07125,P0036,ORD-149450,5,Exceeded expectations.,2025-07-19
REV-11062,C00760,P0078,ORD-110306,4,Exceeded expectations.,2024-11-03
REV-11063,C00597,P0093,ORD-115742,5,Exactly as described.,2024-05-30
REV-11064,C04983,P0017,ORD-137525,5,Exactly as described.,2025-09-28
REV-11065,C00268,P0017,ORD-117382,5,Fantastic quality.,2025-12-02
REV-11066,C00683,P0075,ORD-100488,4,Exceeded expectations.,2025-05-25
REV-11067,C00674,P0015,ORD-114065,4,Five stars!,2025-10-30
REV-11068,C00755,P0024,ORD-102454,5,Exactly as described.,2024-04-30
REV-11069,C00889,P0093,ORD-109836,5,Fantastic quality.,2025-11-28
REV-11070,C01852,P0024,ORD-130650,5,Exceeded expectations.,2025-12-09
REV-11071,C07000,P0024,ORD-132542,2,Waste of money.,2026-02-23
REV-11072,C05499,P0059,ORD-141888,5,Fantastic quality.,2024-12-13
REV-11073,C05998,P0024,ORD-138359,4,Love this.,2024-10-16
REV-11074,C00434,P0020,ORD-113997,5,Worth every penny.,2024-11-12
REV-11075,C00067,P0093,ORD-110963,3,Average.,2025-12-01
REV-11076,C09071,P0057,ORD-141963,5,Fantastic quality.,2025-12-02
REV-11077,C01504,P0017,ORD-140897,4,Great product!,2024-10-23
REV-11078,C00310,P0075,ORD-112132,5,Love this.,2025-05-14
REV-11079,C07312,P0064,ORD-126262,3,It's okay.,2024-11-23
REV-11080,C00612,P0021,ORD-118614,4,Worth every penny.,2025-06-06
REV-11081,C00453,P0021,ORD-119899,5,Worth every penny.,2025-07-17
REV-11082,C02679,P0057,ORD-129243,4,Exactly as described.,2025-02-18
REV-11083,C00120,P0059,ORD-106233,5,Exceeded expectations.,2025-05-28
REV-11084,C00814,P0064,ORD-106223,5,Great product!,2025-04-15
REV-11085,C00044,P0084,ORD-108733,3,Average.,2026-01-04
REV-11086,C07940,P0057,ORD-124178,5,Exceeded expectations.,2025-05-05
REV-11087,C04627,P0015,ORD-140673,4,Love this.,2024-10-09
REV-11088,C00252,P0078,ORD-102459,3,Decent quality.,2025-12-30
REV-11089,C04279,P0059,ORD-120245,4,Exactly as described.,2025-12-19
REV-11090,C03461,P0064,ORD-143585,5,Fantastic quality.,2026-02-03
REV-11091,C06605,P0070,ORD-135026,5,Five stars!,2025-08-05
REV-11092,C05791,P0045,ORD-147732,4,Exactly as described.,2024-11-14
REV-11093,C02012,P0070,ORD-136025,5,Exactly as described.,2026-01-09
REV-11094,C06954,P0013,ORD-135658,5,Five stars!,2025-06-12
REV-11095,C00029,P0038,ORD-101232,5,Exceeded expectations.,2024-06-28
REV-11096,C00328,P0047,ORD-107538,2,Terrible.,2025-11-24
REV-11097,C03594,P0024,ORD-132675,5,Worth every penny.,2026-01-09
REV-11098,C00105,P0064,ORD-116395,5,Exceeded expectations.,2024-10-07
REV-11099,C07143,P0015,ORD-136169,5,Great product!,2024-08-09
REV-11100,C00804,P0073,ORD-111410,4,Exactly as described.,2025-11-17
REV-11101,C07238,P0041,ORD-126385,5,Great product!,2025-01-18
REV-11102,C01976,P0071,ORD-123991,3,Not bad.,2024-10-06
REV-11103,C00951,P0064,ORD-112361,5,Great product!,2026-02-16
REV-11104,C02765,P0021,ORD-139872,3,Average.,2025-01-29
REV-11105,C00080,P0005,ORD-112800,5,Very satisfied.,2025-05-01
REV-11106,C00431,P0075,ORD-103112,2,Terrible.,2025-01-04
REV-11107,C04108,P0013,ORD-146781,4,Exceeded expectations.,2024-10-22
REV-11108,C02467,P0013,ORD-147597,4,Very satisfied.,2024-10-18
REV-11109,C05903,P0024,ORD-133747,5,Exactly as described.,2025-05-03
REV-11110,C01751,P0057,ORD-123952,5,Exceeded expectations.,2025-03-14
REV-11111,C00932,P0017,ORD-112450,3,It's okay.,2024-07-16
REV-11112,C06123,P0059,ORD-121016,5,Exceeded expectations.,2025-11-14
REV-11113,C07471,P0038,ORD-140483,5,Great product!,2025-09-23
REV-11114,C07755,P0067,ORD-143578,5,Love this.,2025-02-11
REV-11115,C08988,P0024,ORD-131133,5,Five stars!,2025-12-26
REV-11116,C02652,P0064,ORD-133181,5,Very satisfied.,2025-12-13
REV-11117,C07049,P0059,ORD-149742,5,Exactly as described.,2025-06-16
REV-11118,C00068,P0093,ORD-102822,5,Worth every penny.,2025-01-04
REV-11119,C02993,P0021,ORD-139920,4,Great product!,2026-01-22
REV-11120,C01242,P0078,ORD-130829,4,Very satisfied.,2024-11-16
REV-11121,C04677,P0059,ORD-138355,5,Worth every penny.,2024-09-27
REV-11122,C00793,P0069,ORD-110410,4,Exactly as described.,2024-10-25
REV-11123,C06847,P0085,ORD-148959,5,Worth every penny.,2025-12-06
REV-11124,C00215,P0075,ORD-105848,1,Terrible.,2024-07-27
REV-11125,C00561,P0090,ORD-101065,5,Very satisfied.,2025-12-10
REV-11126,C00780,P0020,ORD-110198,5,Love this.,2024-12-28
REV-11127,C01461,P0021,ORD-142227,5,Five stars!,2024-12-01
REV-11128,C03496,P0097,ORD-145546,5,Exceeded expectations.,2024-12-17
REV-11129,C00429,P0053,ORD-113620,4,Love this.,2024-11-21
REV-11130,C00652,P0078,ORD-115142,5,Five stars!,2026-01-08
REV-11131,C00179,P0059,ORD-117089,5,Exceeded expectations.,2024-10-12
REV-11132,C03920,P0013,ORD-124265,1,Regret this purchase.,2025-02-21
REV-11133,C09669,P0093,ORD-137123,4,Great product!,2024-07-29
REV-11134,C04292,P0014,ORD-126359,5,Great product!,2025-04-06
REV-11135,C04339,P0055,ORD-130911,5,Exceeded expectations.,2025-04-23
REV-11136,C07129,P0020,ORD-131361,4,Great product!,2025-08-08
REV-11137,C07379,P0020,ORD-128615,5,Love this.,2024-07-06
REV-11138,C08225,P0078,ORD-123825,5,Fantastic quality.,2024-06-17
REV-11139,C05509,P0075,ORD-143672,5,Worth every penny.,2024-12-01
REV-11140,C09171,P0038,ORD-128148,3,It's okay.,2024-11-30
REV-11141,C00183,P0045,ORD-115115,3,Not bad.,2025-07-24
REV-11142,C06877,P0059,ORD-148157,5,Exceeded expectations.,2025-01-18
REV-11143,C00130,P0045,ORD-100057,3,Average.,2025-09-05
REV-11144,C00379,P0017,ORD-113146,2,Arrived damaged.,2025-04-10
REV-11145,C06363,P0064,ORD-126555,4,Fantastic quality.,2024-06-20
REV-11146,C05512,P0093,ORD-142279,5,Love this.,2025-08-15
REV-11147,C07277,P0093,ORD-131830,4,Very satisfied.,2024-04-09
REV-11148,C08750,P0038,ORD-134063,5,Five stars!,2025-04-30
REV-11149,C06123,P0070,ORD-126129,3,Average.,2025-08-14
REV-11150,C09523,P0078,ORD-124225,5,Great product!,2025-08-15
REV-11151,C01262,P0013,ORD-120582,5,Exactly as described.,2025-05-03
REV-11152,C00148,P0078,ORD-108576,3,Fairly priced.,2024-12-30
REV-11153,C00378,P0020,ORD-108579,5,Exactly as described.,2025-07-10
REV-11154,C01338,P0078,ORD-145191,3,Met expectations.,2024-09-12
REV-11155,C03024,P0059,ORD-134417,5,Love this.,2025-10-04
REV-11156,C00764,P0013,ORD-113978,4,Fantastic quality.,2024-10-23
REV-11157,C03002,P0038,ORD-124088,5,Great product!,2024-11-13
REV-11158,C06230,P0038,ORD-122643,3,Met expectations.,2025-12-03
REV-11159,C06978,P0070,ORD-131013,3,Fairly priced.,2025-12-12
REV-11160,C00583,P0073,ORD-106546,4,Exactly as described.,2025-05-07
REV-11161,C00378,P0057,ORD-115620,4,Exceeded expectations.,2025-03-18
REV-11162,C03975,P0013,ORD-145363,5,Love this.,2024-10-25
REV-11163,C09683,P0078,ORD-128686,3,Fairly priced.,2025-05-07
REV-11164,C08550,P0057,ORD-136386,5,Love this.,2025-11-26
REV-11165,C00159,P0078,ORD-116107,3,Fairly priced.,2025-11-23
REV-11166,C09193,P0078,ORD-132354,4,Love this.,2024-10-14
REV-11167,C03927,P0070,ORD-149754,5,Great product!,2024-07-19
REV-11168,C00456,P0034,ORD-115855,2,Arrived damaged.,2025-07-12
REV-11169,C07676,P0063,ORD-125958,4,Five stars!,2025-08-26
REV-11170,C00816,P0062,ORD-117715,5,Very satisfied.,2024-09-25
REV-11171,C02610,P0064,ORD-120207,4,Exactly as described.,2025-06-04
REV-11172,C05782,P0085,ORD-133101,5,Exactly as described.,2024-10-27
REV-11173,C05903,P0059,ORD-126226,5,Exactly as described.,2025-06-11
REV-11174,C01773,P0073,ORD-127991,5,Worth every penny.,2024-04-17
REV-11175,C00840,P0064,ORD-101379,5,Fantastic quality.,2025-08-28
REV-11176,C03385,P0058,ORD-136179,4,Exceeded expectations.,2024-06-21
REV-11177,C02279,P0024,ORD-144058,3,It's okay.,2024-08-08
REV-11178,C00011,P0013,ORD-118235,5,Fantastic quality.,2024-04-26
REV-11179,C01047,P0085,ORD-123474,5,Fantastic quality.,2025-12-30
REV-11180,C06588,P0024,ORD-148262,5,Love this.,2025-10-10
REV-11181,C04793,P0085,ORD-138291,4,Exactly as described.,2024-10-23
REV-11182,C02638,P0025,ORD-120757,5,Great product!,2025-08-22
REV-11183,C00172,P0073,ORD-103863,5,Fantastic quality.,2025-03-27
REV-11184,C05595,P0090,ORD-132939,5,Exactly as described.,2025-12-16
REV-11185,C00157,P0075,ORD-109367,5,Worth every penny.,2025-02-04
REV-11186,C00057,P0078,ORD-105012,5,Worth every penny.,2025-08-31
REV-11187,C08374,P0014,ORD-143685,3,Fairly priced.,2024-06-20
REV-11188,C09335,P0073,ORD-144770,3,Decent quality.,2025-09-25
REV-11189,C04370,P0038,ORD-129435,4,Exactly as described.,2025-12-26
REV-11190,C06397,P0013,ORD-127448,5,Fantastic quality.,2024-09-21
REV-11191,C03817,P0045,ORD-139541,5,Great product!,2025-09-21
REV-11192,C00569,P0064,ORD-104054,5,Five stars!,2025-11-15
REV-11193,C00197,P0013,ORD-106963,5,Fantastic quality.,2026-01-29
REV-11194,C06206,P0021,ORD-135767,5,Exactly as described.,2024-05-30
REV-11195,C04528,P0073,ORD-122180,5,Fantastic quality.,2025-11-28
REV-11196,C00966,P0064,ORD-115364,5,Love this.,2025-06-28
REV-11197,C03286,P0024,ORD-121646,3,Met expectations.,2024-05-11
REV-11198,C00340,P0038,ORD-106680,5,Great product!,2025-07-07
REV-11199,C01461,P0064,ORD-120944,5,Five stars!,2026-02-16
REV-11200,C00566,P0064,ORD-109627,4,Five stars!,2025-02-25
REV-11201,C00507,P0075,ORD-106785,3,Not bad.,2025-10-20
REV-11202,C01707,P0045,ORD-136637,5,Worth every penny.,2024-09-22
REV-11203,C07180,P0090,ORD-136951,5,Five stars!,2024-12-04
REV-11204,C00438,P0020,ORD-106084,5,Fantastic quality.,2026-01-28
REV-11205,C09432,P0038,ORD-132860,2,Terrible.,2025-05-26
REV-11206,C03425,P0078,ORD-133969,5,Five stars!,2024-10-26
REV-11207,C00194,P0024,ORD-114268,5,Love this.,2025-05-22
REV-11208,C00761,P0070,ORD-113075,4,Five stars!,2024-12-22
REV-11209,C05109,P0059,ORD-126922,5,Five stars!,2025-11-04
REV-11210,C09370,P0013,ORD-128541,5,Great product!,2025-11-20
REV-11211,C00862,P0021,ORD-118406,5,Fantastic quality.,2025-01-02
REV-11212,C02040,P0090,ORD-146420,4,Worth every penny.,2024-12-12
REV-11213,C05450,P0059,ORD-133467,5,Fantastic quality.,2025-08-26
REV-11214,C07454,P0045,ORD-123559,5,Exactly as described.,2025-10-12
REV-11215,C08960,P0057,ORD-130277,4,Exceeded expectations.,2025-05-19
REV-11216,C08887,P0070,ORD-138909,5,Love this.,2025-11-23
REV-11217,C00459,P0038,ORD-105431,5,Very satisfied.,2026-01-20
REV-11218,C01260,P0017,ORD-148680,4,Worth every penny.,2026-01-08
REV-11219,C00186,P0085,ORD-102882,4,Very satisfied.,2025-06-01
REV-11220,C00279,P0038,ORD-101142,5,Five stars!,2025-10-04
REV-11221,C00433,P0064,ORD-116729,5,Love this.,2024-08-12
REV-11222,C03480,P0038,ORD-122520,5,Great product!,2024-08-30
REV-11223,C00354,P0038,ORD-119587,5,Exceeded expectations.,2025-10-11
REV-11224,C04917,P0051,ORD-134887,2,Waste of money.,2024-09-26
REV-11225,C04853,P0013,ORD-126217,4,Love this.,2024-12-09
REV-11226,C07241,P0085,ORD-145776,5,Great product!,2024-05-15
REV-11227,C00263,P0038,ORD-117374,5,Exceeded expectations.,2024-12-18
REV-11228,C00826,P0020,ORD-113184,1,Regret this purchase.,2025-08-13
REV-11229,C09188,P0085,ORD-122604,4,Great product!,2024-11-02
REV-11230,C02684,P0097,ORD-123698,5,Love this.,2025-01-22
REV-11231,C00329,P0085,ORD-101086,5,Exactly as described.,2025-03-10
REV-11232,C05830,P0015,ORD-141101,5,Great product!,2025-05-10
REV-11233,C07872,P0058,ORD-136180,3,Met expectations.,2025-10-10
REV-11234,C01419,P0059,ORD-146179,4,Worth every penny.,2024-12-30
REV-11235,C05479,P0093,ORD-139769,4,Five stars!,2024-09-29
REV-11236,C00535,P0038,ORD-115725,4,Five stars!,2025-09-15
REV-11237,C09752,P0064,ORD-132444,4,Very satisfied.,2024-10-10
REV-11238,C09970,P0038,ORD-135652,3,Fairly priced.,2024-05-23
REV-11239,C07220,P0013,ORD-120657,5,Exceeded expectations.,2024-08-13
REV-11240,C08776,P0058,ORD-123707,4,Great product!,2025-07-30
REV-11241,C02865,P0013,ORD-127957,4,Exceeded expectations.,2025-09-15
REV-11242,C08686,P0057,ORD-132289,5,Great product!,2024-09-23
REV-11243,C06362,P0017,ORD-140396,3,Just average.,2024-04-03
REV-11244,C04618,P0093,ORD-133204,5,Great product!,2024-07-19
REV-11245,C01395,P0070,ORD-145961,5,Worth every penny.,2025-07-01
REV-11246,C05015,P0014,ORD-135137,5,Worth every penny.,2024-06-30
REV-11247,C04605,P0070,ORD-136740,4,Five stars!,2025-10-27
REV-11248,C04653,P0090,ORD-138862,5,Very satisfied.,2025-07-19
REV-11249,C09929,P0063,ORD-120435,5,Five stars!,2024-07-01
REV-11250,C00196,P0066,ORD-100091,5,Fantastic quality.,2024-08-20
REV-11251,C05937,P0045,ORD-146386,5,Five stars!,2024-12-01
REV-11252,C04813,P0004,ORD-129057,4,Love this.,2024-07-20
REV-11253,C06791,P0038,ORD-144116,5,Love this.,2025-04-23
REV-11254,C06864,P0075,ORD-136155,5,Worth every penny.,2026-02-07
REV-11255,C00517,P0020,ORD-110834,4,Fantastic quality.,2024-05-27
REV-11256,C02200,P0013,ORD-127765,5,Fantastic quality.,2024-10-10
REV-11257,C00254,P0045,ORD-117645,4,Worth every penny.,2025-07-30
REV-11258,C00875,P0064,ORD-107825,2,Regret this purchase.,2024-03-09
REV-11259,C03267,P0024,ORD-127709,5,Great product!,2025-08-13
REV-11260,C08175,P0045,ORD-122540,4,Exceeded expectations.,2024-09-01
REV-11261,C00446,P0078,ORD-114851,5,Worth every penny.,2024-11-26
REV-11262,C00344,P0093,ORD-108390,4,Love this.,2024-05-14
REV-11263,C00998,P0021,ORD-116428,4,Love this.,2025-06-10
REV-11264,C01970,P0100,ORD-146498,4,Love this.,2024-03-17
REV-11265,C08008,P0057,ORD-137095,4,Love this.,2025-01-02
REV-11266,C00964,P0024,ORD-117712,5,Worth every penny.,2025-12-04
REV-11267,C00501,P0014,ORD-110682,1,Arrived damaged.,2024-08-29
REV-11268,C01606,P0014,ORD-136823,5,Fantastic quality.,2025-03-19
REV-11269,C07234,P0093,ORD-128200,3,Average.,2025-12-06
REV-11270,C00853,P0015,ORD-114990,5,Five stars!,2025-12-24
REV-11271,C04037,P0013,ORD-123440,2,Terrible.,2024-12-13
REV-11272,C06965,P0090,ORD-125173,5,Fantastic quality.,2024-12-25
REV-11273,C00780,P0015,ORD-118200,3,Met expectations.,2025-10-31
REV-11274,C00372,P0090,ORD-107084,1,Poor quality.,2024-09-06
REV-11275,C04859,P0020,ORD-125035,4,Fantastic quality.,2025-01-04
REV-11276,C09836,P0057,ORD-145083,5,Love this.,2024-08-26
REV-11277,C01622,P0038,ORD-122760,5,Fantastic quality.,2024-09-15
REV-11278,C00930,P0017,ORD-109145,5,Five stars!,2025-03-17
REV-11279,C08070,P0067,ORD-138817,4,Great product!,2025-06-05
REV-11280,C06195,P0070,ORD-133906,1,Regret this purchase.,2024-11-27
REV-11281,C00002,P0058,ORD-106967,5,Great product!,2024-06-06
REV-11282,C02999,P0073,ORD-149531,4,Love this.,2025-09-23
REV-11283,C03039,P0064,ORD-125667,5,Exactly as described.,2025-01-06
REV-11284,C05555,P0073,ORD-127472,5,Love this.,2024-05-09
REV-11285,C08818,P0096,ORD-130455,3,Just average.,2026-01-20
REV-11286,C09838,P0015,ORD-138092,4,Fantastic quality.,2024-08-14
REV-11287,C00977,P0090,ORD-118065,5,Very satisfied.,2024-08-09
REV-11288,C04821,P0024,ORD-146057,1,Waste of money.,2024-11-20
REV-11289,C09901,P0093,ORD-136573,4,Five stars!,2025-04-18
REV-11290,C08412,P0038,ORD-135274,3,Met expectations.,2025-10-08
REV-11291,C00638,P0075,ORD-101323,5,Five stars!,2024-12-31
REV-11292,C01381,P0020,ORD-143563,5,Fantastic quality.,2025-04-07
REV-11293,C00923,P0017,ORD-119240,2,Terrible.,2024-10-30
REV-11294,C03294,P0064,ORD-126192,5,Very satisfied.,2024-06-04
REV-11295,C00893,P0075,ORD-117759,5,Fantastic quality.,2025-12-30
REV-11296,C00454,P0021,ORD-117963,4,Five stars!,2024-07-31
REV-11297,C08474,P0020,ORD-127023,4,Great product!,2024-09-09
REV-11298,C02552,P0073,ORD-129779,5,Exceeded expectations.,2024-07-17
REV-11299,C02470,P0024,ORD-136608,1,Disappointed.,2025-02-23
REV-11300,C00393,P0013,ORD-115301,4,Exceeded expectations.,2024-04-30
REV-11301,C00269,P0093,ORD-102350,4,Very satisfied.,2025-06-01
REV-11302,C05327,P0017,ORD-129499,2,Arrived damaged.,2025-01-08
REV-11303,C00266,P0075,ORD-112582,5,Fantastic quality.,2025-02-08
REV-11304,C03840,P0013,ORD-137748,3,Not bad.,2025-01-01
REV-11305,C00952,P0020,ORD-117123,5,Worth every penny.,2024-06-24
REV-11306,C00440,P0014,ORD-101816,4,Love this.,2024-07-30
REV-11307,C00973,P0059,ORD-110186,4,Very satisfied.,2024-05-13
REV-11308,C06336,P0084,ORD-138237,4,Great product!,2025-04-06
REV-11309,C09469,P0045,ORD-132324,5,Exceeded expectations.,2024-07-19
REV-11310,C00424,P0014,ORD-118369,4,Love this.,2026-02-21
REV-11311,C00728,P0073,ORD-117676,5,Great product!,2025-01-25
REV-11312,C00957,P0093,ORD-102025,4,Very satisfied.,2025-02-09
REV-11313,C00177,P0021,ORD-107551,5,Five stars!,2024-07-08
REV-11314,C02548,P0085,ORD-149218,5,Fantastic quality.,2025-03-08
REV-11315,C03566,P0085,ORD-139275,3,It's okay.,2025-07-15
REV-11316,C00480,P0014,ORD-107148,2,Not as described.,2024-04-17
REV-11317,C09749,P0064,ORD-126504,3,It's okay.,2025-01-07
REV-11318,C01009,P0015,ORD-139742,5,Great product!,2024-05-09
REV-11319,C00938,P0038,ORD-112654,3,It's okay.,2025-01-20
REV-11320,C00922,P0024,ORD-110271,4,Great product!,2025-03-06
REV-11321,C06981,P0013,ORD-130102,5,Great product!,2024-12-22
REV-11322,C04839,P0093,ORD-122546,5,Great product!,2025-09-18
REV-11323,C03088,P0075,ORD-145673,4,Great product!,2024-06-05
REV-11324,C00478,P0058,ORD-113608,5,Five stars!,2024-09-22
REV-11325,C05862,P0033,ORD-146047,5,Very satisfied.,2025-02-06
REV-11326,C01080,P0017,ORD-147779,5,Fantastic quality.,2024-07-24
REV-11327,C01577,P0057,ORD-145386,1,Disappointed.,2024-12-27
REV-11328,C00605,P0017,ORD-100830,1,Not as described.,2025-02-14
REV-11329,C00078,P0017,ORD-108859,4,Exactly as described.,2025-10-30
REV-11330,C00030,P0073,ORD-119311,4,Worth every penny.,2024-03-11
REV-11331,C05716,P0038,ORD-141314,5,Love this.,2025-06-09
REV-11332,C07624,P0021,ORD-131293,5,Exactly as described.,2024-06-15
REV-11333,C02197,P0073,ORD-145157,5,Fantastic quality.,2024-08-10
REV-11334,C04343,P0024,ORD-137178,3,Not bad.,2025-03-27
REV-11335,C09706,P0021,ORD-149918,5,Five stars!,2024-04-11
REV-11336,C02900,P0059,ORD-139266,4,Exactly as described.,2024-09-21
REV-11337,C06998,P0045,ORD-132257,5,Love this.,2025-11-05
REV-11338,C02049,P0014,ORD-131287,5,Great product!,2025-12-29
REV-11339,C00427,P0021,ORD-118116,4,Exceeded expectations.,2025-08-28
REV-11340,C01144,P0014,ORD-141598,3,Not bad.,2025-08-16
REV-11341,C00657,P0080,ORD-113493,1,Terrible.,2024-12-01
REV-11342,C05509,P0070,ORD-142225,3,Fairly priced.,2025-05-08
REV-11343,C08766,P0090,ORD-128860,4,Great product!,2024-10-04
REV-11344,C04922,P0020,ORD-129698,5,Worth every penny.,2024-11-12
REV-11345,C03493,P0045,ORD-134214,5,Great product!,2025-02-03
REV-11346,C00215,P0064,ORD-103741,5,Five stars!,2026-01-08
REV-11347,C00096,P0090,ORD-116055,5,Great product!,2025-10-28
REV-11348,C03773,P0057,ORD-147404,4,Love this.,2025-01-15
REV-11349,C00972,P0078,ORD-115149,4,Great product!,2025-11-02
REV-11350,C07618,P0057,ORD-136459,5,Great product!,2026-01-06
REV-11351,C00582,P0042,ORD-118111,5,Love this.,2025-10-24
REV-11352,C09522,P0015,ORD-140958,5,Exactly as described.,2025-01-25
REV-11353,C07776,P0097,ORD-149675,4,Five stars!,2025-01-17
REV-11354,C02393,P0057,ORD-140249,5,Exceeded expectations.,2025-10-07
REV-11355,C07928,P0038,ORD-125411,4,Very satisfied.,2025-06-27
REV-11356,C01654,P0078,ORD-132998,4,Exactly as described.,2025-01-11
REV-11357,C01189,P0005,ORD-145866,5,Five stars!,2025-12-26
REV-11358,C03339,P0014,ORD-148225,5,Fantastic quality.,2026-01-31
REV-11359,C02453,P0038,ORD-139032,5,Five stars!,2025-07-24
REV-11360,C00015,P0013,ORD-117080,5,Very satisfied.,2025-12-08
REV-11361,C05835,P0078,ORD-127109,4,Five stars!,2024-07-19
REV-11362,C00285,P0025,ORD-101990,1,Terrible.,2025-02-25
REV-11363,C05143,P0013,ORD-145258,3,Decent quality.,2025-07-04
REV-11364,C00212,P0064,ORD-111838,4,Worth every penny.,2025-08-15
REV-11365,C03048,P0075,ORD-125572,3,It's okay.,2024-02-05
REV-11366,C00381,P0093,ORD-111724,5,Very satisfied.,2024-10-13
REV-11367,C01400,P0077,ORD-132746,5,Worth every penny.,2025-06-18
REV-11368,C00762,P0073,ORD-105931,5,Five stars!,2025-04-18
REV-11369,C00986,P0073,ORD-107693,4,Exceeded expectations.,2024-08-04
REV-11370,C07230,P0015,ORD-128531,5,Love this.,2025-02-19
REV-11371,C00835,P0014,ORD-109752,5,Five stars!,2024-05-02
REV-11372,C00770,P0070,ORD-101527,5,Very satisfied.,2024-08-14
REV-11373,C04415,P0013,ORD-128973,4,Great product!,2024-07-12
REV-11374,C01300,P0024,ORD-141081,5,Five stars!,2024-04-17
REV-11375,C04479,P0045,ORD-142222,4,Great product!,2024-04-08
REV-11376,C00863,P0013,ORD-112278,4,Fantastic quality.,2024-11-18
REV-11377,C01356,P0024,ORD-140791,4,Five stars!,2025-05-27
REV-11378,C00978,P0085,ORD-106473,5,Very satisfied.,2025-10-16
REV-11379,C06909,P0017,ORD-131544,5,Love this.,2024-08-12
REV-11380,C00890,P0038,ORD-115957,5,Great product!,2025-05-10
REV-11381,C00768,P0093,ORD-100748,5,Great product!,2025-04-09
REV-11382,C00118,P0013,ORD-110287,4,Fantastic quality.,2024-12-10
REV-11383,C00335,P0025,ORD-102227,5,Five stars!,2025-01-06
REV-11384,C00080,P0034,ORD-105734,4,Love this.,2026-02-21
REV-11385,C03125,P0059,ORD-135880,5,Love this.,2025-05-14
REV-11386,C00362,P0017,ORD-103686,5,Exceeded expectations.,2024-12-05
REV-11387,C04327,P0070,ORD-126902,5,Worth every penny.,2025-12-30
REV-11388,C06381,P0070,ORD-138293,4,Very satisfied.,2026-01-17
REV-11389,C02134,P0074,ORD-130878,4,Exactly as described.,2024-10-31
REV-11390,C07169,P0045,ORD-133439,5,Exceeded expectations.,2025-09-30
REV-11391,C08090,P0013,ORD-127611,3,Met expectations.,2025-11-16
REV-11392,C06511,P0064,ORD-125157,5,Worth every penny.,2024-12-12
REV-11393,C07334,P0057,ORD-131161,5,Exceeded expectations.,2026-01-10
REV-11394,C08629,P0008,ORD-120096,3,Average.,2025-09-03
REV-11395,C05440,P0075,ORD-132824,1,Regret this purchase.,2024-11-22
REV-11396,C00363,P0013,ORD-113228,3,Fairly priced.,2025-10-24
REV-11397,C03494,P0014,ORD-149343,4,Fantastic quality.,2024-05-21
REV-11398,C08383,P0057,ORD-135759,5,Great product!,2025-02-05
REV-11399,C00626,P0064,ORD-102266,4,Very satisfied.,2025-10-26
REV-11400,C09741,P0017,ORD-130827,5,Fantastic quality.,2024-09-15
REV-11401,C07421,P0017,ORD-132994,5,Fantastic quality.,2025-01-21
REV-11402,C05738,P0015,ORD-122840,5,Fantastic quality.,2025-05-19
REV-11403,C00830,P0024,ORD-108549,5,Five stars!,2024-11-07
REV-11404,C00507,P0038,ORD-115107,5,Exactly as described.,2024-05-11
REV-11405,C00523,P0093,ORD-109434,4,Five stars!,2024-03-30
REV-11406,C05168,P0013,ORD-122908,5,Very satisfied.,2024-09-01
REV-11407,C00959,P0085,ORD-111443,5,Great product!,2025-10-10
REV-11408,C00769,P0076,ORD-109703,5,Five stars!,2024-04-03
REV-11409,C00081,P0003,ORD-109445,5,Love this.,2024-09-21
REV-11410,C06926,P0013,ORD-135153,4,Worth every penny.,2025-06-07
REV-11411,C01477,P0073,ORD-137376,2,Terrible.,2025-02-08
REV-11412,C04095,P0058,ORD-135138,4,Exceeded expectations.,2024-12-11
REV-11413,C02316,P0073,ORD-139346,3,Met expectations.,2026-01-22
REV-11414,C03556,P0057,ORD-148303,5,Five stars!,2024-07-14
REV-11415,C00638,P0045,ORD-115289,5,Exceeded expectations.,2024-08-07
REV-11416,C07008,P0045,ORD-143121,3,Average.,2024-02-13
REV-11417,C00643,P0073,ORD-118067,4,Very satisfied.,2026-01-16
REV-11418,C06838,P0058,ORD-125938,5,Great product!,2024-12-06
REV-11419,C00074,P0021,ORD-111530,5,Exactly as described.,2025-01-24
REV-11420,C01914,P0017,ORD-141491,5,Very satisfied.,2024-05-25
REV-11421,C06945,P0006,ORD-135040,5,Great product!,2024-07-08
REV-11422,C01506,P0090,ORD-130354,5,Exceeded expectations.,2024-12-19
REV-11423,C08257,P0064,ORD-121128,5,Great product!,2025-09-20
REV-11424,C08875,P0057,ORD-139819,3,Decent quality.,2026-01-20
REV-11425,C08484,P0082,ORD-122336,5,Very satisfied.,2024-07-04
REV-11426,C00312,P0038,ORD-116884,4,Fantastic quality.,2025-01-16
REV-11427,C00510,P0021,ORD-112315,4,Fantastic quality.,2024-11-28
REV-11428,C08267,P0065,ORD-125754,4,Exceeded expectations.,2025-12-22
REV-11429,C00645,P0013,ORD-113463,2,Regret this purchase.,2025-01-06
REV-11430,C07520,P0064,ORD-139477,5,Five stars!,2024-06-22
REV-11431,C09787,P0093,ORD-128388,5,Very satisfied.,2024-05-15
REV-11432,C00585,P0014,ORD-102692,4,Love this.,2024-02-27
REV-11433,C08214,P0073,ORD-144768,5,Five stars!,2025-04-02
REV-11434,C00448,P0021,ORD-108017,4,Exactly as described.,2024-11-13
REV-11435,C08032,P0017,ORD-132060,4,Fantastic quality.,2025-02-22
REV-11436,C02297,P0093,ORD-139134,5,Worth every penny.,2025-07-30
REV-11437,C00280,P0070,ORD-116350,5,Five stars!,2024-07-21
REV-11438,C00342,P0073,ORD-100142,4,Exactly as described.,2025-03-06
REV-11439,C06968,P0038,ORD-120211,4,Exactly as described.,2025-09-28
REV-11440,C05923,P0017,ORD-129299,5,Exactly as described.,2025-07-11
REV-11441,C04242,P0045,ORD-148477,4,Great product!,2025-04-24
REV-11442,C09090,P0013,ORD-123540,5,Love this.,2024-04-17
REV-11443,C00813,P0068,ORD-108649,4,Five stars!,2024-08-24
REV-11444,C03062,P0024,ORD-140317,4,Very satisfied.,2025-12-07
REV-11445,C09373,P0013,ORD-122897,4,Worth every penny.,2024-10-21
REV-11446,C00974,P0059,ORD-113615,5,Five stars!,2025-11-24
REV-11447,C07788,P0069,ORD-120610,5,Exactly as described.,2024-05-23
REV-11448,C09305,P0058,ORD-133326,1,Terrible.,2025-12-14
REV-11449,C07627,P0013,ORD-137781,5,Great product!,2024-08-08
REV-11450,C05841,P0093,ORD-130611,4,Worth every penny.,2025-09-27
REV-11451,C00156,P0075,ORD-108937,2,Regret this purchase.,2026-02-09
REV-11452,C00622,P0017,ORD-106517,5,Worth every penny.,2024-10-21
REV-11453,C07939,P0020,ORD-129512,5,Very satisfied.,2026-01-01
REV-11454,C09435,P0057,ORD-141205,3,Not bad.,2024-12-01
REV-11455,C00284,P0021,ORD-101613,5,Exactly as described.,2024-12-19
REV-11456,C07550,P0075,ORD-145105,4,Fantastic quality.,2025-07-28
REV-11457,C01698,P0038,ORD-148878,5,Love this.,2025-12-03
REV-11458,C00397,P0093,ORD-110477,4,Very satisfied.,2026-01-03
REV-11459,C00203,P0013,ORD-118418,4,Five stars!,2025-10-19
REV-11460,C00687,P0038,ORD-101048,5,Very satisfied.,2025-04-08
REV-11461,C00463,P0090,ORD-104421,5,Exactly as described.,2025-09-23
REV-11462,C08882,P0017,ORD-128632,5,Fantastic quality.,2024-02-25
REV-11463,C08947,P0024,ORD-128404,4,Very satisfied.,2025-09-29
REV-11464,C09347,P0093,ORD-121676,4,Exactly as described.,2025-05-22
REV-11465,C07616,P0017,ORD-125789,3,Just average.,2024-06-29
REV-11466,C00184,P0011,ORD-112098,5,Worth every penny.,2024-09-08
REV-11467,C00556,P0024,ORD-111055,5,Love this.,2025-09-28
REV-11468,C06783,P0038,ORD-131847,5,Exactly as described.,2025-12-01
REV-11469,C09998,P0090,ORD-130348,5,Worth every penny.,2025-09-14
REV-11470,C00190,P0058,ORD-109416,5,Fantastic quality.,2024-10-25
REV-11471,C02775,P0038,ORD-142458,5,Love this.,2024-12-29
REV-11472,C00038,P0015,ORD-109162,3,Just average.,2024-07-25
REV-11473,C09470,P0057,ORD-122576,5,Exactly as described.,2026-01-18
REV-11474,C01738,P0024,ORD-127103,5,Great product!,2024-10-15
REV-11475,C04835,P0017,ORD-120177,5,Very satisfied.,2024-08-06
REV-11476,C04435,P0017,ORD-149815,5,Exceeded expectations.,2024-02-05
REV-11477,C01843,P0098,ORD-136081,4,Exactly as described.,2025-07-20
REV-11478,C01736,P0090,ORD-147418,5,Great product!,2025-04-11
REV-11479,C00139,P0059,ORD-103388,5,Worth every penny.,2024-04-25
REV-11480,C00349,P0098,ORD-116953,4,Five stars!,2025-12-30
REV-11481,C07511,P0057,ORD-134725,5,Exactly as described.,2025-10-06
REV-11482,C00061,P0017,ORD-112730,5,Worth every penny.,2025-06-21
REV-11483,C00633,P0013,ORD-113854,4,Exceeded expectations.,2025-08-11
REV-11484,C06927,P0045,ORD-131241,2,Waste of money.,2025-10-18
REV-11485,C01983,P0059,ORD-139648,1,Poor quality.,2025-06-25
REV-11486,C00029,P0078,ORD-107506,5,Worth every penny.,2024-06-19
REV-11487,C05570,P0045,ORD-120641,5,Worth every penny.,2025-01-09
REV-11488,C07608,P0017,ORD-130916,4,Fantastic quality.,2025-08-18
REV-11489,C00956,P0059,ORD-117616,1,Arrived damaged.,2024-06-22
REV-11490,C02138,P0042,ORD-147449,4,Worth every penny.,2024-06-13
REV-11491,C07109,P0078,ORD-126013,5,Very satisfied.,2025-02-15
REV-11492,C06150,P0021,ORD-138121,4,Worth every penny.,2025-07-26
REV-11493,C04010,P0017,ORD-138578,4,Exceeded expectations.,2025-02-27
REV-11494,C00893,P0038,ORD-102889,2,Waste of money.,2024-05-19
REV-11495,C01431,P0024,ORD-122853,5,Fantastic quality.,2024-09-07
REV-11496,C09197,P0070,ORD-127712,4,Exceeded expectations.,2024-04-15
REV-11497,C00556,P0064,ORD-101826,3,Decent quality.,2024-12-02
REV-11498,C09858,P0073,ORD-133021,5,Worth every penny.,2025-10-05
REV-11499,C01371,P0013,ORD-149920,3,Met expectations.,2025-10-09
REV-11500,C04661,P0093,ORD-148288,1,Poor quality.,2025-08-15
REV-11501,C03402,P0038,ORD-126206,5,Five stars!,2025-08-22
REV-11502,C00910,P0045,ORD-106858,4,Love this.,2024-11-26
REV-11503,C07494,P0021,ORD-123844,5,Love this.,2025-01-07
REV-11504,C00163,P0073,ORD-113995,5,Worth every penny.,2024-03-03
REV-11505,C00789,P0093,ORD-114622,5,Fantastic quality.,2024-06-22
REV-11506,C09790,P0058,ORD-137109,5,Love this.,2024-10-13
REV-11507,C00956,P0036,ORD-103925,4,Fantastic quality.,2024-06-17
REV-11508,C09222,P0021,ORD-138545,4,Fantastic quality.,2025-09-24
REV-11509,C07779,P0052,ORD-149623,5,Worth every penny.,2025-05-10
REV-11510,C04160,P0014,ORD-120538,5,Exactly as described.,2025-06-25
REV-11511,C00609,P0085,ORD-119879,4,Five stars!,2025-09-16
REV-11512,C01455,P0070,ORD-137716,5,Worth every penny.,2024-11-21
REV-11513,C00103,P0075,ORD-111784,1,Poor quality.,2024-12-24
REV-11514,C01737,P0074,ORD-138238,4,Five stars!,2025-01-10
REV-11515,C05308,P0024,ORD-127334,5,Five stars!,2025-12-20
REV-11516,C09831,P0064,ORD-123917,1,Disappointed.,2025-06-29
REV-11517,C07659,P0045,ORD-129745,4,Exactly as described.,2024-12-11
REV-11518,C02407,P0063,ORD-138631,4,Fantastic quality.,2025-12-29
REV-11519,C05254,P0020,ORD-126299,3,It's okay.,2025-09-20
REV-11520,C00549,P0093,ORD-115705,5,Great product!,2025-04-25
REV-11521,C00620,P0093,ORD-113073,5,Great product!,2024-12-15
REV-11522,C05250,P0013,ORD-125260,4,Worth every penny.,2025-08-20
REV-11523,C06885,P0058,ORD-144089,4,Great product!,2024-05-06
REV-11524,C01873,P0038,ORD-142268,4,Love this.,2026-02-18
REV-11525,C02900,P0058,ORD-139795,5,Love this.,2026-02-13
REV-11526,C03135,P0068,ORD-127501,5,Five stars!,2024-01-08
REV-11527,C04200,P0017,ORD-132633,4,Exactly as described.,2024-06-25
REV-11528,C03992,P0017,ORD-149619,5,Love this.,2025-06-23
REV-11529,C00270,P0021,ORD-118567,2,Arrived damaged.,2024-04-18
REV-11530,C00625,P0024,ORD-101486,4,Worth every penny.,2024-05-02
REV-11531,C04742,P0013,ORD-131485,5,Worth every penny.,2025-03-27
REV-11532,C00583,P0075,ORD-111279,4,Great product!,2025-01-18
REV-11533,C00181,P0058,ORD-106113,5,Exceeded expectations.,2025-10-06
REV-11534,C06289,P0013,ORD-125090,3,Just average.,2024-06-08
REV-11535,C00862,P0013,ORD-102177,4,Five stars!,2024-09-26
REV-11536,C01128,P0014,ORD-139023,5,Exactly as described.,2026-02-14
REV-11537,C04412,P0015,ORD-137394,5,Exceeded expectations.,2026-01-28
REV-11538,C05873,P0057,ORD-132848,3,Average.,2025-12-22
REV-11539,C05936,P0013,ORD-130012,4,Worth every penny.,2025-01-07
REV-11540,C05541,P0075,ORD-144381,5,Five stars!,2024-10-25
REV-11541,C00161,P0090,ORD-102746,5,Exceeded expectations.,2024-09-14
REV-11542,C09304,P0075,ORD-126885,5,Fantastic quality.,2025-08-30
REV-11543,C00278,P0038,ORD-114496,5,Worth every penny.,2024-11-06
REV-11544,C06750,P0014,ORD-144904,5,Love this.,2024-05-28
REV-11545,C03065,P0090,ORD-125425,4,Very satisfied.,2025-07-30
REV-11546,C00667,P0093,ORD-116333,1,Disappointed.,2024-06-06
REV-11547,C08685,P0059,ORD-128206,2,Disappointed.,2024-08-07
REV-11548,C00037,P0085,ORD-109947,5,Very satisfied.,2025-03-18
REV-11549,C05623,P0038,ORD-136036,5,Exceeded expectations.,2025-01-21
REV-11550,C00185,P0059,ORD-104799,5,Five stars!,2025-12-31
REV-11551,C00358,P0094,ORD-107758,4,Worth every penny.,2024-10-09
REV-11552,C00081,P0057,ORD-111742,5,Exceeded expectations.,2025-10-23
REV-11553,C08238,P0064,ORD-148313,5,Great product!,2024-11-03
REV-11554,C03101,P0078,ORD-121475,5,Five stars!,2024-05-05
REV-11555,C00482,P0057,ORD-103139,5,Love this.,2025-11-28
REV-11556,C00593,P0024,ORD-108409,4,Five stars!,2026-02-16
REV-11557,C02128,P0073,ORD-130521,4,Worth every penny.,2024-10-25
REV-11558,C09137,P0091,ORD-126628,4,Five stars!,2024-07-22
REV-11559,C00776,P0045,ORD-103750,5,Fantastic quality.,2024-04-12
REV-11560,C02997,P0013,ORD-131639,3,It's okay.,2025-09-07
REV-11561,C00704,P0082,ORD-116003,5,Great product!,2024-03-07
REV-11562,C00533,P0075,ORD-118343,5,Five stars!,2025-01-30
REV-11563,C03539,P0064,ORD-133794,4,Very satisfied.,2024-05-24
REV-11564,C06307,P0021,ORD-132773,2,Disappointed.,2025-07-27
REV-11565,C08397,P0070,ORD-120557,3,Just average.,2024-05-22
REV-11566,C06226,P0085,ORD-123081,4,Great product!,2024-07-07
REV-11567,C06121,P0085,ORD-125069,4,Exceeded expectations.,2026-02-04
REV-11568,C03472,P0059,ORD-149101,5,Exceeded expectations.,2025-12-16
REV-11569,C04436,P0015,ORD-123168,2,Not as described.,2025-11-12
REV-11570,C00898,P0098,ORD-116873,3,Decent quality.,2026-02-11
REV-11571,C00119,P0093,ORD-101495,5,Great product!,2025-06-13
REV-11572,C08492,P0017,ORD-127021,5,Five stars!,2024-04-02
REV-11573,C01902,P0057,ORD-123818,4,Great product!,2024-05-02
REV-11574,C03582,P0017,ORD-135770,2,Poor quality.,2024-08-08
REV-11575,C04450,P0058,ORD-138329,5,Fantastic quality.,2025-11-08
REV-11576,C03841,P0038,ORD-146821,4,Five stars!,2024-08-30
REV-11577,C02358,P0010,ORD-137560,5,Great product!,2024-07-19
REV-11578,C09606,P0064,ORD-130049,5,Exactly as described.,2025-01-06
REV-11579,C04537,P0024,ORD-140001,5,Fantastic quality.,2025-10-17
REV-11580,C00294,P0058,ORD-105506,3,Just average.,2025-10-22
REV-11581,C03361,P0073,ORD-127598,5,Great product!,2026-01-05
REV-11582,C06471,P0073,ORD-147468,5,Great product!,2024-12-13
REV-11583,C02231,P0013,ORD-120675,5,Exceeded expectations.,2024-07-15
REV-11584,C08045,P0021,ORD-127998,4,Worth every penny.,2025-02-08
REV-11585,C00839,P0024,ORD-107888,4,Worth every penny.,2024-04-21
REV-11586,C05561,P0073,ORD-138451,4,Worth every penny.,2024-07-11
REV-11587,C01598,P0059,ORD-138860,5,Fantastic quality.,2025-08-13
REV-11588,C00444,P0058,ORD-116939,4,Fantastic quality.,2025-07-02
REV-11589,C00550,P0075,ORD-108890,3,It's okay.,2025-06-13
REV-11590,C02994,P0015,ORD-121407,5,Exceeded expectations.,2025-07-03
REV-11591,C02595,P0059,ORD-144214,4,Great product!,2024-04-24
REV-11592,C00163,P0085,ORD-106064,1,Waste of money.,2024-09-01
REV-11593,C08493,P0064,ORD-143473,4,Worth every penny.,2025-07-17
REV-11594,C08164,P0013,ORD-127236,5,Exactly as described.,2025-10-09
REV-11595,C00142,P0038,ORD-103454,5,Five stars!,2025-12-28
REV-11596,C09700,P0064,ORD-121014,4,Exactly as described.,2026-02-09
REV-11597,C00925,P0070,ORD-113849,4,Exactly as described.,2024-11-05
REV-11598,C08766,P0021,ORD-141078,5,Exceeded expectations.,2025-07-13
REV-11599,C05089,P0075,ORD-137711,4,Exactly as described.,2024-11-01
REV-11600,C00383,P0013,ORD-118392,4,Exceeded expectations.,2024-08-12
REV-11601,C07577,P0021,ORD-126652,4,Fantastic quality.,2024-12-17
REV-11602,C00961,P0059,ORD-107054,5,Worth every penny.,2024-11-28
REV-11603,C03056,P0064,ORD-122124,3,Average.,2026-02-28
REV-11604,C01130,P0021,ORD-121046,5,Very satisfied.,2024-11-20
REV-11605,C04758,P0021,ORD-121812,4,Very satisfied.,2025-12-24
REV-11606,C01928,P0021,ORD-139548,4,Love this.,2024-05-28
REV-11607,C03824,P0014,ORD-122322,4,Fantastic quality.,2024-01-20
REV-11608,C01496,P0064,ORD-140816,5,Fantastic quality.,2025-09-13
REV-11609,C00836,P0024,ORD-114556,4,Fantastic quality.,2024-07-31
REV-11610,C05026,P0013,ORD-135747,5,Exactly as described.,2024-12-11
REV-11611,C00085,P0073,ORD-107199,5,Love this.,2024-04-30
REV-11612,C07105,P0021,ORD-141403,3,Just average.,2024-10-04
REV-11613,C00375,P0038,ORD-116163,1,Disappointed.,2025-02-03
REV-11614,C00673,P0090,ORD-113909,5,Exactly as described.,2025-12-03
REV-11615,C04563,P0064,ORD-122684,5,Worth every penny.,2024-06-17
REV-11616,C09452,P0078,ORD-146149,3,Decent quality.,2024-03-23
REV-11617,C07048,P0024,ORD-131552,5,Worth every penny.,2024-04-04
REV-11618,C07676,P0013,ORD-137041,5,Five stars!,2024-09-26
REV-11619,C00389,P0024,ORD-111347,4,Fantastic quality.,2025-01-24
REV-11620,C06134,P0017,ORD-138679,3,Fairly priced.,2025-07-30
REV-11621,C09657,P0038,ORD-124596,5,Five stars!,2024-04-19
REV-11622,C00213,P0015,ORD-107167,3,Fairly priced.,2024-08-12
REV-11623,C00151,P0057,ORD-100472,5,Exactly as described.,2025-02-01
REV-11624,C00668,P0047,ORD-115909,3,Met expectations.,2025-08-09
REV-11625,C00569,P0078,ORD-113143,3,It's okay.,2024-05-04
REV-11626,C02979,P0085,ORD-121552,5,Fantastic quality.,2025-12-22
REV-11627,C03038,P0020,ORD-130912,4,Great product!,2025-10-08
REV-11628,C00633,P0014,ORD-107183,5,Five stars!,2025-03-14
REV-11629,C00318,P0090,ORD-105807,4,Five stars!,2024-09-03
REV-11630,C00866,P0021,ORD-119162,5,Exactly as described.,2025-03-31
REV-11631,C00610,P0078,ORD-105312,2,Waste of money.,2025-08-29
REV-11632,C01031,P0057,ORD-135954,5,Exactly as described.,2024-12-09
REV-11633,C02815,P0013,ORD-138270,1,Arrived damaged.,2024-09-27
REV-11634,C07590,P0070,ORD-136051,4,Fantastic quality.,2024-04-19
REV-11635,C02258,P0013,ORD-149344,4,Exactly as described.,2024-12-10
REV-11636,C09327,P0024,ORD-120541,4,Love this.,2024-10-01
REV-11637,C00468,P0045,ORD-101767,5,Exceeded expectations.,2025-06-26
REV-11638,C01979,P0045,ORD-133613,5,Very satisfied.,2024-11-13
REV-11639,C00271,P0038,ORD-102550,2,Regret this purchase.,2025-08-22
REV-11640,C00717,P0058,ORD-110467,5,Fantastic quality.,2025-10-14
REV-11641,C08979,P0078,ORD-144806,4,Fantastic quality.,2025-01-16
REV-11642,C00115,P0057,ORD-102761,5,Exceeded expectations.,2026-01-02
REV-11643,C00019,P0033,ORD-118919,5,Fantastic quality.,2025-10-10
REV-11644,C00407,P0098,ORD-116585,4,Worth every penny.,2024-05-18
REV-11645,C08125,P0075,ORD-140593,5,Very satisfied.,2024-05-26
REV-11646,C09804,P0093,ORD-128746,4,Great product!,2024-12-11
REV-11647,C04050,P0093,ORD-138485,4,Very satisfied.,2025-01-10
REV-11648,C00103,P0075,ORD-100006,5,Worth every penny.,2025-09-19
REV-11649,C04018,P0038,ORD-142912,5,Exactly as described.,2024-08-13
REV-11650,C00050,P0059,ORD-110081,5,Worth every penny.,2025-12-28
REV-11651,C04463,P0098,ORD-148384,5,Exactly as described.,2024-03-31
REV-11652,C06039,P0085,ORD-140707,4,Great product!,2025-06-12
REV-11653,C09975,P0085,ORD-147176,5,Exceeded expectations.,2024-05-14
REV-11654,C08521,P0021,ORD-125066,4,Exceeded expectations.,2025-08-26
REV-11655,C06570,P0014,ORD-142496,1,Not as described.,2025-01-18
REV-11656,C07736,P0057,ORD-138673,5,Worth every penny.,2024-07-10
REV-11657,C01255,P0095,ORD-143343,5,Fantastic quality.,2025-10-14
REV-11658,C01602,P0008,ORD-132129,5,Great product!,2025-12-19
REV-11659,C06676,P0017,ORD-141019,4,Love this.,2024-12-16
REV-11660,C00942,P0014,ORD-100158,3,Met expectations.,2024-08-20
REV-11661,C00221,P0075,ORD-117025,5,Five stars!,2025-02-13
REV-11662,C00444,P0100,ORD-109275,4,Love this.,2025-11-12
REV-11663,C02090,P0093,ORD-127005,4,Worth every penny.,2024-07-21
REV-11664,C00564,P0064,ORD-100023,2,Arrived damaged.,2024-03-08
REV-11665,C06560,P0015,ORD-125749,5,Worth every penny.,2025-12-26
REV-11666,C00700,P0017,ORD-114786,5,Worth every penny.,2024-08-14
REV-11667,C08901,P0015,ORD-129883,4,Exceeded expectations.,2025-12-15
REV-11668,C00919,P0090,ORD-104387,5,Exceeded expectations.,2025-05-21
REV-11669,C07275,P0013,ORD-139522,3,Decent quality.,2024-10-13
REV-11670,C00991,P0078,ORD-100371,4,Love this.,2024-05-29
REV-11671,C00197,P0085,ORD-103293,5,Exactly as described.,2026-01-02
REV-11672,C00043,P0073,ORD-108079,5,Five stars!,2025-08-31
REV-11673,C02065,P0070,ORD-129427,5,Fantastic quality.,2026-02-08
REV-11674,C04057,P0069,ORD-133487,5,Great product!,2025-05-23
REV-11675,C03017,P0078,ORD-130551,2,Poor quality.,2025-11-10
REV-11676,C00311,P0045,ORD-107015,2,Waste of money.,2025-12-14
REV-11677,C00852,P0066,ORD-115969,2,Arrived damaged.,2024-12-03
REV-11678,C06653,P0021,ORD-134847,5,Very satisfied.,2024-10-15
REV-11679,C05000,P0020,ORD-126691,4,Worth every penny.,2025-05-31
REV-11680,C04584,P0078,ORD-137694,2,Terrible.,2024-05-04
REV-11681,C00956,P0003,ORD-100751,5,Exactly as described.,2025-02-16
REV-11682,C08000,P0064,ORD-135848,5,Exactly as described.,2025-02-23
REV-11683,C00534,P0021,ORD-101434,4,Five stars!,2024-10-07
REV-11684,C08751,P0085,ORD-131153,4,Worth every penny.,2025-12-24
REV-11685,C03243,P0099,ORD-126799,4,Worth every penny.,2025-05-30
REV-11686,C05440,P0038,ORD-134974,4,Five stars!,2024-10-25
REV-11687,C01226,P0073,ORD-139957,4,Exceeded expectations.,2025-04-26
REV-11688,C00492,P0005,ORD-101107,5,Very satisfied.,2025-02-01
REV-11689,C00532,P0057,ORD-117086,5,Love this.,2025-07-14
REV-11690,C00097,P0024,ORD-113729,2,Waste of money.,2025-02-26
REV-11691,C00391,P0013,ORD-106215,5,Five stars!,2025-01-16
REV-11692,C09299,P0064,ORD-138714,4,Love this.,2024-11-29
REV-11693,C02578,P0064,ORD-132025,5,Great product!,2025-09-02
REV-11694,C03432,P0014,ORD-147112,5,Five stars!,2024-01-18
REV-11695,C07401,P0070,ORD-147652,2,Waste of money.,2025-09-07
REV-11696,C07856,P0015,ORD-146753,4,Exceeded expectations.,2026-02-10
REV-11697,C01829,P0013,ORD-120759,4,Worth every penny.,2026-02-08
REV-11698,C03223,P0021,ORD-147289,3,Not bad.,2026-02-22
REV-11699,C09858,P0045,ORD-128984,5,Love this.,2026-01-03
REV-11700,C07760,P0078,ORD-126881,5,Worth every penny.,2025-07-20
REV-11701,C05118,P0013,ORD-122938,4,Worth every penny.,2025-08-15
REV-11702,C00157,P0058,ORD-103181,4,Fantastic quality.,2026-01-21
REV-11703,C00363,P0038,ORD-110722,4,Great product!,2026-02-02
REV-11704,C00336,P0057,ORD-101885,5,Five stars!,2026-01-31
REV-11705,C03399,P0078,ORD-139103,4,Love this.,2025-11-18
REV-11706,C08023,P0064,ORD-138248,5,Exceeded expectations.,2026-01-14
REV-11707,C07291,P0038,ORD-130040,5,Love this.,2025-08-08
REV-11708,C04139,P0038,ORD-145418,4,Worth every penny.,2025-12-10
REV-11709,C08298,P0085,ORD-143239,4,Great product!,2025-09-03
REV-11710,C01479,P0020,ORD-127584,5,Love this.,2025-10-27
REV-11711,C00973,P0017,ORD-119858,1,Arrived damaged.,2025-10-16
REV-11712,C06543,P0064,ORD-145617,4,Very satisfied.,2024-04-18
REV-11713,C03330,P0064,ORD-123536,5,Five stars!,2025-08-09
REV-11714,C07341,P0017,ORD-136457,3,It's okay.,2025-10-29
REV-11715,C04138,P0075,ORD-135810,5,Exactly as described.,2024-05-23
REV-11716,C00596,P0014,ORD-105837,4,Exactly as described.,2025-09-09
REV-11717,C03066,P0013,ORD-144780,1,Arrived damaged.,2025-08-21
REV-11718,C00385,P0024,ORD-109080,5,Love this.,2025-06-17
REV-11719,C00274,P0059,ORD-112037,5,Love this.,2025-07-21
REV-11720,C04642,P0024,ORD-123866,5,Five stars!,2024-03-30
REV-11721,C05229,P0085,ORD-125968,5,Worth every penny.,2024-11-30
REV-11722,C02563,P0078,ORD-144486,4,Very satisfied.,2025-02-09
REV-11723,C00643,P0017,ORD-111940,3,Not bad.,2024-12-23
REV-11724,C08540,P0059,ORD-129587,4,Five stars!,2024-09-28
REV-11725,C00803,P0085,ORD-100543,4,Exceeded expectations.,2024-12-04
REV-11726,C06725,P0020,ORD-144043,5,Very satisfied.,2024-11-23
REV-11727,C09299,P0024,ORD-125959,4,Worth every penny.,2024-12-22
REV-11728,C00138,P0045,ORD-109896,5,Exactly as described.,2025-01-17
REV-11729,C00992,P0090,ORD-109265,4,Exactly as described.,2026-01-11
REV-11730,C01646,P0058,ORD-147823,4,Very satisfied.,2024-08-09
REV-11731,C04122,P0013,ORD-126815,4,Great product!,2025-04-17
REV-11732,C04987,P0090,ORD-127751,3,It's okay.,2024-06-09
REV-11733,C00512,P0058,ORD-111996,4,Exactly as described.,2025-09-27
REV-11734,C09147,P0073,ORD-126517,4,Fantastic quality.,2025-12-17
REV-11735,C00361,P0090,ORD-119861,3,It's okay.,2025-09-17
REV-11736,C03992,P0093,ORD-128820,5,Fantastic quality.,2024-07-30
REV-11737,C08515,P0059,ORD-146831,3,Met expectations.,2025-12-17
REV-11738,C06210,P0073,ORD-121652,4,Great product!,2025-01-23
REV-11739,C01171,P0073,ORD-122411,1,Not as described.,2025-02-18
REV-11740,C05173,P0069,ORD-140156,5,Five stars!,2024-03-10
REV-11741,C00669,P0063,ORD-115433,5,Great product!,2024-09-08
REV-11742,C00486,P0015,ORD-104448,5,Five stars!,2025-11-15
REV-11743,C04613,P0064,ORD-125515,5,Love this.,2024-10-09
REV-11744,C01114,P0015,ORD-124563,3,Not bad.,2025-02-06
REV-11745,C00267,P0020,ORD-113310,4,Five stars!,2025-11-17
REV-11746,C00512,P0073,ORD-107491,5,Great product!,2024-08-17
REV-11747,C01357,P0015,ORD-143659,5,Very satisfied.,2026-01-10
REV-11748,C04589,P0085,ORD-129820,5,Exactly as described.,2024-01-29
REV-11749,C00184,P0078,ORD-109981,5,Great product!,2025-12-29
REV-11750,C06608,P0057,ORD-144295,4,Great product!,2024-06-16
REV-11751,C00717,P0021,ORD-110169,5,Great product!,2025-10-22
REV-11752,C04216,P0022,ORD-148057,4,Worth every penny.,2025-04-16
REV-11753,C06730,P0044,ORD-121390,4,Fantastic quality.,2024-10-20
REV-11754,C08484,P0038,ORD-122729,5,Worth every penny.,2025-12-18
REV-11755,C03443,P0093,ORD-142199,1,Regret this purchase.,2024-06-27
REV-11756,C03247,P0057,ORD-120727,5,Worth every penny.,2025-11-30
REV-11757,C00714,P0015,ORD-112291,4,Exceeded expectations.,2024-09-19
REV-11758,C00692,P0085,ORD-118210,5,Love this.,2025-12-05
REV-11759,C05987,P0090,ORD-133374,5,Exceeded expectations.,2024-05-13
REV-11760,C00052,P0064,ORD-105770,4,Very satisfied.,2024-03-26
REV-11761,C00948,P0021,ORD-114790,5,Love this.,2025-08-31
REV-11762,C07994,P0085,ORD-134486,5,Love this.,2025-01-17
REV-11763,C09436,P0090,ORD-129234,2,Arrived damaged.,2026-01-01
REV-11764,C00760,P0013,ORD-114949,2,Terrible.,2025-04-04
REV-11765,C06640,P0075,ORD-141827,4,Very satisfied.,2025-12-19
REV-11766,C06659,P0064,ORD-140050,2,Disappointed.,2025-01-08
REV-11767,C06846,P0021,ORD-146824,5,Five stars!,2025-11-08
REV-11768,C00038,P0015,ORD-119912,3,Fairly priced.,2024-09-10
REV-11769,C08005,P0017,ORD-139825,4,Fantastic quality.,2025-06-24
REV-11770,C00874,P0064,ORD-107836,5,Very satisfied.,2025-10-12
REV-11771,C00020,P0045,ORD-117020,4,Exceeded expectations.,2024-12-20
REV-11772,C00530,P0020,ORD-117340,5,Great product!,2025-11-03
REV-11773,C00451,P0064,ORD-106681,5,Very satisfied.,2024-03-22
REV-11774,C00976,P0038,ORD-113758,5,Very satisfied.,2024-11-17
REV-11775,C04141,P0100,ORD-126033,2,Terrible.,2025-10-31
REV-11776,C00381,P0073,ORD-111136,2,Arrived damaged.,2025-01-14
REV-11777,C05220,P0075,ORD-131413,5,Exceeded expectations.,2025-07-09
REV-11778,C01334,P0059,ORD-139991,3,Fairly priced.,2025-12-31
REV-11779,C09693,P0021,ORD-127166,5,Five stars!,2025-09-16
REV-11780,C06528,P0045,ORD-127768,5,Worth every penny.,2025-10-21
REV-11781,C02012,P0013,ORD-124244,5,Great product!,2025-10-19
REV-11782,C07822,P0090,ORD-149092,5,Fantastic quality.,2024-12-13
REV-11783,C00164,P0075,ORD-113057,5,Very satisfied.,2025-12-25
REV-11784,C00391,P0038,ORD-113631,5,Love this.,2025-05-09
REV-11785,C00512,P0090,ORD-112535,5,Love this.,2025-01-07
REV-11786,C00735,P0015,ORD-105950,4,Five stars!,2025-12-11
REV-11787,C00290,P0021,ORD-109940,4,Worth every penny.,2024-07-18
REV-11788,C01324,P0024,ORD-140561,4,Very satisfied.,2025-08-27
REV-11789,C00832,P0020,ORD-115931,3,Just average.,2024-06-19
REV-11790,C04998,P0057,ORD-135219,5,Exactly as described.,2024-05-14
REV-11791,C00599,P0020,ORD-113589,3,It's okay.,2024-11-11
REV-11792,C03683,P0073,ORD-128895,5,Very satisfied.,2025-01-01
REV-11793,C00526,P0020,ORD-118257,4,Exactly as described.,2025-07-12
REV-11794,C09810,P0090,ORD-130060,1,Arrived damaged.,2024-06-29
REV-11795,C00041,P0020,ORD-100721,2,Arrived damaged.,2024-12-05
REV-11796,C08805,P0048,ORD-149894,5,Worth every penny.,2025-11-29
REV-11797,C00665,P0073,ORD-110662,5,Exactly as described.,2025-12-06
REV-11798,C04717,P0006,ORD-136092,4,Exceeded expectations.,2024-06-19
REV-11799,C00866,P0038,ORD-105859,5,Love this.,2024-11-20
REV-11800,C00124,P0015,ORD-118889,4,Great product!,2024-08-30
REV-11801,C08736,P0024,ORD-148491,3,It's okay.,2024-05-20
REV-11802,C04672,P0013,ORD-131658,4,Five stars!,2025-11-19
REV-11803,C00317,P0070,ORD-114088,5,Fantastic quality.,2024-06-16
REV-11804,C03967,P0099,ORD-130904,5,Very satisfied.,2024-07-25
REV-11805,C01374,P0045,ORD-126086,4,Great product!,2025-08-13
REV-11806,C00833,P0038,ORD-113544,3,It's okay.,2025-07-18
REV-11807,C00324,P0093,ORD-108085,5,Five stars!,2026-01-21
REV-11808,C01983,P0057,ORD-147127,5,Exactly as described.,2025-10-06
REV-11809,C00088,P0059,ORD-104128,4,Great product!,2024-03-26
REV-11810,C01290,P0064,ORD-141759,4,Love this.,2024-04-29
REV-11811,C09283,P0093,ORD-137091,5,Love this.,2025-11-01
REV-11812,C09948,P0021,ORD-130702,5,Great product!,2025-10-03
REV-11813,C00055,P0020,ORD-107357,5,Five stars!,2025-05-01
REV-11814,C00531,P0064,ORD-102500,4,Five stars!,2024-09-17
REV-11815,C04500,P0073,ORD-122072,4,Exceeded expectations.,2024-10-12
REV-11816,C09712,P0013,ORD-138099,5,Exceeded expectations.,2024-06-13
REV-11817,C00469,P0093,ORD-102345,5,Exceeded expectations.,2025-08-06
REV-11818,C08673,P0020,ORD-141843,5,Five stars!,2026-01-14
REV-11819,C06539,P0073,ORD-139556,3,It's okay.,2025-08-26
REV-11820,C06378,P0075,ORD-121939,4,Love this.,2026-01-26
REV-11821,C07100,P0038,ORD-137729,5,Exactly as described.,2025-12-27
REV-11822,C00340,P0021,ORD-117127,4,Five stars!,2024-08-18
REV-11823,C09067,P0059,ORD-146168,5,Fantastic quality.,2026-02-21
REV-11824,C06332,P0074,ORD-127939,4,Worth every penny.,2025-08-11
REV-11825,C02704,P0017,ORD-136230,5,Very satisfied.,2024-11-29
REV-11826,C01890,P0078,ORD-125596,4,Very satisfied.,2024-03-03
REV-11827,C05238,P0021,ORD-131865,3,Average.,2024-04-25
REV-11828,C02320,P0015,ORD-120617,4,Fantastic quality.,2025-08-11
REV-11829,C03930,P0047,ORD-126945,3,Not bad.,2025-07-02
REV-11830,C00388,P0078,ORD-105052,4,Great product!,2024-04-10
REV-11831,C00131,P0059,ORD-104794,4,Very satisfied.,2024-10-10
REV-11832,C09499,P0059,ORD-132591,5,Exceeded expectations.,2026-01-16
REV-11833,C00091,P0090,ORD-112539,5,Exactly as described.,2025-02-02
REV-11834,C06049,P0078,ORD-135382,2,Arrived damaged.,2026-01-15
REV-11835,C00484,P0059,ORD-111453,4,Very satisfied.,2024-06-03
REV-11836,C02934,P0090,ORD-129138,5,Great product!,2025-12-01
REV-11837,C06138,P0078,ORD-137022,4,Great product!,2025-11-08
REV-11838,C05209,P0013,ORD-125073,3,Fairly priced.,2025-01-31
REV-11839,C00375,P0024,ORD-110863,1,Arrived damaged.,2024-06-25
REV-11840,C06639,P0013,ORD-130642,4,Worth every penny.,2024-06-19
REV-11841,C03036,P0045,ORD-130263,4,Fantastic quality.,2025-10-13
REV-11842,C09344,P0024,ORD-130799,5,Worth every penny.,2026-01-20
REV-11843,C06045,P0075,ORD-135276,5,Five stars!,2025-06-26
REV-11844,C00975,P0057,ORD-115907,3,Average.,2024-09-17
REV-11845,C05431,P0013,ORD-136467,2,Arrived damaged.,2025-09-06
REV-11846,C02492,P0038,ORD-138309,4,Exceeded expectations.,2025-10-27
REV-11847,C01530,P0070,ORD-142241,4,Exactly as described.,2025-10-09
REV-11848,C00125,P0070,ORD-115557,5,Exceeded expectations.,2025-04-02
REV-11849,C00647,P0045,ORD-113950,5,Fantastic quality.,2025-12-01
REV-11850,C00120,P0038,ORD-116747,5,Love this.,2025-02-15
REV-11851,C01543,P0078,ORD-142218,3,Fairly priced.,2024-12-16
REV-11852,C00060,P0011,ORD-112959,5,Fantastic quality.,2025-09-02
REV-11853,C03362,P0064,ORD-128064,2,Regret this purchase.,2025-07-26
REV-11854,C00405,P0070,ORD-105313,5,Exceeded expectations.,2026-01-22
REV-11855,C04561,P0013,ORD-122956,5,Exactly as described.,2025-09-16
REV-11856,C09566,P0084,ORD-124085,4,Worth every penny.,2025-01-03
REV-11857,C05227,P0090,ORD-121604,4,Love this.,2026-02-04
REV-11858,C00970,P0057,ORD-101265,5,Very satisfied.,2025-10-04
REV-11859,C09817,P0016,ORD-137735,5,Five stars!,2024-12-16
REV-11860,C00285,P0015,ORD-113819,5,Great product!,2024-11-05
REV-11861,C00847,P0014,ORD-105612,4,Worth every penny.,2024-07-08
REV-11862,C09451,P0078,ORD-133713,5,Fantastic quality.,2025-07-26
REV-11863,C00604,P0020,ORD-115810,3,Just average.,2025-01-03
REV-11864,C06661,P0020,ORD-147808,4,Love this.,2025-01-04
REV-11865,C08454,P0075,ORD-149474,4,Great product!,2025-04-09
REV-11866,C00469,P0090,ORD-117957,1,Poor quality.,2024-11-19
REV-11867,C02679,P0059,ORD-121382,1,Waste of money.,2025-07-09
REV-11868,C04581,P0058,ORD-140155,4,Worth every penny.,2025-05-31
REV-11869,C08906,P0081,ORD-127800,3,It's okay.,2025-11-17
REV-11870,C00745,P0051,ORD-100294,5,Love this.,2025-06-17
REV-11871,C00630,P0017,ORD-102533,5,Exceeded expectations.,2024-11-19
REV-11872,C00329,P0075,ORD-113032,5,Fantastic quality.,2026-01-31
REV-11873,C00092,P0013,ORD-114438,5,Very satisfied.,2025-11-14
REV-11874,C09505,P0021,ORD-120145,3,Just average.,2025-01-11
REV-11875,C00348,P0058,ORD-106170,4,Fantastic quality.,2024-02-15
REV-11876,C03115,P0078,ORD-127411,4,Great product!,2025-01-01
REV-11877,C00985,P0021,ORD-118625,3,Met expectations.,2026-01-05
REV-11878,C03177,P0021,ORD-149741,1,Arrived damaged.,2025-11-06
REV-11879,C08398,P0021,ORD-136524,5,Fantastic quality.,2025-08-21
REV-11880,C00108,P0021,ORD-117358,5,Five stars!,2024-11-19
REV-11881,C06240,P0085,ORD-135355,3,Met expectations.,2025-09-02
REV-11882,C00488,P0057,ORD-106219,4,Exactly as described.,2025-11-04
REV-11883,C02624,P0048,ORD-130531,5,Worth every penny.,2025-06-30
REV-11884,C00274,P0013,ORD-108681,3,Fairly priced.,2024-10-25
REV-11885,C00195,P0075,ORD-109386,4,Exceeded expectations.,2024-08-08
REV-11886,C03844,P0020,ORD-120930,4,Exceeded expectations.,2024-11-11
REV-11887,C00618,P0078,ORD-118341,1,Disappointed.,2025-01-13
REV-11888,C03476,P0059,ORD-127728,5,Exactly as described.,2024-07-20
REV-11889,C05713,P0013,ORD-146056,5,Five stars!,2024-11-17
REV-11890,C00012,P0093,ORD-104377,5,Worth every penny.,2024-10-29
REV-11891,C06873,P0024,ORD-121916,4,Fantastic quality.,2024-09-14
REV-11892,C00596,P0070,ORD-114332,1,Arrived damaged.,2025-09-09
REV-11893,C02014,P0085,ORD-148355,5,Fantastic quality.,2025-03-23
REV-11894,C07185,P0073,ORD-131408,3,Fairly priced.,2025-12-08
REV-11895,C07127,P0009,ORD-124789,4,Love this.,2024-03-02
REV-11896,C00220,P0059,ORD-108927,4,Very satisfied.,2025-06-03
REV-11897,C00299,P0090,ORD-113773,1,Arrived damaged.,2026-01-08
REV-11898,C00168,P0073,ORD-117338,5,Love this.,2025-01-18
REV-11899,C09914,P0045,ORD-138784,1,Poor quality.,2025-11-28
REV-11900,C00758,P0090,ORD-101586,3,Just average.,2025-05-23
REV-11901,C06870,P0059,ORD-145515,5,Exactly as described.,2026-02-10
REV-11902,C09428,P0075,ORD-134785,5,Very satisfied.,2024-06-26
REV-11903,C05626,P0021,ORD-124867,5,Exactly as described.,2024-05-31
REV-11904,C00104,P0073,ORD-102954,5,Exactly as described.,2024-10-10
REV-11905,C02615,P0071,ORD-130374,5,Love this.,2026-02-04
REV-11906,C02300,P0020,ORD-135246,5,Fantastic quality.,2025-09-13
REV-11907,C04731,P0017,ORD-123593,5,Very satisfied.,2025-12-10
REV-11908,C00637,P0092,ORD-106610,5,Worth every penny.,2026-02-04
REV-11909,C00758,P0020,ORD-107762,5,Very satisfied.,2025-12-17
REV-11910,C07232,P0038,ORD-145466,5,Great product!,2024-01-28
REV-11911,C07348,P0038,ORD-137362,3,It's okay.,2025-11-20
REV-11912,C03195,P0073,ORD-139044,3,Decent quality.,2024-08-20
REV-11913,C00338,P0075,ORD-107371,1,Waste of money.,2025-10-17
REV-11914,C07141,P0073,ORD-123259,5,Worth every penny.,2024-08-01
REV-11915,C05263,P0073,ORD-123467,4,Great product!,2025-12-21
REV-11916,C05515,P0038,ORD-130107,5,Worth every penny.,2025-05-31
REV-11917,C00994,P0073,ORD-104181,5,Worth every penny.,2024-07-09
REV-11918,C08371,P0015,ORD-120055,4,Fantastic quality.,2024-04-27
REV-11919,C00878,P0070,ORD-100059,5,Very satisfied.,2025-02-02
REV-11920,C03868,P0020,ORD-121633,5,Very satisfied.,2025-04-28
REV-11921,C00340,P0017,ORD-111105,2,Poor quality.,2025-10-17
REV-11922,C00384,P0020,ORD-107846,2,Not as described.,2026-02-06
REV-11923,C05294,P0024,ORD-123420,5,Very satisfied.,2024-06-03
REV-11924,C00365,P0078,ORD-107743,5,Exactly as described.,2024-12-26
REV-11925,C05089,P0064,ORD-120308,5,Exceeded expectations.,2026-02-03
REV-11926,C00865,P0093,ORD-109249,4,Five stars!,2025-12-22
REV-11927,C01847,P0017,ORD-148025,5,Exactly as described.,2025-08-26
REV-11928,C05921,P0015,ORD-145323,5,Love this.,2024-08-29
REV-11929,C08129,P0013,ORD-126245,5,Worth every penny.,2024-11-21
REV-11930,C00542,P0073,ORD-117689,5,Exactly as described.,2025-02-07
REV-11931,C06283,P0045,ORD-132610,5,Exceeded expectations.,2024-05-25
REV-11932,C00690,P0045,ORD-119659,5,Great product!,2024-03-19
REV-11933,C00251,P0059,ORD-101176,5,Great product!,2024-05-27
REV-11934,C02782,P0021,ORD-128130,4,Worth every penny.,2025-11-13
REV-11935,C05064,P0059,ORD-141876,4,Love this.,2024-07-04
REV-11936,C08078,P0015,ORD-121798,4,Fantastic quality.,2025-07-25
REV-11937,C02891,P0064,ORD-135269,2,Waste of money.,2025-12-31
REV-11938,C05291,P0013,ORD-130700,4,Great product!,2025-07-02
REV-11939,C00561,P0058,ORD-115587,3,Decent quality.,2024-05-14
REV-11940,C07128,P0020,ORD-140633,4,Exactly as described.,2025-07-24
REV-11941,C07121,P0022,ORD-125511,4,Love this.,2024-07-19
REV-11942,C00483,P0024,ORD-112487,4,Love this.,2025-02-05
REV-11943,C02747,P0014,ORD-148044,5,Fantastic quality.,2024-07-15
REV-11944,C00871,P0015,ORD-100624,5,Very satisfied.,2025-06-08
REV-11945,C02126,P0085,ORD-128067,4,Five stars!,2025-09-17
REV-11946,C09518,P0015,ORD-145715,4,Fantastic quality.,2025-01-07
REV-11947,C07309,P0013,ORD-147895,5,Very satisfied.,2025-01-09
REV-11948,C01208,P0013,ORD-145982,4,Exactly as described.,2025-01-27
REV-11949,C05694,P0075,ORD-138727,4,Very satisfied.,2025-03-01
REV-11950,C04137,P0093,ORD-130729,3,Average.,2025-11-24
REV-11951,C03933,P0064,ORD-121817,5,Great product!,2024-05-25
REV-11952,C00678,P0057,ORD-112903,4,Love this.,2025-10-20
REV-11953,C00043,P0085,ORD-114733,3,Decent quality.,2025-09-18
REV-11954,C08023,P0070,ORD-120618,4,Exceeded expectations.,2024-08-14
REV-11955,C04152,P0024,ORD-130356,2,Not as described.,2024-08-08
REV-11956,C07917,P0014,ORD-138837,4,Worth every penny.,2025-05-13
REV-11957,C00088,P0024,ORD-106181,5,Exceeded expectations.,2025-11-08
REV-11958,C04683,P0059,ORD-143374,4,Great product!,2024-06-25
REV-11959,C09758,P0064,ORD-148735,5,Very satisfied.,2025-11-22
REV-11960,C03099,P0017,ORD-137373,3,Not bad.,2024-07-31
REV-11961,C01404,P0058,ORD-132325,2,Arrived damaged.,2024-06-30
REV-11962,C01071,P0078,ORD-141964,4,Five stars!,2025-07-25
REV-11963,C01596,P0024,ORD-131478,4,Great product!,2025-02-21
REV-11964,C00057,P0056,ORD-105165,5,Love this.,2025-04-19
REV-11965,C00090,P0013,ORD-108215,4,Love this.,2024-09-20
REV-11966,C00505,P0059,ORD-119896,5,Fantastic quality.,2024-05-02
REV-11967,C05935,P0084,ORD-137477,4,Exceeded expectations.,2025-08-09
REV-11968,C09639,P0090,ORD-145152,5,Worth every penny.,2024-10-02
REV-11969,C02411,P0013,ORD-128107,4,Exceeded expectations.,2025-04-07
REV-11970,C02057,P0015,ORD-121636,4,Five stars!,2025-04-13
REV-11971,C08353,P0070,ORD-127836,5,Very satisfied.,2025-12-01
REV-11972,C00003,P0017,ORD-109056,3,Decent quality.,2026-01-28
REV-11973,C05936,P0013,ORD-144200,4,Exactly as described.,2025-12-11
REV-11974,C08678,P0038,ORD-137202,5,Great product!,2025-09-20
REV-11975,C02786,P0017,ORD-120725,5,Very satisfied.,2024-07-18
REV-11976,C07664,P0090,ORD-133075,5,Exactly as described.,2025-12-05
REV-11977,C00872,P0044,ORD-110209,5,Worth every penny.,2024-07-04
REV-11978,C00483,P0013,ORD-105080,4,Great product!,2024-01-29
REV-11979,C07317,P0077,ORD-145218,2,Waste of money.,2025-08-28
REV-11980,C00281,P0070,ORD-114735,3,Just average.,2024-12-13
REV-11981,C07353,P0014,ORD-141702,4,Very satisfied.,2024-08-13
REV-11982,C00465,P0090,ORD-115463,5,Fantastic quality.,2025-04-13
REV-11983,C01092,P0070,ORD-122216,5,Five stars!,2025-01-25
REV-11984,C00540,P0057,ORD-111204,5,Exactly as described.,2025-03-08
REV-11985,C00611,P0045,ORD-104588,4,Very satisfied.,2024-12-05
REV-11986,C00334,P0024,ORD-119941,4,Exactly as described.,2024-11-09
REV-11987,C00403,P0059,ORD-119399,4,Fantastic quality.,2024-06-26
REV-11988,C00031,P0070,ORD-100273,5,Exceeded expectations.,2025-01-17
REV-11989,C00212,P0007,ORD-115025,3,Fairly priced.,2025-06-11
REV-11990,C00842,P0017,ORD-112653,4,Exactly as described.,2024-07-03
REV-11991,C00468,P0013,ORD-109667,4,Love this.,2024-07-15
REV-11992,C03822,P0066,ORD-139233,4,Exactly as described.,2025-10-31
REV-11993,C03201,P0036,ORD-126816,5,Worth every penny.,2025-11-27
REV-11994,C03647,P0021,ORD-149225,4,Very satisfied.,2025-10-29
REV-11995,C00756,P0013,ORD-112176,4,Fantastic quality.,2025-11-13
REV-11996,C02837,P0013,ORD-146128,2,Disappointed.,2024-11-30
REV-11997,C08102,P0093,ORD-146180,2,Terrible.,2024-11-12
REV-11998,C02218,P0078,ORD-133286,4,Worth every penny.,2024-11-07
REV-11999,C06423,P0057,ORD-142785,5,Love this.,2025-09-24
REV-12000,C02745,P0057,ORD-132077,4,Great product!,2025-01-29
REV-12001,C09582,P0038,ORD-146898,5,Exceeded expectations.,2025-01-25
REV-12002,C00802,P0073,ORD-107770,5,Fantastic quality.,2024-01-15
REV-12003,C04467,P0038,ORD-126414,4,Exactly as described.,2024-10-02
REV-12004,C00393,P0013,ORD-116317,5,Very satisfied.,2025-10-13
REV-12005,C04572,P0020,ORD-140688,5,Worth every penny.,2025-09-22
REV-12006,C00099,P0055,ORD-112746,5,Five stars!,2024-11-06
REV-12007,C08984,P0075,ORD-148004,4,Five stars!,2026-01-25
REV-12008,C00572,P0070,ORD-118118,5,Five stars!,2025-01-09
REV-12009,C05119,P0024,ORD-130714,4,Great product!,2026-01-14
REV-12010,C04499,P0059,ORD-123647,5,Exactly as described.,2024-05-17
REV-12011,C01942,P0085,ORD-148520,4,Very satisfied.,2025-12-30
REV-12012,C00376,P0054,ORD-102749,5,Five stars!,2025-04-06
REV-12013,C04484,P0013,ORD-133960,5,Very satisfied.,2025-08-22
REV-12014,C00315,P0059,ORD-117344,5,Five stars!,2025-10-20
REV-12015,C00052,P0078,ORD-101247,4,Great product!,2026-01-11
REV-12016,C00088,P0038,ORD-100785,5,Love this.,2025-02-05
REV-12017,C02177,P0085,ORD-130891,5,Fantastic quality.,2024-01-26
REV-12018,C09991,P0075,ORD-144020,5,Worth every penny.,2024-06-05
REV-12019,C04089,P0078,ORD-136258,5,Five stars!,2025-08-20
REV-12020,C06339,P0059,ORD-123042,5,Worth every penny.,2024-10-23
REV-12021,C03043,P0075,ORD-130252,4,Very satisfied.,2025-01-17
REV-12022,C00141,P0058,ORD-101851,5,Fantastic quality.,2024-03-22
REV-12023,C08613,P0015,ORD-144235,1,Regret this purchase.,2024-11-09
REV-12024,C09683,P0013,ORD-131769,4,Love this.,2025-05-29
REV-12025,C06343,P0057,ORD-149898,5,Love this.,2024-10-25
REV-12026,C02263,P0021,ORD-122707,4,Five stars!,2025-04-21
REV-12027,C02267,P0085,ORD-144781,5,Five stars!,2025-04-23
REV-12028,C00710,P0073,ORD-101886,4,Five stars!,2024-08-27
REV-12029,C00797,P0013,ORD-114680,5,Very satisfied.,2026-01-16
REV-12030,C00604,P0084,ORD-100579,1,Poor quality.,2024-10-23
REV-12031,C03056,P0013,ORD-142969,5,Great product!,2024-11-30
REV-12032,C03622,P0085,ORD-141746,4,Great product!,2024-02-06
REV-12033,C00093,P0090,ORD-115666,4,Five stars!,2025-06-13
REV-12034,C00686,P0059,ORD-109321,2,Arrived damaged.,2026-01-13
REV-12035,C00977,P0059,ORD-119864,5,Worth every penny.,2026-01-04
REV-12036,C05579,P0017,ORD-137135,4,Five stars!,2025-09-29
REV-12037,C05367,P0090,ORD-140871,5,Five stars!,2025-09-02
REV-12038,C00223,P0038,ORD-112141,5,Love this.,2025-06-11
REV-12039,C00959,P0038,ORD-104614,5,Five stars!,2025-06-17
REV-12040,C06303,P0073,ORD-148699,5,Worth every penny.,2025-10-17
REV-12041,C08864,P0058,ORD-136275,4,Exceeded expectations.,2025-10-14
REV-12042,C03987,P0093,ORD-127020,5,Five stars!,2026-01-26
REV-12043,C00181,P0057,ORD-118336,2,Poor quality.,2025-03-21
REV-12044,C06128,P0048,ORD-141120,5,Fantastic quality.,2025-06-28
REV-12045,C01361,P0063,ORD-142105,3,It's okay.,2025-06-01
REV-12046,C06679,P0024,ORD-141390,1,Disappointed.,2024-08-25
REV-12047,C00513,P0078,ORD-115462,3,Decent quality.,2024-10-03
REV-12048,C00395,P0038,ORD-103113,5,Five stars!,2025-02-02
REV-12049,C02764,P0090,ORD-122917,4,Very satisfied.,2024-09-18
REV-12050,C02864,P0064,ORD-128299,5,Love this.,2026-01-18
REV-12051,C06524,P0090,ORD-123408,3,It's okay.,2025-12-07
REV-12052,C07037,P0020,ORD-120963,5,Love this.,2026-01-08
REV-12053,C03826,P0075,ORD-144325,3,Met expectations.,2025-01-01
REV-12054,C01534,P0057,ORD-134822,4,Exceeded expectations.,2024-06-30
REV-12055,C00714,P0013,ORD-100010,5,Exceeded expectations.,2024-06-03
REV-12056,C01224,P0045,ORD-136980,4,Very satisfied.,2025-05-01
REV-12057,C00977,P0090,ORD-119186,4,Worth every penny.,2025-11-24
REV-12058,C00685,P0059,ORD-109251,5,Love this.,2025-03-08
REV-12059,C01424,P0085,ORD-130177,5,Fantastic quality.,2025-11-13
REV-12060,C00841,P0013,ORD-109689,4,Exactly as described.,2024-12-18
REV-12061,C08479,P0064,ORD-146769,5,Very satisfied.,2024-02-22
REV-12062,C05421,P0021,ORD-127164,5,Great product!,2026-02-12
REV-12063,C03635,P0064,ORD-123289,4,Exceeded expectations.,2025-08-04
REV-12064,C07950,P0024,ORD-137058,5,Five stars!,2025-04-12
REV-12065,C07494,P0038,ORD-148803,1,Terrible.,2026-01-13
REV-12066,C03059,P0090,ORD-131071,1,Arrived damaged.,2025-03-20
REV-12067,C04588,P0064,ORD-128534,4,Love this.,2024-04-10
REV-12068,C00041,P0024,ORD-100356,4,Exceeded expectations.,2026-02-03
REV-12069,C00027,P0070,ORD-104360,5,Fantastic quality.,2025-08-04
REV-12070,C07903,P0014,ORD-133526,5,Very satisfied.,2025-02-10
REV-12071,C00138,P0038,ORD-115581,3,Average.,2025-04-25
REV-12072,C03504,P0021,ORD-136755,4,Love this.,2024-07-12
REV-12073,C06087,P0073,ORD-142278,1,Poor quality.,2025-05-08
REV-12074,C07128,P0024,ORD-140489,2,Arrived damaged.,2025-05-13
REV-12075,C00175,P0085,ORD-110087,5,Very satisfied.,2025-11-18
REV-12076,C02060,P0013,ORD-138294,5,Love this.,2024-07-29
REV-12077,C08865,P0064,ORD-148373,5,Exceeded expectations.,2025-12-03
REV-12078,C00845,P0078,ORD-110570,5,Exactly as described.,2025-03-10
REV-12079,C00551,P0058,ORD-119377,5,Exceeded expectations.,2024-08-25
REV-12080,C03264,P0038,ORD-131978,4,Worth every penny.,2024-04-07
REV-12081,C00545,P0057,ORD-100383,4,Great product!,2025-06-07
REV-12082,C05673,P0086,ORD-144844,1,Regret this purchase.,2025-01-26
REV-12083,C04258,P0005,ORD-148561,3,Decent quality.,2025-09-19
REV-12084,C00562,P0015,ORD-119321,4,Exceeded expectations.,2024-07-16
REV-12085,C06273,P0014,ORD-128015,3,It's okay.,2025-09-14
REV-12086,C02498,P0013,ORD-131653,4,Worth every penny.,2025-01-10
REV-12087,C05172,P0064,ORD-137063,1,Regret this purchase.,2024-06-17
REV-12088,C01430,P0075,ORD-148576,4,Worth every penny.,2025-11-28
REV-12089,C01810,P0064,ORD-145569,5,Exactly as described.,2025-10-13
REV-12090,C00756,P0038,ORD-110844,5,Love this.,2025-11-07
REV-12091,C01642,P0045,ORD-129684,3,Fairly priced.,2026-01-20
REV-12092,C00744,P0059,ORD-118981,5,Five stars!,2025-01-06
REV-12093,C00451,P0015,ORD-114230,5,Exceeded expectations.,2026-01-09
REV-12094,C07634,P0024,ORD-136765,4,Exactly as described.,2025-04-09
REV-12095,C04516,P0070,ORD-122905,5,Worth every penny.,2026-01-05
REV-12096,C08022,P0015,ORD-124052,4,Worth every penny.,2024-03-16
REV-12097,C00905,P0073,ORD-111120,4,Worth every penny.,2026-01-13
REV-12098,C00757,P0078,ORD-105537,4,Great product!,2024-05-27
REV-12099,C07578,P0021,ORD-148599,5,Very satisfied.,2025-12-20
REV-12100,C00149,P0064,ORD-119058,5,Worth every penny.,2024-10-22
REV-12101,C00184,P0057,ORD-105652,5,Exactly as described.,2025-10-06
REV-12102,C03796,P0073,ORD-130624,5,Fantastic quality.,2024-11-30
REV-12103,C05797,P0024,ORD-148144,3,Fairly priced.,2025-07-24
REV-12104,C08153,P0013,ORD-124799,4,Worth every penny.,2024-04-05
REV-12105,C00048,P0020,ORD-110551,3,Met expectations.,2024-10-05
REV-12106,C00210,P0059,ORD-104459,5,Fantastic quality.,2024-10-26
REV-12107,C09929,P0085,ORD-146921,5,Love this.,2025-10-13
REV-12108,C03692,P0090,ORD-129579,5,Great product!,2024-03-24
REV-12109,C08331,P0020,ORD-123484,1,Poor quality.,2026-01-28
REV-12110,C00371,P0013,ORD-114894,5,Love this.,2025-10-20
REV-12111,C00199,P0078,ORD-101548,5,Great product!,2024-10-09
REV-12112,C00613,P0057,ORD-118646,4,Very satisfied.,2024-06-07
REV-12113,C00970,P0064,ORD-118755,5,Exactly as described.,2025-10-07
REV-12114,C06902,P0075,ORD-128834,4,Worth every penny.,2025-12-26
REV-12115,C00364,P0008,ORD-112244,5,Very satisfied.,2024-06-27
REV-12116,C00834,P0073,ORD-113546,5,Great product!,2024-06-29
REV-12117,C04475,P0013,ORD-148154,5,Exceeded expectations.,2026-01-13
REV-12118,C09345,P0058,ORD-147702,4,Fantastic quality.,2025-12-16
REV-12119,C00841,P0095,ORD-118734,5,Love this.,2024-12-24
REV-12120,C02865,P0094,ORD-144664,1,Waste of money.,2024-12-19
REV-12121,C04245,P0075,ORD-147328,5,Love this.,2025-07-10
REV-12122,C08225,P0020,ORD-130663,5,Great product!,2024-04-06
REV-12123,C00516,P0034,ORD-116198,5,Great product!,2026-01-20
REV-12124,C00139,P0013,ORD-103599,5,Five stars!,2025-02-16
REV-12125,C08165,P0058,ORD-123263,5,Five stars!,2026-02-05
REV-12126,C08831,P0045,ORD-135114,4,Great product!,2025-09-05
REV-12127,C00561,P0058,ORD-117488,5,Fantastic quality.,2024-04-26
REV-12128,C08027,P0045,ORD-121642,5,Worth every penny.,2024-08-31
REV-12129,C06664,P0064,ORD-129653,5,Great product!,2025-12-26
REV-12130,C03780,P0090,ORD-141507,4,Worth every penny.,2024-11-07
REV-12131,C05027,P0033,ORD-127210,5,Exactly as described.,2024-08-09
REV-12132,C00802,P0021,ORD-106245,5,Exactly as described.,2024-09-09
REV-12133,C00510,P0071,ORD-113373,3,Met expectations.,2024-07-04
REV-12134,C00489,P0017,ORD-115927,4,Exceeded expectations.,2024-02-29
REV-12135,C09458,P0020,ORD-145163,5,Five stars!,2024-06-30
REV-12136,C08348,P0073,ORD-127795,4,Five stars!,2025-12-12
REV-12137,C06857,P0059,ORD-134837,5,Very satisfied.,2024-02-21
REV-12138,C08638,P0015,ORD-128154,5,Worth every penny.,2026-01-15
REV-12139,C05049,P0038,ORD-140053,5,Very satisfied.,2024-08-24
REV-12140,C00549,P0078,ORD-109796,4,Five stars!,2025-07-14
REV-12141,C02604,P0075,ORD-132635,1,Terrible.,2024-12-23
REV-12142,C00743,P0085,ORD-111344,2,Disappointed.,2024-10-16
REV-12143,C00196,P0070,ORD-106151,4,Five stars!,2026-01-22
REV-12144,C02188,P0090,ORD-145667,4,Worth every penny.,2024-12-18
REV-12145,C00729,P0014,ORD-100970,4,Exactly as described.,2025-10-10
REV-12146,C04384,P0017,ORD-130715,5,Fantastic quality.,2025-08-03
REV-12147,C03065,P0021,ORD-144808,5,Love this.,2025-03-01
REV-12148,C01503,P0059,ORD-134571,5,Exactly as described.,2025-01-31
REV-12149,C08420,P0093,ORD-121339,5,Fantastic quality.,2025-06-04
REV-12150,C00840,P0073,ORD-109976,4,Great product!,2025-11-19
REV-12151,C09347,P0024,ORD-142337,4,Exceeded expectations.,2025-01-27
REV-12152,C08809,P0020,ORD-128233,4,Very satisfied.,2025-07-10
REV-12153,C08281,P0015,ORD-120172,4,Exactly as described.,2025-08-17
REV-12154,C00614,P0073,ORD-114561,4,Love this.,2025-03-07
REV-12155,C00800,P0075,ORD-113311,4,Love this.,2024-06-26
REV-12156,C09981,P0064,ORD-140192,4,Exactly as described.,2026-01-15
REV-12157,C00474,P0013,ORD-109380,4,Worth every penny.,2025-06-27
REV-12158,C00493,P0064,ORD-100138,5,Love this.,2025-03-13
REV-12159,C06891,P0020,ORD-122108,5,Fantastic quality.,2024-12-13
REV-12160,C05849,P0013,ORD-131553,3,It's okay.,2025-12-26
REV-12161,C00523,P0024,ORD-101732,4,Love this.,2025-03-27
REV-12162,C05649,P0021,ORD-144322,4,Love this.,2025-02-09
REV-12163,C00232,P0073,ORD-118817,3,Decent quality.,2024-08-21
REV-12164,C03768,P0015,ORD-120958,1,Regret this purchase.,2025-12-01
REV-12165,C00337,P0070,ORD-110370,2,Waste of money.,2025-05-31
REV-12166,C05309,P0070,ORD-125937,5,Fantastic quality.,2025-10-29
REV-12167,C08738,P0015,ORD-139260,4,Great product!,2024-12-22
REV-12168,C01381,P0021,ORD-124764,4,Love this.,2024-08-30
REV-12169,C06627,P0075,ORD-134734,4,Exactly as described.,2024-05-23
REV-12170,C09836,P0064,ORD-144993,4,Exactly as described.,2024-02-11
REV-12171,C07214,P0021,ORD-127899,4,Love this.,2026-01-31
REV-12172,C00991,P0093,ORD-113043,4,Fantastic quality.,2024-09-20
REV-12173,C05316,P0014,ORD-128561,2,Not as described.,2025-07-13
REV-12174,C00329,P0038,ORD-105997,5,Exceeded expectations.,2024-03-28
REV-12175,C07668,P0075,ORD-139316,5,Five stars!,2024-12-04
REV-12176,C08362,P0015,ORD-144583,4,Five stars!,2025-06-27
REV-12177,C00158,P0005,ORD-104286,4,Worth every penny.,2025-08-03
REV-12178,C04304,P0038,ORD-137935,4,Five stars!,2024-09-28
REV-12179,C00678,P0013,ORD-113556,4,Exactly as described.,2025-07-25
REV-12180,C05316,P0021,ORD-142415,3,It's okay.,2024-09-09
REV-12181,C00360,P0070,ORD-106344,3,Not bad.,2025-02-10
REV-12182,C07595,P0093,ORD-149968,5,Fantastic quality.,2024-05-13
REV-12183,C00492,P0085,ORD-117697,4,Worth every penny.,2025-02-18
REV-12184,C02899,P0014,ORD-143965,5,Great product!,2025-05-03
REV-12185,C01944,P0048,ORD-125221,1,Disappointed.,2025-05-29
REV-12186,C00864,P0064,ORD-111394,5,Love this.,2024-12-02
REV-12187,C00263,P0038,ORD-110634,5,Fantastic quality.,2024-12-09
REV-12188,C00088,P0024,ORD-116504,4,Five stars!,2025-01-01
REV-12189,C06751,P0057,ORD-149904,5,Love this.,2024-12-28
REV-12190,C03913,P0020,ORD-131457,4,Exactly as described.,2024-12-13
REV-12191,C00070,P0087,ORD-117262,5,Great product!,2026-01-05
REV-12192,C02641,P0075,ORD-135713,4,Love this.,2024-10-14
REV-12193,C04357,P0017,ORD-139741,5,Love this.,2025-10-11
REV-12194,C06867,P0073,ORD-141340,5,Love this.,2025-07-25
REV-12195,C00855,P0013,ORD-106190,4,Fantastic quality.,2025-08-13
REV-12196,C01442,P0059,ORD-145682,5,Fantastic quality.,2024-11-09
REV-12197,C04856,P0070,ORD-134558,5,Fantastic quality.,2025-02-25
REV-12198,C00478,P0091,ORD-107176,4,Fantastic quality.,2025-05-08
REV-12199,C00324,P0005,ORD-103098,4,Exactly as described.,2025-05-05
REV-12200,C09064,P0057,ORD-126765,4,Fantastic quality.,2025-08-13
REV-12201,C05026,P0090,ORD-129975,4,Worth every penny.,2026-01-30
REV-12202,C07338,P0085,ORD-147071,5,Love this.,2024-10-15
REV-12203,C08439,P0015,ORD-129652,4,Great product!,2024-06-05
REV-12204,C00510,P0059,ORD-108803,5,Very satisfied.,2024-12-11
REV-12205,C07109,P0090,ORD-134505,4,Five stars!,2024-10-24
REV-12206,C05318,P0013,ORD-134015,2,Terrible.,2024-12-31
REV-12207,C03775,P0073,ORD-120419,2,Waste of money.,2025-01-04
REV-12208,C00250,P0038,ORD-101618,5,Fantastic quality.,2024-10-20
REV-12209,C08094,P0075,ORD-120768,5,Great product!,2025-01-16
REV-12210,C00531,P0059,ORD-119999,5,Exceeded expectations.,2025-05-09
REV-12211,C00662,P0070,ORD-119163,5,Great product!,2025-12-05
REV-12212,C01220,P0017,ORD-137211,3,Not bad.,2024-04-11
REV-12213,C01072,P0038,ORD-143104,4,Exactly as described.,2024-06-30
REV-12214,C00736,P0059,ORD-119371,5,Fantastic quality.,2025-08-09
REV-12215,C01637,P0014,ORD-127586,5,Exceeded expectations.,2025-01-06
REV-12216,C00313,P0070,ORD-100795,5,Worth every penny.,2025-10-28
REV-12217,C00863,P0070,ORD-108588,5,Exactly as described.,2025-01-09
REV-12218,C09349,P0093,ORD-126447,3,Met expectations.,2025-09-25
REV-12219,C00093,P0059,ORD-107673,5,Exactly as described.,2024-08-16
REV-12220,C00530,P0075,ORD-110879,5,Great product!,2025-01-18
REV-12221,C02322,P0021,ORD-137822,5,Very satisfied.,2025-11-24
REV-12222,C01103,P0013,ORD-121388,5,Fantastic quality.,2024-07-04
REV-12223,C01007,P0085,ORD-122845,4,Fantastic quality.,2025-10-16
REV-12224,C02688,P0070,ORD-135391,3,Not bad.,2025-02-04
REV-12225,C02984,P0085,ORD-131249,4,Love this.,2025-01-08
REV-12226,C00467,P0073,ORD-115832,5,Exactly as described.,2024-11-24
REV-12227,C09078,P0015,ORD-125882,4,Exactly as described.,2024-11-30
REV-12228,C03473,P0070,ORD-148758,5,Fantastic quality.,2025-06-18
REV-12229,C00269,P0085,ORD-103664,5,Very satisfied.,2024-08-25
REV-12230,C00473,P0045,ORD-112891,2,Regret this purchase.,2024-07-08
REV-12231,C01681,P0013,ORD-123487,5,Worth every penny.,2024-06-13
REV-12232,C00512,P0073,ORD-102144,3,It's okay.,2025-11-14
REV-12233,C00695,P0064,ORD-102869,5,Exactly as described.,2025-04-30
REV-12234,C00130,P0059,ORD-100165,5,Love this.,2025-02-03
REV-12235,C00409,P0070,ORD-113599,3,Decent quality.,2025-10-18
REV-12236,C00877,P0015,ORD-103080,4,Worth every penny.,2025-12-21
REV-12237,C08845,P0045,ORD-139330,5,Fantastic quality.,2025-12-11
REV-12238,C05401,P0015,ORD-121062,3,Decent quality.,2025-11-30
REV-12239,C04550,P0090,ORD-123499,2,Regret this purchase.,2024-06-23
REV-12240,C00778,P0020,ORD-104051,4,Exactly as described.,2024-12-24
REV-12241,C00034,P0013,ORD-101389,5,Very satisfied.,2025-04-27
REV-12242,C01470,P0013,ORD-121054,4,Exactly as described.,2026-01-14
REV-12243,C00841,P0070,ORD-111442,5,Very satisfied.,2025-07-10
REV-12244,C08833,P0038,ORD-123874,4,Love this.,2024-04-30
REV-12245,C00123,P0085,ORD-113519,4,Very satisfied.,2025-12-16
REV-12246,C07288,P0090,ORD-120232,5,Exactly as described.,2025-02-26
REV-12247,C08852,P0013,ORD-120745,3,Just average.,2026-01-08
REV-12248,C00557,P0059,ORD-119646,3,Met expectations.,2025-06-25
REV-12249,C02281,P0045,ORD-143576,5,Exceeded expectations.,2024-06-21
REV-12250,C00533,P0075,ORD-114722,5,Love this.,2024-07-30
REV-12251,C01896,P0048,ORD-146366,5,Great product!,2025-03-14
REV-12252,C01061,P0073,ORD-133849,5,Very satisfied.,2025-04-26
REV-12253,C03102,P0017,ORD-132476,4,Worth every penny.,2024-11-27
REV-12254,C00568,P0045,ORD-117427,5,Exceeded expectations.,2025-04-29
REV-12255,C03526,P0013,ORD-140640,5,Five stars!,2024-10-02
REV-12256,C07038,P0069,ORD-133433,5,Fantastic quality.,2024-04-30
REV-12257,C06310,P0045,ORD-143527,5,Very satisfied.,2025-06-07
REV-12258,C09834,P0057,ORD-141366,5,Exactly as described.,2024-11-03
REV-12259,C05459,P0057,ORD-136687,4,Great product!,2025-12-03
REV-12260,C01699,P0058,ORD-136332,4,Great product!,2024-03-15
REV-12261,C04633,P0020,ORD-125911,4,Love this.,2025-10-02
REV-12262,C00151,P0014,ORD-104531,5,Very satisfied.,2025-11-24
REV-12263,C00471,P0013,ORD-101516,5,Exceeded expectations.,2024-12-29
REV-12264,C00655,P0038,ORD-107137,5,Fantastic quality.,2025-06-22
REV-12265,C03522,P0021,ORD-133949,3,Met expectations.,2024-08-14
REV-12266,C00800,P0038,ORD-105517,5,Love this.,2025-12-27
REV-12267,C07221,P0017,ORD-133461,4,Love this.,2026-01-22
REV-12268,C00089,P0064,ORD-110330,3,Decent quality.,2026-01-01
REV-12269,C04807,P0073,ORD-127534,5,Love this.,2025-06-04
REV-12270,C00059,P0064,ORD-109484,4,Five stars!,2024-11-18
REV-12271,C00476,P0057,ORD-107738,5,Exactly as described.,2024-11-04
REV-12272,C00962,P0038,ORD-107326,4,Fantastic quality.,2025-07-18
REV-12273,C06566,P0020,ORD-122479,1,Waste of money.,2025-01-04
REV-12274,C08457,P0021,ORD-134742,5,Exceeded expectations.,2024-12-16
REV-12275,C09858,P0014,ORD-136600,3,It's okay.,2026-02-21
REV-12276,C03130,P0057,ORD-137294,3,It's okay.,2025-07-20
REV-12277,C08895,P0070,ORD-149512,5,Love this.,2024-04-19
REV-12278,C00216,P0038,ORD-109432,5,Fantastic quality.,2024-03-18
REV-12279,C09868,P0057,ORD-132130,5,Worth every penny.,2024-08-05
REV-12280,C00487,P0045,ORD-110701,5,Exactly as described.,2025-11-16
REV-12281,C07624,P0078,ORD-145358,4,Great product!,2024-07-16
REV-12282,C04455,P0070,ORD-144982,5,Worth every penny.,2025-07-13
REV-12283,C00197,P0090,ORD-110593,3,Just average.,2024-08-24
REV-12284,C00259,P0015,ORD-106665,4,Exactly as described.,2024-12-26
REV-12285,C03667,P0038,ORD-149366,5,Five stars!,2025-11-17
REV-12286,C00540,P0020,ORD-119955,5,Worth every penny.,2024-10-09
REV-12287,C00643,P0045,ORD-117424,4,Worth every penny.,2025-04-19
REV-12288,C00400,P0024,ORD-107260,3,Decent quality.,2025-09-28
REV-12289,C02835,P0013,ORD-134867,5,Five stars!,2025-12-22
REV-12290,C00121,P0017,ORD-116033,5,Fantastic quality.,2025-05-16
REV-12291,C00765,P0099,ORD-111340,5,Great product!,2025-04-23
REV-12292,C00460,P0013,ORD-105209,4,Exceeded expectations.,2024-11-12
REV-12293,C00945,P0050,ORD-112299,3,Decent quality.,2024-08-13
REV-12294,C00889,P0088,ORD-107463,4,Very satisfied.,2024-12-18
REV-12295,C00270,P0085,ORD-119913,4,Worth every penny.,2025-02-14
REV-12296,C03853,P0085,ORD-135768,5,Five stars!,2025-12-20
REV-12297,C07016,P0095,ORD-133385,4,Great product!,2025-12-11
REV-12298,C00296,P0078,ORD-106553,5,Great product!,2025-11-27
REV-12299,C09932,P0013,ORD-138562,5,Exceeded expectations.,2024-08-15
REV-12300,C00484,P0021,ORD-113033,5,Five stars!,2025-06-05
REV-12301,C00066,P0037,ORD-105875,5,Exactly as described.,2024-11-19
REV-12302,C06593,P0070,ORD-123961,5,Fantastic quality.,2026-01-03
REV-12303,C07855,P0064,ORD-144079,5,Great product!,2024-10-31
REV-12304,C00494,P0073,ORD-119617,5,Great product!,2024-07-05
REV-12305,C00942,P0024,ORD-103958,5,Worth every penny.,2024-03-05
REV-12306,C02590,P0070,ORD-125209,5,Worth every penny.,2024-11-18
REV-12307,C01196,P0021,ORD-131825,5,Exactly as described.,2025-06-28
REV-12308,C00531,P0093,ORD-119386,2,Poor quality.,2025-05-04
REV-12309,C00925,P0078,ORD-104600,3,Average.,2024-03-18
REV-12310,C03071,P0085,ORD-132021,5,Fantastic quality.,2025-01-21
REV-12311,C02122,P0025,ORD-136009,5,Exceeded expectations.,2024-03-30
REV-12312,C06517,P0090,ORD-128503,5,Love this.,2024-06-05
REV-12313,C01400,P0014,ORD-138906,4,Great product!,2025-12-16
REV-12314,C00955,P0064,ORD-119117,5,Love this.,2025-02-25
REV-12315,C00418,P0064,ORD-105695,5,Very satisfied.,2025-01-09
REV-12316,C00014,P0014,ORD-104477,5,Love this.,2024-11-30
REV-12317,C00824,P0059,ORD-113571,5,Great product!,2025-03-15
REV-12318,C03410,P0076,ORD-128284,5,Very satisfied.,2024-10-11
REV-12319,C02132,P0058,ORD-136555,3,Fairly priced.,2025-08-03
REV-12320,C08953,P0064,ORD-134995,5,Very satisfied.,2024-07-10
REV-12321,C00975,P0038,ORD-105579,5,Love this.,2025-11-05
REV-12322,C00391,P0024,ORD-106480,5,Love this.,2024-08-12
REV-12323,C06745,P0038,ORD-120303,5,Love this.,2024-05-02
REV-12324,C00539,P0020,ORD-103428,5,Worth every penny.,2025-08-25
REV-12325,C04815,P0017,ORD-121611,1,Not as described.,2024-12-30
REV-12326,C00420,P0021,ORD-101139,5,Fantastic quality.,2024-12-19
REV-12327,C01650,P0059,ORD-142356,5,Love this.,2025-10-21
REV-12328,C00354,P0059,ORD-114072,5,Great product!,2024-10-09
REV-12329,C00556,P0057,ORD-103008,1,Waste of money.,2025-11-28
REV-12330,C06246,P0064,ORD-135369,5,Worth every penny.,2026-01-02
REV-12331,C00935,P0093,ORD-116132,4,Five stars!,2025-09-15
REV-12332,C06403,P0014,ORD-146736,5,Exceeded expectations.,2025-02-17
REV-12333,C01381,P0078,ORD-146207,4,Exceeded expectations.,2024-08-31
REV-12334,C00746,P0067,ORD-104322,3,It's okay.,2024-10-09
REV-12335,C09027,P0021,ORD-137263,5,Five stars!,2024-09-10
REV-12336,C00265,P0085,ORD-116629,5,Great product!,2026-02-20
REV-12337,C00312,P0057,ORD-106370,5,Fantastic quality.,2025-12-28
REV-12338,C03686,P0015,ORD-129464,5,Exactly as described.,2025-12-19
REV-12339,C09745,P0093,ORD-146976,5,Exceeded expectations.,2025-01-24
REV-12340,C05963,P0093,ORD-139746,5,Exactly as described.,2024-08-25
REV-12341,C07624,P0079,ORD-122164,5,Exceeded expectations.,2024-07-29
REV-12342,C00610,P0064,ORD-113485,5,Five stars!,2025-07-23
REV-12343,C00562,P0057,ORD-108651,5,Great product!,2025-10-10
REV-12344,C00798,P0095,ORD-118320,4,Very satisfied.,2024-12-04
REV-12345,C02052,P0056,ORD-126943,4,Exceeded expectations.,2025-07-23
REV-12346,C08142,P0084,ORD-128216,5,Exceeded expectations.,2026-01-17
REV-12347,C01309,P0013,ORD-133619,4,Great product!,2025-03-12
REV-12348,C01454,P0013,ORD-131008,2,Not as described.,2025-03-24
REV-12349,C04154,P0064,ORD-137939,4,Fantastic quality.,2024-09-20
REV-12350,C00702,P0075,ORD-109232,4,Exactly as described.,2025-07-10
REV-12351,C09988,P0057,ORD-128649,1,Poor quality.,2025-05-30
REV-12352,C06623,P0073,ORD-129922,5,Fantastic quality.,2025-01-21
REV-12353,C01757,P0064,ORD-134209,4,Fantastic quality.,2025-01-17
REV-12354,C00465,P0064,ORD-106204,5,Great product!,2025-12-18
REV-12355,C00725,P0053,ORD-101028,1,Terrible.,2025-07-26
REV-12356,C00895,P0070,ORD-117337,1,Regret this purchase.,2024-12-21
REV-12357,C03037,P0020,ORD-131102,4,Great product!,2025-07-11
REV-12358,C09344,P0013,ORD-128614,5,Fantastic quality.,2024-05-14
REV-12359,C07000,P0015,ORD-149734,4,Exceeded expectations.,2025-06-04
REV-12360,C09147,P0021,ORD-135308,5,Exactly as described.,2025-01-07
REV-12361,C01110,P0017,ORD-132033,4,Exactly as described.,2024-11-30
REV-12362,C04975,P0085,ORD-145627,4,Very satisfied.,2024-12-01
REV-12363,C04606,P0014,ORD-123987,5,Exceeded expectations.,2025-08-20
REV-12364,C00371,P0038,ORD-107302,4,Five stars!,2024-04-30
REV-12365,C03074,P0043,ORD-140548,4,Five stars!,2025-01-07
REV-12366,C00920,P0090,ORD-104428,5,Exceeded expectations.,2024-08-03
REV-12367,C00187,P0070,ORD-105522,4,Fantastic quality.,2026-01-10
REV-12368,C06282,P0073,ORD-125276,4,Exceeded expectations.,2025-09-24
REV-12369,C05340,P0045,ORD-136622,5,Fantastic quality.,2026-01-24
REV-12370,C00113,P0057,ORD-110055,4,Love this.,2025-12-21
REV-12371,C00238,P0014,ORD-113459,5,Five stars!,2024-09-19
REV-12372,C03821,P0090,ORD-132107,5,Exceeded expectations.,2025-07-31
REV-12373,C08294,P0020,ORD-135829,5,Love this.,2025-01-26
REV-12374,C08480,P0070,ORD-124390,2,Not as described.,2025-11-27
REV-12375,C00179,P0064,ORD-108922,2,Arrived damaged.,2025-12-21
REV-12376,C00491,P0075,ORD-102821,5,Exactly as described.,2024-11-02
REV-12377,C09579,P0018,ORD-135610,5,Exceeded expectations.,2025-11-13
REV-12378,C00068,P0020,ORD-116639,3,Decent quality.,2025-06-28
REV-12379,C09104,P0064,ORD-139564,5,Very satisfied.,2026-01-08
REV-12380,C00760,P0086,ORD-119627,2,Terrible.,2025-12-01
REV-12381,C00200,P0085,ORD-115522,4,Fantastic quality.,2025-08-10
REV-12382,C05257,P0081,ORD-149497,4,Great product!,2024-03-11
REV-12383,C03615,P0017,ORD-146792,1,Not as described.,2024-07-22
REV-12384,C00214,P0078,ORD-115030,5,Worth every penny.,2024-10-28
REV-12385,C03971,P0020,ORD-123052,4,Great product!,2024-07-03
REV-12386,C00402,P0070,ORD-119301,5,Very satisfied.,2025-11-28
REV-12387,C04190,P0073,ORD-136748,5,Very satisfied.,2024-11-30
REV-12388,C06537,P0073,ORD-127888,4,Love this.,2025-01-27
REV-12389,C00448,P0084,ORD-111647,5,Five stars!,2025-01-16
REV-12390,C00995,P0044,ORD-115263,1,Regret this purchase.,2025-01-03
REV-12391,C00113,P0057,ORD-114376,4,Exceeded expectations.,2025-05-23
REV-12392,C01412,P0058,ORD-138922,1,Poor quality.,2024-12-28
REV-12393,C02370,P0013,ORD-143935,4,Fantastic quality.,2024-04-19
REV-12394,C02854,P0059,ORD-127802,4,Love this.,2025-07-09
REV-12395,C07818,P0058,ORD-128296,1,Waste of money.,2025-04-16
REV-12396,C00926,P0059,ORD-113391,4,Love this.,2025-07-15
REV-12397,C08298,P0078,ORD-138113,4,Five stars!,2024-11-02
REV-12398,C00457,P0013,ORD-111113,3,Met expectations.,2025-07-11
REV-12399,C00030,P0090,ORD-113399,5,Love this.,2025-11-29
REV-12400,C07063,P0062,ORD-132671,5,Fantastic quality.,2025-04-07
REV-12401,C06551,P0057,ORD-146465,4,Very satisfied.,2025-08-17
REV-12402,C00140,P0014,ORD-102654,5,Great product!,2025-08-24
REV-12403,C05968,P0024,ORD-124141,4,Love this.,2024-09-30
REV-12404,C00643,P0078,ORD-118955,5,Great product!,2024-04-29
REV-12405,C00806,P0064,ORD-118715,4,Fantastic quality.,2024-02-16
REV-12406,C00844,P0013,ORD-119425,5,Five stars!,2025-10-31
REV-12407,C00616,P0005,ORD-102274,5,Worth every penny.,2024-07-05
REV-12408,C00253,P0059,ORD-101259,5,Love this.,2024-01-26
REV-12409,C06917,P0075,ORD-121981,5,Fantastic quality.,2025-11-22
REV-12410,C00449,P0020,ORD-115087,5,Great product!,2024-10-07
REV-12411,C06204,P0045,ORD-134116,5,Fantastic quality.,2025-08-05
REV-12412,C07295,P0058,ORD-126364,4,Very satisfied.,2025-12-28
REV-12413,C09377,P0013,ORD-122847,3,Average.,2025-12-19
REV-12414,C09997,P0093,ORD-129882,5,Love this.,2025-09-20
REV-12415,C06398,P0024,ORD-146915,5,Great product!,2025-01-25
REV-12416,C04442,P0024,ORD-140666,5,Exceeded expectations.,2024-07-16
REV-12417,C00121,P0059,ORD-102170,4,Exactly as described.,2025-01-21
REV-12418,C06437,P0045,ORD-121756,4,Worth every penny.,2025-01-30
REV-12419,C00536,P0090,ORD-113660,5,Fantastic quality.,2025-08-18
REV-12420,C00133,P0059,ORD-102880,1,Disappointed.,2025-12-11
REV-12421,C00857,P0057,ORD-112893,2,Poor quality.,2025-04-17
REV-12422,C01720,P0024,ORD-126932,3,Not bad.,2025-04-02
REV-12423,C05784,P0064,ORD-146382,5,Great product!,2024-12-26
REV-12424,C02414,P0014,ORD-140663,5,Exceeded expectations.,2024-08-05
REV-12425,C09353,P0075,ORD-126779,3,Fairly priced.,2025-07-09
REV-12426,C00297,P0024,ORD-104499,4,Love this.,2025-06-01
REV-12427,C02908,P0064,ORD-127134,5,Five stars!,2025-01-09
REV-12428,C00161,P0058,ORD-108249,5,Fantastic quality.,2026-01-03
REV-12429,C02756,P0070,ORD-127336,5,Great product!,2026-01-02
REV-12430,C05710,P0070,ORD-138305,4,Great product!,2025-03-18
REV-12431,C01858,P0062,ORD-128128,3,It's okay.,2025-02-02
REV-12432,C07683,P0059,ORD-145405,4,Very satisfied.,2025-04-29
REV-12433,C08091,P0059,ORD-132116,5,Great product!,2024-12-18
REV-12434,C00260,P0090,ORD-118674,5,Very satisfied.,2025-02-28
REV-12435,C01774,P0007,ORD-127880,5,Worth every penny.,2025-11-21
REV-12436,C01168,P0058,ORD-137043,2,Poor quality.,2025-04-29
REV-12437,C00477,P0064,ORD-114353,1,Regret this purchase.,2024-12-20
REV-12438,C00432,P0020,ORD-106130,5,Exceeded expectations.,2024-08-01
REV-12439,C00853,P0075,ORD-105926,4,Great product!,2025-05-05
REV-12440,C00679,P0078,ORD-111038,5,Exactly as described.,2024-04-15
REV-12441,C00829,P0038,ORD-116996,4,Worth every penny.,2025-07-07
REV-12442,C00959,P0059,ORD-103315,5,Exactly as described.,2026-01-07
REV-12443,C04541,P0075,ORD-135661,5,Exceeded expectations.,2024-05-31
REV-12444,C00895,P0025,ORD-109624,2,Disappointed.,2024-07-03
REV-12445,C00497,P0058,ORD-102038,4,Exceeded expectations.,2025-05-18
REV-12446,C00805,P0058,ORD-110502,5,Five stars!,2024-01-23
REV-12447,C08193,P0015,ORD-148589,4,Fantastic quality.,2024-11-29
REV-12448,C00457,P0024,ORD-113634,4,Great product!,2024-07-28
REV-12449,C00325,P0013,ORD-104686,5,Fantastic quality.,2025-06-20
REV-12450,C03507,P0014,ORD-134715,5,Five stars!,2024-03-16
REV-12451,C05805,P0090,ORD-132518,5,Exactly as described.,2024-04-17
REV-12452,C03942,P0058,ORD-124979,5,Exactly as described.,2024-12-05
REV-12453,C04695,P0073,ORD-128911,4,Exactly as described.,2025-11-20
REV-12454,C01440,P0096,ORD-141265,5,Five stars!,2024-10-17
REV-12455,C08792,P0090,ORD-139821,5,Exceeded expectations.,2025-02-17
REV-12456,C07981,P0098,ORD-131292,5,Very satisfied.,2025-03-05
REV-12457,C08667,P0064,ORD-125004,5,Great product!,2025-02-03
REV-12458,C04036,P0024,ORD-130484,5,Worth every penny.,2024-09-22
REV-12459,C07631,P0073,ORD-145086,5,Exactly as described.,2025-07-18
REV-12460,C04320,P0085,ORD-121572,4,Very satisfied.,2025-08-13
REV-12461,C01208,P0021,ORD-143842,4,Exactly as described.,2025-11-21
REV-12462,C05243,P0058,ORD-140775,3,Not bad.,2025-01-27
REV-12463,C00708,P0015,ORD-115809,5,Fantastic quality.,2024-09-28
REV-12464,C00464,P0070,ORD-100749,5,Very satisfied.,2025-05-12
REV-12465,C06541,P0058,ORD-142799,4,Fantastic quality.,2025-02-02
REV-12466,C00563,P0090,ORD-117990,1,Not as described.,2025-05-07
REV-12467,C01513,P0045,ORD-139018,5,Exactly as described.,2024-04-11
REV-12468,C03664,P0013,ORD-139228,2,Terrible.,2024-11-10
REV-12469,C00552,P0073,ORD-103855,5,Exactly as described.,2024-12-27
REV-12470,C05709,P0015,ORD-142557,3,Fairly priced.,2026-01-03
REV-12471,C09033,P0059,ORD-149980,4,Exactly as described.,2025-07-10
REV-12472,C00218,P0020,ORD-113536,5,Love this.,2025-12-03
REV-12473,C01899,P0073,ORD-141821,5,Exactly as described.,2024-12-31
REV-12474,C00346,P0093,ORD-111173,3,It's okay.,2025-10-30
REV-12475,C09288,P0055,ORD-142567,5,Fantastic quality.,2025-07-28
REV-12476,C05553,P0064,ORD-129102,3,Average.,2025-07-17
REV-12477,C03764,P0013,ORD-143884,4,Fantastic quality.,2025-11-24
REV-12478,C09231,P0024,ORD-140529,2,Poor quality.,2025-11-19
REV-12479,C01500,P0073,ORD-145030,5,Love this.,2024-10-22
REV-12480,C05195,P0073,ORD-124765,2,Poor quality.,2024-06-19
REV-12481,C00290,P0064,ORD-109482,4,Exactly as described.,2024-11-26
REV-12482,C08383,P0038,ORD-139652,5,Exceeded expectations.,2024-08-31
REV-12483,C03645,P0070,ORD-144319,4,Exceeded expectations.,2025-06-13
REV-12484,C00737,P0036,ORD-104035,4,Exceeded expectations.,2024-03-03
REV-12485,C00933,P0038,ORD-115183,5,Great product!,2025-07-01
REV-12486,C07359,P0059,ORD-134795,5,Exactly as described.,2024-04-30
REV-12487,C00022,P0013,ORD-111104,4,Exceeded expectations.,2024-05-08
REV-12488,C00714,P0085,ORD-112590,3,It's okay.,2025-02-11
REV-12489,C09848,P0070,ORD-124838,5,Very satisfied.,2025-01-20
REV-12490,C00446,P0078,ORD-100206,5,Very satisfied.,2025-05-03
REV-12491,C00178,P0022,ORD-107116,4,Very satisfied.,2024-08-09
REV-12492,C01319,P0045,ORD-127954,5,Exactly as described.,2025-05-19
REV-12493,C01137,P0059,ORD-122764,4,Love this.,2024-11-19
REV-12494,C09750,P0026,ORD-147006,4,Worth every penny.,2026-01-28
REV-12495,C09140,P0038,ORD-143649,5,Five stars!,2024-02-04
REV-12496,C09443,P0093,ORD-127907,5,Exceeded expectations.,2025-06-25
REV-12497,C00444,P0064,ORD-115701,4,Exactly as described.,2025-12-02
REV-12498,C00156,P0021,ORD-105866,5,Exceeded expectations.,2024-09-17
REV-12499,C05765,P0017,ORD-140863,3,Met expectations.,2025-07-23
REV-12500,C06616,P0073,ORD-137235,4,Worth every penny.,2025-12-15
REV-12501,C03031,P0014,ORD-142165,3,Average.,2025-07-24
REV-12502,C00348,P0038,ORD-104337,5,Exceeded expectations.,2025-05-06
REV-12503,C05943,P0036,ORD-130918,5,Love this.,2025-12-19
REV-12504,C08349,P0038,ORD-136414,5,Exactly as described.,2024-03-19
REV-12505,C05586,P0014,ORD-137318,5,Exactly as described.,2025-10-23
REV-12506,C08829,P0038,ORD-128613,5,Worth every penny.,2024-04-13
REV-12507,C00514,P0038,ORD-116386,5,Five stars!,2026-01-21
REV-12508,C00292,P0014,ORD-117391,1,Disappointed.,2025-04-02
REV-12509,C07412,P0064,ORD-131614,5,Love this.,2024-05-17
REV-12510,C00266,P0038,ORD-104872,5,Exceeded expectations.,2024-04-03
REV-12511,C00080,P0084,ORD-101459,1,Poor quality.,2024-08-15
REV-12512,C02016,P0009,ORD-121747,4,Five stars!,2024-07-06
REV-12513,C08114,P0064,ORD-147213,5,Fantastic quality.,2025-12-17
REV-12514,C01501,P0020,ORD-124118,5,Fantastic quality.,2024-06-05
REV-12515,C00411,P0015,ORD-113059,5,Worth every penny.,2024-10-16
REV-12516,C09770,P0057,ORD-142497,2,Waste of money.,2024-11-07
REV-12517,C03105,P0093,ORD-122476,2,Waste of money.,2025-08-31
REV-12518,C05973,P0021,ORD-137113,4,Five stars!,2024-05-10
REV-12519,C00166,P0017,ORD-104179,3,Fairly priced.,2025-04-15
REV-12520,C00977,P0013,ORD-114895,5,Very satisfied.,2024-06-21
REV-12521,C03361,P0096,ORD-133332,4,Worth every penny.,2025-12-14
REV-12522,C00473,P0045,ORD-104185,2,Regret this purchase.,2025-12-30
REV-12523,C00044,P0013,ORD-114740,4,Exactly as described.,2026-01-03
REV-12524,C00863,P0078,ORD-119865,2,Disappointed.,2025-04-02
REV-12525,C04675,P0064,ORD-132979,4,Very satisfied.,2025-06-05
REV-12526,C02256,P0059,ORD-121603,5,Very satisfied.,2025-05-24
REV-12527,C00979,P0091,ORD-110548,5,Great product!,2024-07-01
REV-12528,C01875,P0085,ORD-128622,4,Great product!,2025-11-05
REV-12529,C03959,P0073,ORD-141576,5,Love this.,2025-07-23
REV-12530,C07228,P0015,ORD-140024,5,Exceeded expectations.,2025-01-07
REV-12531,C01586,P0064,ORD-137800,5,Worth every penny.,2025-07-28
REV-12532,C07469,P0093,ORD-147367,5,Love this.,2024-08-26
REV-12533,C00848,P0021,ORD-106323,5,Fantastic quality.,2025-07-08
REV-12534,C00721,P0015,ORD-105294,3,It's okay.,2024-07-02
REV-12535,C09585,P0015,ORD-133259,3,Just average.,2024-05-20
REV-12536,C08526,P0038,ORD-138921,4,Love this.,2024-12-29
REV-12537,C08269,P0057,ORD-140810,4,Very satisfied.,2025-01-04
REV-12538,C00855,P0021,ORD-112615,4,Great product!,2025-09-03
REV-12539,C00005,P0073,ORD-107092,4,Worth every penny.,2025-07-25
REV-12540,C07005,P0093,ORD-130045,5,Worth every penny.,2025-10-06
REV-12541,C08872,P0090,ORD-125751,5,Exceeded expectations.,2025-09-17
REV-12542,C07308,P0041,ORD-127756,4,Worth every penny.,2024-07-23
REV-12543,C04606,P0093,ORD-131873,4,Exactly as described.,2024-06-22
REV-12544,C08296,P0015,ORD-141709,4,Very satisfied.,2025-02-11
REV-12545,C04533,P0014,ORD-132369,4,Exactly as described.,2025-11-04
REV-12546,C06897,P0058,ORD-147606,5,Very satisfied.,2024-08-03
REV-12547,C00185,P0090,ORD-118276,5,Exceeded expectations.,2024-06-18
REV-12548,C05751,P0017,ORD-139886,5,Worth every penny.,2024-11-14
REV-12549,C09902,P0021,ORD-145688,3,Decent quality.,2025-06-04
REV-12550,C00318,P0014,ORD-111964,1,Poor quality.,2024-03-30
REV-12551,C09654,P0064,ORD-129669,4,Five stars!,2025-09-28
REV-12552,C08362,P0013,ORD-127275,5,Great product!,2025-08-27
REV-12553,C00320,P0017,ORD-110449,4,Worth every penny.,2024-06-01
REV-12554,C05716,P0020,ORD-149007,4,Worth every penny.,2024-05-24
REV-12555,C00888,P0064,ORD-114893,5,Love this.,2024-05-19
REV-12556,C07251,P0020,ORD-130229,4,Five stars!,2024-11-09
REV-12557,C00509,P0009,ORD-113700,3,Just average.,2025-10-01
REV-12558,C00146,P0085,ORD-102926,4,Love this.,2024-10-26
REV-12559,C00280,P0019,ORD-112812,4,Exactly as described.,2024-06-27
REV-12560,C03967,P0053,ORD-138748,5,Very satisfied.,2025-08-28
REV-12561,C04267,P0057,ORD-127608,2,Poor quality.,2024-06-29
REV-12562,C06326,P0033,ORD-125082,5,Fantastic quality.,2025-07-22
REV-12563,C04962,P0078,ORD-138115,4,Very satisfied.,2025-01-07
REV-12564,C00792,P0075,ORD-107561,5,Five stars!,2024-12-02
REV-12565,C09633,P0070,ORD-143742,2,Terrible.,2024-09-19
REV-12566,C00564,P0059,ORD-111873,2,Terrible.,2025-09-15
REV-12567,C04596,P0014,ORD-125544,4,Fantastic quality.,2025-11-15
REV-12568,C00903,P0017,ORD-113539,5,Five stars!,2025-01-07
REV-12569,C00875,P0090,ORD-106445,5,Love this.,2025-10-13
REV-12570,C02854,P0020,ORD-149227,4,Five stars!,2024-10-08
REV-12571,C08836,P0073,ORD-149367,4,Exactly as described.,2025-09-16
REV-12572,C05492,P0091,ORD-135315,5,Worth every penny.,2024-04-03
REV-12573,C09727,P0020,ORD-141718,4,Love this.,2024-09-06
REV-12574,C07575,P0058,ORD-130584,1,Regret this purchase.,2024-03-30
REV-12575,C06931,P0013,ORD-133767,5,Very satisfied.,2026-02-11
REV-12576,C04017,P0058,ORD-145462,5,Great product!,2025-04-02
REV-12577,C06461,P0017,ORD-131889,4,Exceeded expectations.,2025-08-24
REV-12578,C00544,P0064,ORD-105699,4,Worth every penny.,2025-06-15
REV-12579,C08248,P0090,ORD-130647,3,It's okay.,2024-05-26
REV-12580,C01682,P0038,ORD-120974,4,Very satisfied.,2024-11-30
REV-12581,C00578,P0093,ORD-118588,5,Great product!,2024-02-26
REV-12582,C00531,P0093,ORD-115317,4,Five stars!,2026-01-09
REV-12583,C02285,P0013,ORD-148930,1,Waste of money.,2026-02-07
REV-12584,C09510,P0017,ORD-147979,1,Not as described.,2025-11-02
REV-12585,C00248,P0074,ORD-108019,4,Exceeded expectations.,2024-06-26
REV-12586,C00289,P0062,ORD-109585,5,Fantastic quality.,2025-01-08
REV-12587,C04918,P0038,ORD-127052,5,Great product!,2025-11-26
REV-12588,C00678,P0024,ORD-100026,4,Great product!,2024-12-15
REV-12589,C00697,P0085,ORD-115708,1,Not as described.,2025-10-12
REV-12590,C01262,P0075,ORD-126497,4,Great product!,2024-04-17
REV-12591,C00638,P0015,ORD-116231,4,Exactly as described.,2024-11-10
REV-12592,C05928,P0073,ORD-127317,5,Very satisfied.,2025-12-10
REV-12593,C00745,P0085,ORD-106830,5,Very satisfied.,2024-07-01
REV-12594,C09152,P0085,ORD-131615,4,Exactly as described.,2026-01-10
REV-12595,C03940,P0038,ORD-136325,3,It's okay.,2026-02-03
REV-12596,C08438,P0013,ORD-145104,4,Very satisfied.,2024-11-17
REV-12597,C09602,P0013,ORD-145883,4,Love this.,2024-07-01
REV-12598,C00823,P0057,ORD-108872,5,Five stars!,2025-01-22
REV-12599,C03037,P0090,ORD-130413,4,Very satisfied.,2025-12-12
REV-12600,C09888,P0078,ORD-139492,4,Five stars!,2025-05-15
REV-12601,C09896,P0085,ORD-127681,5,Exactly as described.,2024-10-04
REV-12602,C05460,P0059,ORD-130989,4,Exceeded expectations.,2024-03-23
REV-12603,C00710,P0058,ORD-111494,1,Disappointed.,2025-06-19
REV-12604,C00194,P0057,ORD-119065,4,Fantastic quality.,2025-10-30
REV-12605,C05423,P0078,ORD-130978,5,Fantastic quality.,2025-09-22
REV-12606,C08012,P0077,ORD-120408,5,Fantastic quality.,2025-02-04
REV-12607,C02473,P0090,ORD-133596,5,Love this.,2024-08-29
REV-12608,C00653,P0073,ORD-102757,5,Five stars!,2025-02-11
REV-12609,C02445,P0078,ORD-134542,4,Exactly as described.,2025-01-02
REV-12610,C00286,P0073,ORD-111213,3,Met expectations.,2025-09-01
REV-12611,C02087,P0038,ORD-124248,5,Exceeded expectations.,2024-08-07
REV-12612,C06294,P0023,ORD-133378,4,Worth every penny.,2025-01-14
REV-12613,C02688,P0024,ORD-138117,2,Arrived damaged.,2025-06-06
REV-12614,C00916,P0093,ORD-110545,4,Worth every penny.,2024-08-13
REV-12615,C06190,P0093,ORD-147719,5,Love this.,2025-07-11
REV-12616,C06371,P0013,ORD-125747,4,Fantastic quality.,2024-07-21
REV-12617,C09101,P0013,ORD-129633,5,Very satisfied.,2024-09-16
REV-12618,C02338,P0058,ORD-129341,1,Regret this purchase.,2025-07-14
REV-12619,C00529,P0014,ORD-105925,5,Worth every penny.,2026-02-01
REV-12620,C02687,P0090,ORD-137337,4,Five stars!,2025-02-17
REV-12621,C04970,P0045,ORD-131555,4,Great product!,2024-11-29
REV-12622,C02245,P0070,ORD-128726,5,Great product!,2025-01-26
REV-12623,C09613,P0038,ORD-131962,4,Exactly as described.,2024-07-20
REV-12624,C00076,P0015,ORD-102730,2,Regret this purchase.,2024-07-12
REV-12625,C00204,P0077,ORD-115926,5,Great product!,2026-01-15
REV-12626,C01436,P0021,ORD-143959,5,Great product!,2024-10-10
REV-12627,C09664,P0013,ORD-128751,4,Very satisfied.,2024-07-27
REV-12628,C09211,P0057,ORD-128295,4,Great product!,2025-10-23
REV-12629,C07489,P0045,ORD-123349,2,Terrible.,2025-12-24
REV-12630,C00477,P0013,ORD-100934,5,Great product!,2024-06-21
REV-12631,C04006,P0047,ORD-125340,5,Great product!,2026-01-07
REV-12632,C00590,P0085,ORD-102628,4,Fantastic quality.,2025-04-16
REV-12633,C03857,P0038,ORD-129795,4,Love this.,2026-01-16
REV-12634,C02876,P0064,ORD-124143,5,Love this.,2026-01-13
REV-12635,C04251,P0085,ORD-131586,4,Exactly as described.,2026-01-20
REV-12636,C09910,P0014,ORD-138901,5,Worth every penny.,2025-08-27
REV-12637,C06162,P0024,ORD-148012,5,Exceeded expectations.,2024-12-10
REV-12638,C00470,P0075,ORD-100791,5,Fantastic quality.,2024-08-23
REV-12639,C00636,P0013,ORD-118750,5,Great product!,2024-12-15
REV-12640,C06034,P0014,ORD-125697,4,Very satisfied.,2025-01-18
REV-12641,C00768,P0017,ORD-108839,5,Great product!,2024-11-26
REV-12642,C06495,P0064,ORD-121726,5,Fantastic quality.,2024-09-25
REV-12643,C04380,P0078,ORD-147911,4,Exactly as described.,2025-08-13
REV-12644,C06219,P0021,ORD-140617,3,Met expectations.,2025-08-04
REV-12645,C08299,P0017,ORD-144095,4,Love this.,2025-02-22
REV-12646,C00376,P0013,ORD-117600,1,Poor quality.,2024-09-12
REV-12647,C05120,P0013,ORD-138236,4,Exactly as described.,2024-11-20
REV-12648,C00639,P0038,ORD-116583,5,Exceeded expectations.,2024-02-24
REV-12649,C03066,P0045,ORD-124227,5,Exceeded expectations.,2024-10-27
REV-12650,C02576,P0070,ORD-137417,5,Exactly as described.,2025-02-05
REV-12651,C00065,P0045,ORD-108689,5,Very satisfied.,2025-02-16
REV-12652,C08706,P0064,ORD-145830,4,Love this.,2024-02-24
REV-12653,C05333,P0078,ORD-130847,5,Worth every penny.,2025-10-13
REV-12654,C00063,P0036,ORD-116907,4,Worth every penny.,2024-11-18
REV-12655,C00700,P0073,ORD-101304,3,Met expectations.,2024-11-16
REV-12656,C06769,P0013,ORD-124812,4,Great product!,2025-07-23
REV-12657,C00160,P0021,ORD-114424,4,Fantastic quality.,2024-05-26
REV-12658,C07345,P0075,ORD-134452,5,Very satisfied.,2024-05-30
REV-12659,C00963,P0038,ORD-101289,5,Exactly as described.,2024-03-11
REV-12660,C07378,P0038,ORD-128198,4,Exceeded expectations.,2024-06-08
REV-12661,C00782,P0073,ORD-105978,3,Met expectations.,2025-10-17
REV-12662,C06476,P0014,ORD-131149,5,Worth every penny.,2025-10-31
REV-12663,C09666,P0057,ORD-130055,5,Great product!,2025-04-08
REV-12664,C09046,P0073,ORD-144578,4,Love this.,2025-07-05
REV-12665,C09814,P0025,ORD-139155,4,Fantastic quality.,2025-09-26
REV-12666,C00513,P0073,ORD-113733,4,Exactly as described.,2024-12-04
REV-12667,C00292,P0021,ORD-110229,4,Very satisfied.,2025-09-26
REV-12668,C04097,P0017,ORD-125741,5,Worth every penny.,2025-10-30
REV-12669,C00132,P0093,ORD-106149,5,Love this.,2025-04-30
REV-12670,C00686,P0015,ORD-101630,4,Very satisfied.,2024-05-11
REV-12671,C00941,P0059,ORD-103872,5,Five stars!,2025-10-19
REV-12672,C07582,P0073,ORD-136421,5,Great product!,2024-06-29
REV-12673,C00225,P0093,ORD-105806,4,Great product!,2025-07-03
REV-12674,C08856,P0070,ORD-136664,5,Very satisfied.,2025-11-09
REV-12675,C02060,P0014,ORD-127974,5,Worth every penny.,2025-04-28
REV-12676,C04748,P0067,ORD-136128,2,Terrible.,2025-06-19
REV-12677,C01674,P0085,ORD-132780,5,Five stars!,2025-03-28
REV-12678,C09352,P0064,ORD-130772,4,Very satisfied.,2025-12-31
REV-12679,C00347,P0078,ORD-118550,4,Very satisfied.,2025-06-01
REV-12680,C09430,P0001,ORD-135816,5,Exactly as described.,2024-12-05
REV-12681,C07662,P0017,ORD-146802,4,Worth every penny.,2024-07-10
REV-12682,C00663,P0085,ORD-101712,4,Five stars!,2024-07-21
REV-12683,C04917,P0013,ORD-130967,5,Great product!,2025-01-13
REV-12684,C00493,P0084,ORD-116665,5,Great product!,2024-09-23
REV-12685,C00939,P0013,ORD-113440,4,Worth every penny.,2024-09-26
REV-12686,C08778,P0038,ORD-121399,4,Five stars!,2025-07-20
REV-12687,C00748,P0015,ORD-112634,5,Five stars!,2026-01-21
REV-12688,C08028,P0090,ORD-148944,3,Met expectations.,2024-06-01
REV-12689,C00505,P0013,ORD-104405,4,Exceeded expectations.,2025-04-24
REV-12690,C00018,P0009,ORD-100930,5,Love this.,2026-01-13
REV-12691,C04500,P0073,ORD-148747,4,Exceeded expectations.,2025-10-30
REV-12692,C07145,P0015,ORD-125933,5,Exactly as described.,2025-12-09
REV-12693,C02604,P0095,ORD-122347,5,Five stars!,2026-02-23
REV-12694,C05492,P0024,ORD-138760,5,Love this.,2024-09-17
REV-12695,C00494,P0015,ORD-112575,3,Decent quality.,2024-05-03
REV-12696,C02024,P0090,ORD-120160,1,Regret this purchase.,2025-01-01
REV-12697,C08932,P0015,ORD-139657,5,Love this.,2025-03-25
REV-12698,C07810,P0078,ORD-135147,4,Great product!,2025-05-19
REV-12699,C09249,P0024,ORD-142090,5,Love this.,2025-10-27
REV-12700,C00746,P0064,ORD-103921,4,Worth every penny.,2024-08-10
REV-12701,C09498,P0024,ORD-126022,5,Great product!,2024-12-27
REV-12702,C04803,P0017,ORD-123795,4,Very satisfied.,2026-02-13
REV-12703,C02024,P0038,ORD-121438,5,Very satisfied.,2024-05-21
REV-12704,C05596,P0017,ORD-125150,5,Exceeded expectations.,2025-07-17
REV-12705,C02360,P0059,ORD-149408,5,Five stars!,2024-07-20
REV-12706,C03867,P0090,ORD-123048,5,Worth every penny.,2025-01-30
REV-12707,C07392,P0085,ORD-131584,5,Great product!,2025-06-30
REV-12708,C08733,P0085,ORD-135437,5,Worth every penny.,2024-02-05
REV-12709,C06295,P0085,ORD-146454,5,Fantastic quality.,2025-02-14
REV-12710,C03247,P0013,ORD-126336,2,Not as described.,2024-10-22
REV-12711,C05517,P0078,ORD-135640,5,Exceeded expectations.,2025-09-01
REV-12712,C00955,P0013,ORD-101742,2,Waste of money.,2024-08-06
REV-12713,C03651,P0093,ORD-137660,5,Very satisfied.,2024-04-01
REV-12714,C00956,P0078,ORD-116264,3,Fairly priced.,2025-03-31
REV-12715,C07112,P0073,ORD-140319,5,Exceeded expectations.,2024-08-25
REV-12716,C00731,P0057,ORD-112154,4,Exceeded expectations.,2024-10-16
REV-12717,C00819,P0058,ORD-103195,5,Very satisfied.,2024-10-27
REV-12718,C07940,P0096,ORD-131945,5,Love this.,2026-01-19
REV-12719,C08944,P0090,ORD-141675,5,Exactly as described.,2024-03-05
REV-12720,C02165,P0014,ORD-149415,5,Fantastic quality.,2025-10-13
REV-12721,C00512,P0024,ORD-117386,4,Exactly as described.,2025-10-25
REV-12722,C06492,P0024,ORD-121149,5,Exceeded expectations.,2025-09-25
REV-12723,C00355,P0013,ORD-119942,4,Exactly as described.,2025-09-07
REV-12724,C06083,P0015,ORD-133829,3,Just average.,2024-09-21
REV-12725,C00725,P0015,ORD-104098,4,Worth every penny.,2024-03-18
REV-12726,C02990,P0015,ORD-142414,5,Worth every penny.,2024-07-19
REV-12727,C03112,P0051,ORD-146981,3,Not bad.,2025-09-15
REV-12728,C07013,P0058,ORD-149090,2,Terrible.,2025-01-06
REV-12729,C00290,P0085,ORD-114462,4,Love this.,2024-08-21
REV-12730,C09260,P0073,ORD-136604,5,Five stars!,2026-01-25
REV-12731,C07220,P0097,ORD-145997,5,Very satisfied.,2025-01-03
REV-12732,C07605,P0045,ORD-128210,5,Five stars!,2026-01-04
REV-12733,C06466,P0066,ORD-144804,5,Exceeded expectations.,2024-05-26
REV-12734,C01950,P0075,ORD-129574,4,Exactly as described.,2024-02-13
REV-12735,C00917,P0058,ORD-105026,4,Exactly as described.,2024-12-01
REV-12736,C00355,P0038,ORD-106050,3,Met expectations.,2026-01-06
REV-12737,C00759,P0059,ORD-117055,3,Just average.,2024-10-01
REV-12738,C08363,P0075,ORD-144128,5,Very satisfied.,2025-08-05
REV-12739,C00172,P0085,ORD-116219,2,Waste of money.,2025-10-13
REV-12740,C05672,P0013,ORD-120178,2,Terrible.,2024-07-11
REV-12741,C05724,P0070,ORD-142478,5,Exactly as described.,2024-07-15
REV-12742,C01032,P0064,ORD-133507,2,Terrible.,2026-02-16
REV-12743,C05324,P0038,ORD-125329,5,Love this.,2024-10-20
REV-12744,C08787,P0008,ORD-140964,5,Fantastic quality.,2024-12-31
REV-12745,C03283,P0045,ORD-142431,4,Great product!,2025-05-24
REV-12746,C00765,P0024,ORD-116068,5,Great product!,2025-01-21
REV-12747,C06942,P0008,ORD-130362,5,Great product!,2025-08-31
REV-12748,C01818,P0093,ORD-140651,3,Decent quality.,2024-11-12
REV-12749,C06521,P0005,ORD-121472,5,Fantastic quality.,2025-06-22
REV-12750,C00794,P0064,ORD-117705,5,Five stars!,2024-09-05
REV-12751,C09424,P0024,ORD-133200,4,Exceeded expectations.,2024-10-20
REV-12752,C05136,P0017,ORD-142480,5,Five stars!,2024-07-06
REV-12753,C01561,P0042,ORD-133170,4,Fantastic quality.,2025-12-23
REV-12754,C01080,P0059,ORD-127162,4,Great product!,2026-01-04
REV-12755,C00319,P0090,ORD-114005,4,Five stars!,2024-07-09
REV-12756,C00245,P0093,ORD-118656,4,Love this.,2025-12-15
REV-12757,C02424,P0070,ORD-121045,5,Worth every penny.,2024-11-05
REV-12758,C07812,P0070,ORD-136060,5,Very satisfied.,2024-06-03
REV-12759,C08999,P0017,ORD-125907,2,Regret this purchase.,2025-11-04
REV-12760,C00434,P0085,ORD-106404,4,Exactly as described.,2025-06-06
REV-12761,C00872,P0051,ORD-111503,5,Exceeded expectations.,2025-01-27
REV-12762,C00038,P0036,ORD-102816,5,Great product!,2024-07-17
REV-12763,C02304,P0017,ORD-122554,4,Very satisfied.,2025-06-19
REV-12764,C02690,P0038,ORD-127044,3,Average.,2024-10-10
REV-12765,C08030,P0013,ORD-137074,5,Love this.,2025-11-29
REV-12766,C01119,P0013,ORD-132277,2,Arrived damaged.,2025-11-05
REV-12767,C03969,P0057,ORD-149674,5,Exactly as described.,2025-06-10
REV-12768,C06770,P0038,ORD-149632,5,Worth every penny.,2024-10-01
REV-12769,C00003,P0093,ORD-108180,2,Disappointed.,2025-11-06
REV-12770,C08678,P0014,ORD-144066,5,Very satisfied.,2025-01-06
REV-12771,C05077,P0071,ORD-142866,4,Fantastic quality.,2025-11-19
REV-12772,C00152,P0045,ORD-114599,5,Exactly as described.,2024-07-25
REV-12773,C01127,P0026,ORD-133622,4,Exceeded expectations.,2025-11-01
REV-12774,C00973,P0090,ORD-107680,5,Very satisfied.,2025-06-22
REV-12775,C01684,P0059,ORD-120347,5,Very satisfied.,2025-10-20
REV-12776,C01132,P0017,ORD-127033,4,Fantastic quality.,2025-06-07
REV-12777,C01888,P0073,ORD-121956,5,Five stars!,2024-06-17
REV-12778,C09209,P0038,ORD-127201,4,Five stars!,2024-11-08
REV-12779,C00511,P0064,ORD-118748,5,Love this.,2025-03-04
REV-12780,C03230,P0044,ORD-123852,5,Very satisfied.,2025-01-24
REV-12781,C04774,P0064,ORD-147754,5,Worth every penny.,2025-01-01
REV-12782,C00993,P0038,ORD-117737,5,Fantastic quality.,2024-11-05
REV-12783,C00867,P0013,ORD-113156,5,Exactly as described.,2024-04-08
REV-12784,C02359,P0078,ORD-141626,5,Fantastic quality.,2024-11-27
REV-12785,C08001,P0014,ORD-133154,5,Love this.,2025-07-30
REV-12786,C05184,P0024,ORD-127934,4,Exceeded expectations.,2024-12-28
REV-12787,C00555,P0024,ORD-106338,4,Love this.,2024-11-24
REV-12788,C07750,P0070,ORD-136403,5,Exactly as described.,2025-12-04
REV-12789,C00167,P0015,ORD-113506,4,Five stars!,2024-11-13
REV-12790,C00563,P0090,ORD-109394,5,Love this.,2024-10-25
REV-12791,C00177,P0078,ORD-109661,5,Very satisfied.,2024-12-31
REV-12792,C08810,P0053,ORD-129289,4,Love this.,2026-01-20
REV-12793,C00646,P0013,ORD-119608,5,Very satisfied.,2025-04-28
REV-12794,C01774,P0020,ORD-146767,4,Exceeded expectations.,2025-08-23
REV-12795,C01850,P0073,ORD-137953,5,Exceeded expectations.,2025-03-30
REV-12796,C05067,P0013,ORD-130833,5,Five stars!,2025-02-09
REV-12797,C01027,P0073,ORD-123497,4,Five stars!,2024-03-25
REV-12798,C09891,P0075,ORD-138891,3,It's okay.,2024-03-26
REV-12799,C00759,P0070,ORD-119893,4,Great product!,2025-06-28
REV-12800,C05920,P0078,ORD-127001,3,It's okay.,2024-09-17
REV-12801,C01375,P0070,ORD-132437,5,Fantastic quality.,2025-12-31
REV-12802,C08093,P0038,ORD-124410,4,Fantastic quality.,2024-10-22
REV-12803,C06867,P0021,ORD-125523,4,Great product!,2024-10-20
REV-12804,C00522,P0085,ORD-101018,4,Fantastic quality.,2025-11-14
REV-12805,C00351,P0045,ORD-106653,5,Exceeded expectations.,2024-08-17
REV-12806,C07038,P0073,ORD-130406,5,Great product!,2025-02-10
REV-12807,C07763,P0059,ORD-140822,1,Regret this purchase.,2024-09-02
REV-12808,C03702,P0064,ORD-122073,5,Exactly as described.,2024-04-14
REV-12809,C04493,P0024,ORD-139207,5,Worth every penny.,2024-11-24
REV-12810,C00029,P0038,ORD-106072,5,Worth every penny.,2025-05-25
REV-12811,C06031,P0058,ORD-126452,4,Very satisfied.,2024-07-22
REV-12812,C02482,P0064,ORD-129958,5,Great product!,2024-02-11
REV-12813,C00554,P0020,ORD-108833,1,Not as described.,2025-03-15
REV-12814,C05225,P0015,ORD-141935,4,Exactly as described.,2025-05-13
REV-12815,C00389,P0090,ORD-107488,5,Very satisfied.,2026-01-12
REV-12816,C04071,P0078,ORD-141839,5,Exceeded expectations.,2024-02-01
REV-12817,C07980,P0075,ORD-128831,5,Exactly as described.,2024-11-23
REV-12818,C00015,P0013,ORD-111367,5,Great product!,2025-11-22
REV-12819,C08485,P0021,ORD-145199,5,Great product!,2024-03-06
REV-12820,C06326,P0070,ORD-148098,5,Exactly as described.,2025-04-30
REV-12821,C00929,P0020,ORD-105001,4,Exactly as described.,2025-01-29
REV-12822,C01301,P0096,ORD-147533,2,Not as described.,2024-12-28
REV-12823,C00388,P0014,ORD-118539,4,Very satisfied.,2024-04-11
REV-12824,C09157,P0073,ORD-128081,4,Worth every penny.,2025-04-29
REV-12825,C06572,P0085,ORD-126375,5,Worth every penny.,2024-10-21
REV-12826,C00860,P0059,ORD-116604,4,Exceeded expectations.,2024-04-26
REV-12827,C05101,P0038,ORD-126914,4,Fantastic quality.,2024-06-04
REV-12828,C00887,P0053,ORD-110054,5,Great product!,2025-11-07
REV-12829,C09217,P0064,ORD-121097,5,Great product!,2024-07-03
REV-12830,C07051,P0070,ORD-136556,5,Exceeded expectations.,2024-08-24
REV-12831,C02756,P0059,ORD-132496,5,Love this.,2025-12-05
REV-12832,C04056,P0075,ORD-134631,5,Very satisfied.,2025-03-03
REV-12833,C05365,P0057,ORD-145949,5,Exceeded expectations.,2025-06-30
REV-12834,C00405,P0013,ORD-119737,5,Worth every penny.,2025-03-14
REV-12835,C05636,P0070,ORD-137803,4,Exceeded expectations.,2024-07-01
REV-12836,C02610,P0014,ORD-139320,5,Worth every penny.,2025-04-16
REV-12837,C00441,P0021,ORD-112785,4,Great product!,2024-08-31
REV-12838,C08563,P0090,ORD-138987,5,Fantastic quality.,2024-12-22
REV-12839,C04214,P0064,ORD-120885,5,Worth every penny.,2025-07-24
REV-12840,C04772,P0097,ORD-120611,1,Terrible.,2024-10-05
REV-12841,C00999,P0064,ORD-100362,5,Very satisfied.,2024-06-23
REV-12842,C08521,P0014,ORD-146608,2,Disappointed.,2025-01-28
REV-12843,C08559,P0073,ORD-140262,1,Poor quality.,2025-08-20
REV-12844,C05643,P0085,ORD-129527,5,Fantastic quality.,2024-07-22
REV-12845,C00309,P0014,ORD-103255,2,Not as described.,2025-11-26
REV-12846,C00497,P0058,ORD-117555,5,Worth every penny.,2024-08-08
REV-12847,C02920,P0017,ORD-148715,5,Exactly as described.,2024-12-16
REV-12848,C00309,P0085,ORD-106583,4,Five stars!,2024-08-10
REV-12849,C08257,P0020,ORD-148013,5,Worth every penny.,2024-09-03
REV-12850,C06411,P0064,ORD-142003,5,Great product!,2026-01-10
REV-12851,C02972,P0070,ORD-141737,4,Exactly as described.,2024-05-19
REV-12852,C00938,P0045,ORD-118760,5,Love this.,2025-11-12
REV-12853,C00479,P0090,ORD-103228,4,Fantastic quality.,2024-02-17
REV-12854,C00964,P0020,ORD-101436,3,Just average.,2025-09-03
REV-12855,C00558,P0090,ORD-102271,5,Worth every penny.,2025-05-30
REV-12856,C06534,P0064,ORD-122902,5,Worth every penny.,2024-12-23
REV-12857,C00520,P0057,ORD-118534,5,Fantastic quality.,2024-09-22
REV-12858,C02622,P0021,ORD-140739,4,Love this.,2024-08-09
REV-12859,C07197,P0038,ORD-134187,3,It's okay.,2025-01-02
REV-12860,C00674,P0067,ORD-101949,5,Love this.,2025-01-30
REV-12861,C03253,P0013,ORD-138755,1,Arrived damaged.,2024-09-11
REV-12862,C08587,P0038,ORD-139361,5,Fantastic quality.,2024-12-24
REV-12863,C01658,P0098,ORD-124117,4,Very satisfied.,2024-04-12
REV-12864,C08514,P0058,ORD-147986,4,Exceeded expectations.,2026-01-12
REV-12865,C03662,P0054,ORD-132128,5,Exceeded expectations.,2025-12-15
REV-12866,C00932,P0070,ORD-101760,4,Worth every penny.,2024-03-16
REV-12867,C00075,P0021,ORD-111079,4,Very satisfied.,2026-01-14
REV-12868,C09690,P0038,ORD-135599,2,Arrived damaged.,2025-04-26
REV-12869,C00068,P0090,ORD-114030,5,Love this.,2026-01-12
REV-12870,C00380,P0059,ORD-117958,1,Arrived damaged.,2025-06-24
REV-12871,C00562,P0058,ORD-111228,5,Great product!,2024-06-05
REV-12872,C07199,P0057,ORD-142333,4,Five stars!,2024-07-10
REV-12873,C00962,P0093,ORD-102812,5,Five stars!,2024-05-20
REV-12874,C00395,P0017,ORD-110817,3,Decent quality.,2025-09-29
REV-12875,C04343,P0038,ORD-122794,5,Great product!,2025-08-19
REV-12876,C09708,P0093,ORD-148298,5,Great product!,2025-04-24
REV-12877,C03572,P0038,ORD-125877,3,Average.,2026-01-27
REV-12878,C00090,P0013,ORD-101403,5,Very satisfied.,2024-07-25
REV-12879,C00932,P0015,ORD-102372,4,Exceeded expectations.,2025-08-21
REV-12880,C09295,P0021,ORD-146208,4,Worth every penny.,2024-11-21
REV-12881,C01734,P0014,ORD-145775,5,Five stars!,2025-06-07
REV-12882,C04490,P0075,ORD-133905,4,Worth every penny.,2026-01-06
REV-12883,C06860,P0013,ORD-129115,5,Exactly as described.,2024-03-11
REV-12884,C01427,P0081,ORD-129413,4,Exceeded expectations.,2025-04-26
REV-12885,C09068,P0038,ORD-123493,5,Fantastic quality.,2025-12-16
REV-12886,C00086,P0020,ORD-109250,5,Very satisfied.,2024-09-22
REV-12887,C00573,P0057,ORD-102539,4,Worth every penny.,2024-11-11
REV-12888,C02218,P0078,ORD-146508,2,Regret this purchase.,2024-06-22
REV-12889,C08978,P0059,ORD-130961,3,Met expectations.,2026-02-17
REV-12890,C09932,P0070,ORD-144642,4,Love this.,2025-06-18
REV-12891,C03024,P0073,ORD-148454,3,Met expectations.,2024-09-10
REV-12892,C00234,P0095,ORD-100483,5,Great product!,2025-09-01
REV-12893,C00410,P0057,ORD-119332,4,Worth every penny.,2024-06-18
REV-12894,C00886,P0058,ORD-101955,4,Great product!,2025-07-25
REV-12895,C00512,P0070,ORD-102208,5,Five stars!,2024-10-10
REV-12896,C00974,P0045,ORD-111962,5,Worth every penny.,2024-12-23
REV-12897,C00955,P0017,ORD-101061,2,Waste of money.,2025-01-06
REV-12898,C07365,P0071,ORD-121057,4,Fantastic quality.,2025-11-09
REV-12899,C00899,P0057,ORD-111795,4,Exactly as described.,2024-07-22
REV-12900,C08055,P0058,ORD-142753,5,Exceeded expectations.,2024-08-27
REV-12901,C02889,P0093,ORD-133634,5,Very satisfied.,2024-10-15
REV-12902,C02323,P0013,ORD-144759,5,Love this.,2026-01-04
REV-12903,C09882,P0057,ORD-145968,3,Met expectations.,2026-01-29
REV-12904,C02257,P0013,ORD-146744,5,Exactly as described.,2024-12-29
REV-12905,C00624,P0013,ORD-114937,4,Very satisfied.,2024-10-21
REV-12906,C00474,P0090,ORD-108708,5,Great product!,2025-11-22
REV-12907,C09668,P0059,ORD-123581,5,Worth every penny.,2025-07-05
REV-12908,C00361,P0075,ORD-100090,4,Five stars!,2024-02-13
REV-12909,C04386,P0059,ORD-133261,2,Poor quality.,2026-01-10
REV-12910,C02220,P0024,ORD-141980,4,Exactly as described.,2025-08-14
REV-12911,C08763,P0057,ORD-149349,3,Fairly priced.,2024-09-08
REV-12912,C06696,P0075,ORD-125902,4,Worth every penny.,2024-07-08
REV-12913,C06239,P0020,ORD-140393,1,Arrived damaged.,2025-07-07
REV-12914,C00789,P0005,ORD-105883,4,Very satisfied.,2026-01-03
REV-12915,C01412,P0055,ORD-140948,5,Exceeded expectations.,2024-10-06
REV-12916,C02240,P0021,ORD-137363,5,Very satisfied.,2024-06-17
REV-12917,C00590,P0093,ORD-110736,5,Great product!,2025-07-30
REV-12918,C09402,P0017,ORD-140845,5,Great product!,2025-12-20
REV-12919,C00641,P0085,ORD-108025,4,Very satisfied.,2024-09-09
REV-12920,C00493,P0017,ORD-113896,5,Exceeded expectations.,2025-12-25
REV-12921,C05543,P0058,ORD-145394,5,Love this.,2025-10-20
REV-12922,C00054,P0038,ORD-116307,5,Five stars!,2024-02-22
REV-12923,C00176,P0070,ORD-106029,4,Very satisfied.,2025-05-24
REV-12924,C05699,P0070,ORD-133595,3,Decent quality.,2025-07-08
REV-12925,C06611,P0090,ORD-130131,5,Exactly as described.,2024-03-29
REV-12926,C00671,P0015,ORD-119312,4,Fantastic quality.,2025-11-25
REV-12927,C01852,P0038,ORD-122595,4,Five stars!,2024-07-08
REV-12928,C09818,P0020,ORD-139428,5,Very satisfied.,2025-01-10
REV-12929,C00999,P0073,ORD-104509,1,Arrived damaged.,2025-01-10
REV-12930,C05299,P0064,ORD-120964,4,Exactly as described.,2024-12-18
REV-12931,C06140,P0075,ORD-128508,5,Exactly as described.,2025-12-30
REV-12932,C01772,P0007,ORD-143939,4,Five stars!,2026-01-03
REV-12933,C07682,P0020,ORD-145977,4,Great product!,2025-03-04
REV-12934,C00554,P0033,ORD-119068,4,Fantastic quality.,2024-11-13
REV-12935,C04649,P0093,ORD-134427,5,Love this.,2025-08-12
REV-12936,C04669,P0024,ORD-132694,4,Worth every penny.,2024-06-12
REV-12937,C00481,P0093,ORD-115215,4,Love this.,2025-10-06
REV-12938,C00066,P0053,ORD-110347,4,Exactly as described.,2025-07-19
REV-12939,C00955,P0015,ORD-115797,4,Very satisfied.,2025-11-08
REV-12940,C00879,P0090,ORD-118010,5,Very satisfied.,2025-01-11
REV-12941,C00913,P0059,ORD-108378,3,Not bad.,2024-12-12
REV-12942,C04481,P0059,ORD-141563,5,Very satisfied.,2025-12-24
REV-12943,C00554,P0013,ORD-110211,4,Five stars!,2025-09-20
REV-12944,C02134,P0093,ORD-125040,5,Great product!,2024-08-24
REV-12945,C00627,P0077,ORD-113722,5,Fantastic quality.,2024-07-16
REV-12946,C00232,P0064,ORD-104470,5,Very satisfied.,2026-02-28
REV-12947,C00774,P0015,ORD-105070,3,Average.,2025-06-22
REV-12948,C00419,P0021,ORD-108330,5,Worth every penny.,2025-10-10
REV-12949,C01952,P0024,ORD-122041,4,Fantastic quality.,2024-07-15
REV-12950,C03173,P0077,ORD-130189,5,Very satisfied.,2024-08-24
REV-12951,C00282,P0017,ORD-104167,4,Five stars!,2025-01-01
REV-12952,C01919,P0058,ORD-143805,5,Worth every penny.,2024-12-05
REV-12953,C03474,P0064,ORD-135145,3,Fairly priced.,2025-02-03
REV-12954,C04572,P0064,ORD-143470,5,Exceeded expectations.,2025-01-22
REV-12955,C00810,P0038,ORD-106062,5,Exactly as described.,2024-12-02
REV-12956,C02871,P0073,ORD-130309,2,Arrived damaged.,2024-09-26
REV-12957,C00309,P0093,ORD-108777,5,Great product!,2025-06-11
REV-12958,C09014,P0058,ORD-148277,5,Fantastic quality.,2025-08-05
REV-12959,C08588,P0008,ORD-129258,3,Not bad.,2025-08-26
REV-12960,C00108,P0024,ORD-119171,5,Exactly as described.,2024-10-07
REV-12961,C07392,P0070,ORD-131481,2,Not as described.,2024-09-20
REV-12962,C05850,P0038,ORD-130110,1,Waste of money.,2025-05-28
REV-12963,C06125,P0021,ORD-128074,3,Just average.,2025-03-22
REV-12964,C04963,P0070,ORD-128241,3,Not bad.,2024-10-18
REV-12965,C00749,P0014,ORD-111546,5,Exceeded expectations.,2024-08-26
REV-12966,C09290,P0021,ORD-126936,5,Very satisfied.,2025-12-27
REV-12967,C07031,P0021,ORD-127206,5,Exceeded expectations.,2025-05-27
REV-12968,C00749,P0038,ORD-114053,5,Exceeded expectations.,2025-01-28
REV-12969,C00411,P0075,ORD-107485,5,Exactly as described.,2025-11-07
REV-12970,C06873,P0015,ORD-136592,4,Great product!,2026-01-03
REV-12971,C00835,P0020,ORD-118803,5,Exceeded expectations.,2026-02-22
REV-12972,C05308,P0010,ORD-140642,5,Very satisfied.,2025-11-28
REV-12973,C00153,P0059,ORD-112317,4,Five stars!,2024-09-07
REV-12974,C05543,P0015,ORD-124102,4,Worth every penny.,2024-08-06
REV-12975,C06072,P0067,ORD-127012,5,Fantastic quality.,2024-08-23
REV-12976,C01156,P0049,ORD-135470,5,Very satisfied.,2025-07-10
REV-12977,C08382,P0058,ORD-125448,5,Fantastic quality.,2026-01-18
REV-12978,C09660,P0015,ORD-146174,5,Worth every penny.,2026-01-29
REV-12979,C07370,P0093,ORD-147683,5,Love this.,2025-01-27
REV-12980,C09002,P0015,ORD-130787,5,Very satisfied.,2024-05-04
REV-12981,C04644,P0093,ORD-142098,4,Exactly as described.,2024-11-05
REV-12982,C00166,P0070,ORD-114926,4,Great product!,2024-05-10
REV-12983,C00268,P0073,ORD-112589,5,Exactly as described.,2025-12-03
REV-12984,C05251,P0014,ORD-124843,5,Exactly as described.,2024-08-21
REV-12985,C00890,P0045,ORD-111110,5,Very satisfied.,2025-01-12
REV-12986,C07394,P0005,ORD-139979,5,Fantastic quality.,2024-05-18
REV-12987,C00754,P0078,ORD-118626,5,Exactly as described.,2024-07-10
REV-12988,C02800,P0053,ORD-125196,5,Love this.,2024-08-23
REV-12989,C05501,P0014,ORD-134683,4,Five stars!,2024-12-20
REV-12990,C00507,P0014,ORD-119430,4,Great product!,2025-05-22
REV-12991,C08611,P0045,ORD-133263,4,Worth every penny.,2024-11-28
REV-12992,C02305,P0071,ORD-121940,5,Very satisfied.,2025-08-22
REV-12993,C00955,P0038,ORD-115980,4,Exceeded expectations.,2024-11-29
REV-12994,C05364,P0059,ORD-135673,4,Love this.,2024-10-30
REV-12995,C00276,P0085,ORD-113695,5,Worth every penny.,2024-05-29
REV-12996,C03055,P0070,ORD-129729,4,Worth every penny.,2025-01-25
REV-12997,C00526,P0020,ORD-101869,5,Very satisfied.,2025-06-23
REV-12998,C05314,P0008,ORD-128259,4,Very satisfied.,2024-12-19
REV-12999,C00703,P0098,ORD-109582,5,Exactly as described.,2025-06-19
REV-13000,C02928,P0070,ORD-133764,4,Great product!,2025-12-28
REV-13001,C00414,P0038,ORD-119827,3,Not bad.,2025-12-09
REV-13002,C04571,P0059,ORD-124657,5,Great product!,2025-08-11
REV-13003,C00152,P0064,ORD-107416,2,Waste of money.,2025-02-06
REV-13004,C00482,P0070,ORD-103608,4,Five stars!,2024-02-06
REV-13005,C00473,P0075,ORD-116902,4,Exceeded expectations.,2025-09-21
REV-13006,C03600,P0014,ORD-141687,3,Decent quality.,2025-11-18
REV-13007,C05822,P0059,ORD-121050,4,Exceeded expectations.,2026-01-22
REV-13008,C01197,P0070,ORD-132467,4,Fantastic quality.,2024-03-18
REV-13009,C02254,P0038,ORD-138095,4,Exceeded expectations.,2026-01-18
REV-13010,C01051,P0038,ORD-140829,2,Terrible.,2024-04-23
REV-13011,C03799,P0013,ORD-137516,2,Regret this purchase.,2025-02-23
REV-13012,C01669,P0078,ORD-127080,5,Very satisfied.,2024-05-21
REV-13013,C09545,P0075,ORD-142324,5,Love this.,2024-04-27
REV-13014,C00182,P0059,ORD-106353,5,Worth every penny.,2024-08-05
REV-13015,C00246,P0038,ORD-107815,4,Love this.,2025-09-13
REV-13016,C05030,P0024,ORD-142853,5,Five stars!,2024-03-08
REV-13017,C07410,P0070,ORD-120484,2,Terrible.,2025-02-08
REV-13018,C00576,P0073,ORD-103966,5,Exactly as described.,2025-06-13
REV-13019,C09451,P0059,ORD-127426,4,Love this.,2025-01-12
REV-13020,C05076,P0090,ORD-141509,5,Very satisfied.,2024-04-06
REV-13021,C04567,P0057,ORD-128668,5,Great product!,2024-12-24
REV-13022,C03290,P0075,ORD-120238,5,Fantastic quality.,2025-01-22
REV-13023,C00967,P0015,ORD-111356,5,Fantastic quality.,2025-03-19
REV-13024,C09327,P0073,ORD-128182,5,Worth every penny.,2024-08-30
REV-13025,C00389,P0045,ORD-116314,5,Great product!,2026-01-01
REV-13026,C00595,P0073,ORD-110547,1,Terrible.,2026-02-02
REV-13027,C00041,P0057,ORD-100028,4,Fantastic quality.,2024-05-09
REV-13028,C02656,P0075,ORD-129088,5,Five stars!,2025-07-17
REV-13029,C03705,P0090,ORD-138030,5,Exceeded expectations.,2024-03-13
REV-13030,C07777,P0038,ORD-123038,4,Exceeded expectations.,2026-02-08
REV-13031,C01085,P0085,ORD-139104,4,Exactly as described.,2024-06-28
REV-13032,C00643,P0017,ORD-112330,5,Great product!,2024-09-04
REV-13033,C04034,P0057,ORD-131263,4,Exactly as described.,2025-04-16
REV-13034,C06905,P0013,ORD-134560,5,Great product!,2025-08-08
REV-13035,C04812,P0073,ORD-145273,5,Fantastic quality.,2025-09-16
REV-13036,C00911,P0020,ORD-111037,3,Not bad.,2024-08-15
REV-13037,C08135,P0057,ORD-126191,5,Love this.,2025-06-27
REV-13038,C00966,P0073,ORD-115693,5,Exactly as described.,2026-01-18
REV-13039,C03564,P0073,ORD-134313,4,Exceeded expectations.,2025-02-12
REV-13040,C00605,P0021,ORD-107431,5,Worth every penny.,2024-05-06
REV-13041,C03057,P0015,ORD-146394,4,Exceeded expectations.,2026-01-27
REV-13042,C09753,P0070,ORD-130972,4,Love this.,2024-06-20
REV-13043,C05373,P0058,ORD-136706,5,Love this.,2024-07-23
REV-13044,C04363,P0059,ORD-129143,4,Five stars!,2025-05-17
REV-13045,C04382,P0058,ORD-121890,2,Arrived damaged.,2024-08-24
REV-13046,C00894,P0033,ORD-119216,3,Just average.,2025-05-07
REV-13047,C00908,P0038,ORD-104111,3,Decent quality.,2025-08-20
REV-13048,C05711,P0077,ORD-131654,2,Regret this purchase.,2024-02-15
REV-13049,C00288,P0093,ORD-103858,5,Fantastic quality.,2024-12-29
REV-13050,C01244,P0053,ORD-142634,5,Great product!,2025-07-21
REV-13051,C02848,P0073,ORD-148432,4,Very satisfied.,2026-01-04
REV-13052,C05209,P0021,ORD-148877,4,Exceeded expectations.,2024-10-03
REV-13053,C08036,P0078,ORD-123400,4,Five stars!,2024-03-02
REV-13054,C00440,P0093,ORD-102222,5,Great product!,2025-12-27
REV-13055,C00637,P0093,ORD-107276,4,Exactly as described.,2025-07-02
REV-13056,C08913,P0059,ORD-129084,4,Five stars!,2025-08-14
REV-13057,C06159,P0070,ORD-120609,4,Exceeded expectations.,2025-08-05
REV-13058,C08922,P0017,ORD-147156,5,Love this.,2025-07-30
REV-13059,C01930,P0021,ORD-145772,5,Love this.,2025-10-23
REV-13060,C00211,P0073,ORD-116291,4,Fantastic quality.,2024-07-09
REV-13061,C09788,P0059,ORD-137684,5,Very satisfied.,2025-12-29
REV-13062,C00422,P0093,ORD-106589,3,It's okay.,2025-11-22
REV-13063,C00816,P0085,ORD-113859,5,Great product!,2024-12-18
REV-13064,C00210,P0024,ORD-101915,3,It's okay.,2025-04-15
REV-13065,C06422,P0038,ORD-133497,5,Love this.,2024-09-03
REV-13066,C02970,P0073,ORD-145640,4,Exactly as described.,2026-01-15
REV-13067,C00014,P0017,ORD-112999,4,Very satisfied.,2024-12-14
REV-13068,C00446,P0063,ORD-118699,5,Great product!,2024-07-14
REV-13069,C01744,P0085,ORD-144876,4,Love this.,2024-11-26
REV-13070,C00991,P0013,ORD-113784,1,Regret this purchase.,2025-11-24
REV-13071,C06928,P0078,ORD-122078,5,Very satisfied.,2025-12-05
REV-13072,C06143,P0045,ORD-121143,5,Exceeded expectations.,2024-12-13
REV-13073,C00151,P0045,ORD-110942,1,Regret this purchase.,2025-11-27
REV-13074,C08264,P0015,ORD-128999,5,Worth every penny.,2025-11-28
REV-13075,C06879,P0014,ORD-144248,3,Met expectations.,2025-12-31
REV-13076,C00305,P0059,ORD-115379,5,Fantastic quality.,2024-10-01
REV-13077,C02699,P0048,ORD-146862,5,Love this.,2025-07-02
REV-13078,C06277,P0073,ORD-128035,5,Five stars!,2025-07-08
REV-13079,C00314,P0090,ORD-112755,4,Great product!,2025-12-08
REV-13080,C00187,P0093,ORD-110787,5,Exceeded expectations.,2024-07-05
REV-13081,C00193,P0013,ORD-119875,5,Very satisfied.,2024-08-12
REV-13082,C00053,P0013,ORD-101186,5,Great product!,2025-05-11
REV-13083,C00182,P0038,ORD-104216,4,Exactly as described.,2025-03-25
REV-13084,C00204,P0058,ORD-114491,4,Very satisfied.,2025-01-29
REV-13085,C00794,P0057,ORD-100793,5,Love this.,2025-08-04
REV-13086,C00637,P0059,ORD-100087,1,Waste of money.,2025-06-06
REV-13087,C07826,P0020,ORD-124163,5,Love this.,2025-01-22
REV-13088,C06443,P0014,ORD-123797,4,Fantastic quality.,2025-01-02
REV-13089,C04502,P0015,ORD-125148,4,Very satisfied.,2025-06-01
REV-13090,C01635,P0014,ORD-120250,5,Great product!,2024-08-05
REV-13091,C00503,P0013,ORD-118976,3,Fairly priced.,2025-11-24
REV-13092,C02792,P0057,ORD-126483,4,Exceeded expectations.,2025-09-06
REV-13093,C00841,P0021,ORD-108058,5,Great product!,2025-07-13
REV-13094,C02855,P0090,ORD-133521,4,Very satisfied.,2026-02-03
REV-13095,C04472,P0058,ORD-121765,5,Five stars!,2024-11-28
REV-13096,C00994,P0059,ORD-106091,5,Exactly as described.,2024-11-07
REV-13097,C00369,P0059,ORD-112075,4,Very satisfied.,2024-11-15
REV-13098,C02404,P0021,ORD-131606,4,Very satisfied.,2025-12-25
REV-13099,C08669,P0064,ORD-137608,5,Great product!,2026-01-14
REV-13100,C06930,P0013,ORD-133191,3,Decent quality.,2024-05-24
REV-13101,C05522,P0073,ORD-125834,4,Worth every penny.,2025-02-06
REV-13102,C00048,P0078,ORD-111313,5,Great product!,2024-04-18
REV-13103,C02903,P0013,ORD-139008,5,Five stars!,2025-05-18
REV-13104,C05145,P0045,ORD-128886,3,It's okay.,2025-12-30
REV-13105,C09033,P0059,ORD-140951,5,Exactly as described.,2024-07-25
REV-13106,C00584,P0013,ORD-108284,5,Exactly as described.,2025-04-09
REV-13107,C00739,P0020,ORD-112157,5,Great product!,2024-04-21
REV-13108,C05426,P0036,ORD-126596,5,Five stars!,2024-09-22
REV-13109,C00318,P0051,ORD-104354,5,Great product!,2024-04-01
REV-13110,C02491,P0064,ORD-127893,5,Exactly as described.,2026-01-14
REV-13111,C05588,P0014,ORD-146353,5,Love this.,2025-03-30
REV-13112,C06164,P0075,ORD-140914,3,Just average.,2024-09-06
REV-13113,C02895,P0045,ORD-120457,5,Fantastic quality.,2025-08-16
REV-13114,C01557,P0045,ORD-128540,4,Fantastic quality.,2024-09-11
REV-13115,C00630,P0059,ORD-105768,2,Regret this purchase.,2025-08-08
REV-13116,C00073,P0057,ORD-106053,4,Fantastic quality.,2025-08-17
REV-13117,C04980,P0064,ORD-147877,3,It's okay.,2024-08-29
REV-13118,C02697,P0059,ORD-127568,5,Exceeded expectations.,2024-07-21
REV-13119,C00490,P0024,ORD-105292,5,Great product!,2025-06-17
REV-13120,C00981,P0062,ORD-100068,5,Very satisfied.,2025-12-19
REV-13121,C00106,P0078,ORD-109686,4,Love this.,2025-11-14
REV-13122,C00982,P0038,ORD-107824,4,Great product!,2025-10-24
REV-13123,C00475,P0024,ORD-110364,1,Terrible.,2025-02-04
REV-13124,C07046,P0038,ORD-136605,2,Poor quality.,2024-06-05
REV-13125,C07122,P0021,ORD-136037,2,Waste of money.,2024-06-02
REV-13126,C00478,P0064,ORD-119633,5,Fantastic quality.,2024-11-01
REV-13127,C00923,P0064,ORD-111958,2,Waste of money.,2024-12-23
REV-13128,C04836,P0075,ORD-126335,4,Exceeded expectations.,2024-05-18
REV-13129,C01508,P0038,ORD-132459,5,Great product!,2024-08-05
REV-13130,C00221,P0085,ORD-110253,5,Exceeded expectations.,2024-09-25
REV-13131,C01424,P0021,ORD-135675,4,Love this.,2025-03-02
REV-13132,C03530,P0073,ORD-141498,5,Fantastic quality.,2025-08-16
REV-13133,C02562,P0057,ORD-139616,4,Great product!,2024-07-27
REV-13134,C01054,P0093,ORD-127416,5,Very satisfied.,2025-01-19
REV-13135,C00401,P0015,ORD-115550,2,Poor quality.,2025-06-24
REV-13136,C04231,P0073,ORD-133363,5,Worth every penny.,2024-07-06
REV-13137,C01907,P0024,ORD-143729,5,Five stars!,2025-10-08
REV-13138,C02111,P0075,ORD-139331,5,Worth every penny.,2024-10-15
REV-13139,C00857,P0017,ORD-117225,3,Average.,2024-10-04
REV-13140,C08178,P0093,ORD-139756,4,Very satisfied.,2024-12-06
REV-13141,C00771,P0038,ORD-116961,5,Love this.,2024-12-07
REV-13142,C07155,P0075,ORD-147687,2,Waste of money.,2026-01-14
REV-13143,C02044,P0073,ORD-143112,5,Fantastic quality.,2025-10-08
REV-13144,C01792,P0085,ORD-143009,4,Five stars!,2024-04-01
REV-13145,C09772,P0014,ORD-134626,4,Very satisfied.,2025-10-31
REV-13146,C00788,P0024,ORD-115121,1,Arrived damaged.,2025-11-21
REV-13147,C05606,P0020,ORD-133652,4,Exceeded expectations.,2024-12-12
REV-13148,C00868,P0017,ORD-115412,5,Exactly as described.,2025-11-01
REV-13149,C07956,P0075,ORD-132035,4,Worth every penny.,2026-01-16
REV-13150,C00048,P0085,ORD-111717,5,Very satisfied.,2024-12-25
REV-13151,C03757,P0021,ORD-135166,5,Exceeded expectations.,2025-05-12
REV-13152,C01994,P0021,ORD-137545,5,Great product!,2025-03-14
REV-13153,C06251,P0059,ORD-148600,5,Fantastic quality.,2025-05-31
REV-13154,C06306,P0085,ORD-136391,5,Love this.,2024-04-28
REV-13155,C00841,P0057,ORD-116389,3,Met expectations.,2025-12-08
REV-13156,C00407,P0020,ORD-107446,4,Very satisfied.,2024-09-16
REV-13157,C04236,P0015,ORD-145475,1,Terrible.,2025-05-30
REV-13158,C03792,P0090,ORD-123146,5,Love this.,2024-03-21
REV-13159,C08284,P0014,ORD-144871,5,Five stars!,2024-03-11
REV-13160,C00478,P0070,ORD-109366,5,Exactly as described.,2025-10-10
REV-13161,C07398,P0045,ORD-133393,4,Worth every penny.,2025-12-26
REV-13162,C02939,P0067,ORD-142287,4,Love this.,2024-09-30
REV-13163,C00744,P0073,ORD-108240,5,Five stars!,2025-06-28
REV-13164,C02228,P0090,ORD-123993,3,Average.,2024-07-12
REV-13165,C00879,P0070,ORD-104335,3,Not bad.,2024-12-28
REV-13166,C00724,P0038,ORD-118315,1,Not as described.,2025-05-23
REV-13167,C06630,P0057,ORD-147590,5,Love this.,2025-01-11
REV-13168,C05683,P0058,ORD-127133,5,Exceeded expectations.,2025-12-29
REV-13169,C08740,P0045,ORD-131758,5,Great product!,2025-10-31
REV-13170,C00430,P0057,ORD-109390,5,Love this.,2025-01-18
REV-13171,C00102,P0015,ORD-118629,4,Love this.,2025-06-26
REV-13172,C00939,P0075,ORD-118932,2,Terrible.,2024-11-28
REV-13173,C06562,P0063,ORD-140634,4,Exceeded expectations.,2024-08-19
REV-13174,C00261,P0020,ORD-112462,5,Exceeded expectations.,2024-09-19
REV-13175,C07699,P0085,ORD-120031,1,Not as described.,2025-06-15
REV-13176,C08175,P0075,ORD-149544,5,Love this.,2025-04-19
REV-13177,C00282,P0038,ORD-103979,4,Fantastic quality.,2025-05-30
REV-13178,C00014,P0038,ORD-100220,5,Love this.,2025-08-06
REV-13179,C00232,P0057,ORD-104898,4,Five stars!,2025-10-03
REV-13180,C04559,P0038,ORD-129036,4,Five stars!,2025-08-26
REV-13181,C00804,P0082,ORD-112596,4,Exceeded expectations.,2026-02-10
REV-13182,C03641,P0021,ORD-127678,5,Five stars!,2024-06-01
REV-13183,C04354,P0090,ORD-139309,4,Very satisfied.,2025-02-05
REV-13184,C01690,P0013,ORD-149342,1,Terrible.,2024-02-25
REV-13185,C00857,P0078,ORD-108568,4,Exactly as described.,2024-11-24
REV-13186,C03313,P0070,ORD-146475,5,Exceeded expectations.,2025-10-09
REV-13187,C00778,P0020,ORD-117585,4,Great product!,2025-01-13
REV-13188,C00360,P0038,ORD-101759,5,Very satisfied.,2025-05-19
REV-13189,C00714,P0090,ORD-104164,1,Not as described.,2025-08-31
REV-13190,C01426,P0090,ORD-123605,5,Fantastic quality.,2025-10-01
REV-13191,C06089,P0021,ORD-142409,5,Exceeded expectations.,2024-04-15
REV-13192,C07631,P0013,ORD-138313,4,Exactly as described.,2025-02-27
REV-13193,C00411,P0015,ORD-104247,4,Love this.,2025-12-06
REV-13194,C00271,P0021,ORD-113161,5,Fantastic quality.,2025-09-14
REV-13195,C00556,P0075,ORD-108566,4,Great product!,2025-06-20
REV-13196,C00948,P0059,ORD-105633,4,Exceeded expectations.,2025-05-08
REV-13197,C00136,P0057,ORD-105619,5,Very satisfied.,2024-12-22
REV-13198,C06450,P0070,ORD-132852,5,Five stars!,2024-09-05
REV-13199,C00327,P0038,ORD-115790,4,Exceeded expectations.,2024-10-21
REV-13200,C00192,P0058,ORD-104742,5,Exceeded expectations.,2024-08-03
REV-13201,C07882,P0075,ORD-139045,5,Very satisfied.,2025-09-05
REV-13202,C09602,P0059,ORD-135234,4,Exactly as described.,2024-09-26
REV-13203,C00075,P0013,ORD-106106,5,Very satisfied.,2024-03-21
REV-13204,C04854,P0064,ORD-125285,2,Not as described.,2024-08-06
REV-13205,C00116,P0064,ORD-113576,3,It's okay.,2025-05-27
REV-13206,C01299,P0073,ORD-126445,5,Five stars!,2024-11-28
REV-13207,C00927,P0073,ORD-104024,3,Met expectations.,2026-01-30
REV-13208,C00598,P0015,ORD-118966,4,Exactly as described.,2026-02-09
REV-13209,C00440,P0017,ORD-117610,3,Not bad.,2024-05-20
REV-13210,C00740,P0017,ORD-110605,5,Exceeded expectations.,2024-07-29
REV-13211,C08334,P0033,ORD-128946,5,Exactly as described.,2024-10-25
REV-13212,C06583,P0012,ORD-128277,1,Regret this purchase.,2025-12-22
REV-13213,C04782,P0014,ORD-128100,5,Fantastic quality.,2025-06-25
REV-13214,C01930,P0093,ORD-124126,5,Love this.,2025-05-22
REV-13215,C00696,P0014,ORD-118713,2,Regret this purchase.,2024-09-17
REV-13216,C00570,P0070,ORD-104246,2,Poor quality.,2025-07-06
REV-13217,C00810,P0015,ORD-110601,5,Worth every penny.,2025-01-09
REV-13218,C01385,P0070,ORD-127561,4,Exceeded expectations.,2025-12-26
REV-13219,C09493,P0013,ORD-126605,4,Worth every penny.,2026-01-24
REV-13220,C00427,P0045,ORD-112419,4,Very satisfied.,2025-03-29
REV-13221,C06535,P0020,ORD-148598,5,Five stars!,2025-12-14
REV-13222,C08818,P0021,ORD-147913,4,Exactly as described.,2025-11-05
REV-13223,C00113,P0017,ORD-113820,3,Met expectations.,2024-08-18
REV-13224,C00739,P0073,ORD-114124,3,Not bad.,2024-06-21
REV-13225,C08496,P0013,ORD-130013,4,Worth every penny.,2026-01-05
REV-13226,C06807,P0021,ORD-144787,5,Great product!,2025-03-06
REV-13227,C09170,P0093,ORD-124533,5,Very satisfied.,2024-04-28
REV-13228,C04100,P0057,ORD-128305,4,Exactly as described.,2024-07-28
REV-13229,C00653,P0013,ORD-116354,5,Very satisfied.,2024-07-14
REV-13230,C01355,P0093,ORD-134239,5,Five stars!,2025-10-25
REV-13231,C08037,P0013,ORD-121250,1,Terrible.,2025-07-09
REV-13232,C00308,P0038,ORD-112149,3,It's okay.,2024-11-27
REV-13233,C00879,P0017,ORD-116209,4,Love this.,2024-09-12
REV-13234,C00489,P0038,ORD-100284,5,Fantastic quality.,2025-02-13
REV-13235,C00768,P0058,ORD-100368,3,It's okay.,2024-12-20
REV-13236,C06173,P0015,ORD-134964,4,Exactly as described.,2025-11-04
REV-13237,C05547,P0017,ORD-127605,3,Not bad.,2025-07-06
REV-13238,C02844,P0058,ORD-133008,3,Average.,2025-12-23
REV-13239,C00778,P0013,ORD-102335,5,Love this.,2025-12-17
REV-13240,C04397,P0064,ORD-121459,5,Exactly as described.,2024-06-13
REV-13241,C07706,P0091,ORD-136525,5,Exceeded expectations.,2026-01-15
REV-13242,C00173,P0059,ORD-111956,5,Exceeded expectations.,2024-08-22
REV-13243,C00523,P0045,ORD-100358,4,Great product!,2025-12-24
REV-13244,C07819,P0013,ORD-123573,5,Worth every penny.,2024-09-27
REV-13245,C02693,P0022,ORD-122240,4,Love this.,2024-08-31
REV-13246,C00468,P0024,ORD-111175,4,Fantastic quality.,2026-02-20
REV-13247,C07091,P0013,ORD-147078,5,Worth every penny.,2025-01-18
REV-13248,C00828,P0045,ORD-114791,4,Love this.,2024-06-07
REV-13249,C09526,P0085,ORD-148439,4,Worth every penny.,2025-12-23
REV-13250,C00858,P0053,ORD-118219,4,Five stars!,2024-02-25
REV-13251,C08691,P0013,ORD-142834,3,Fairly priced.,2026-02-02
REV-13252,C07943,P0085,ORD-132676,5,Fantastic quality.,2025-08-02
REV-13253,C07497,P0090,ORD-147152,3,Just average.,2024-11-23
REV-13254,C09308,P0070,ORD-139327,4,Very satisfied.,2024-05-20
REV-13255,C00037,P0020,ORD-119856,2,Not as described.,2024-08-06
REV-13256,C08053,P0023,ORD-126890,4,Five stars!,2025-12-21
REV-13257,C06634,P0021,ORD-141667,2,Regret this purchase.,2026-01-10
REV-13258,C00720,P0093,ORD-109581,5,Exactly as described.,2025-04-05
REV-13259,C00930,P0085,ORD-102964,1,Regret this purchase.,2025-07-06
REV-13260,C03838,P0015,ORD-149758,5,Five stars!,2024-06-13
REV-13261,C02738,P0085,ORD-144898,4,Love this.,2026-02-11
REV-13262,C09280,P0021,ORD-138704,2,Arrived damaged.,2025-10-12
REV-13263,C00183,P0062,ORD-115266,5,Great product!,2025-02-19
REV-13264,C00770,P0020,ORD-119991,5,Great product!,2024-04-10
REV-13265,C00568,P0085,ORD-100141,4,Fantastic quality.,2025-02-10
REV-13266,C00593,P0013,ORD-119300,4,Very satisfied.,2024-04-21
REV-13267,C01568,P0093,ORD-144605,5,Exceeded expectations.,2025-08-30
REV-13268,C01718,P0021,ORD-121328,5,Exactly as described.,2024-02-02
REV-13269,C00059,P0093,ORD-117721,5,Great product!,2024-12-28
REV-13270,C03404,P0013,ORD-148375,5,Fantastic quality.,2024-12-08
REV-13271,C00100,P0021,ORD-104313,5,Exceeded expectations.,2025-08-26
REV-13272,C01320,P0024,ORD-127224,4,Very satisfied.,2025-11-29
REV-13273,C00689,P0024,ORD-112326,5,Five stars!,2024-11-21
REV-13274,C00150,P0078,ORD-119729,5,Great product!,2025-01-14
REV-13275,C01710,P0013,ORD-146315,5,Exactly as described.,2024-11-12
REV-13276,C02764,P0075,ORD-147209,5,Great product!,2026-02-03
REV-13277,C00590,P0020,ORD-115900,5,Five stars!,2025-07-12
REV-13278,C07881,P0058,ORD-148767,4,Love this.,2024-03-09
REV-13279,C07233,P0066,ORD-124683,3,Not bad.,2024-09-15
REV-13280,C08754,P0085,ORD-142027,4,Great product!,2024-12-04
REV-13281,C00725,P0024,ORD-100807,1,Not as described.,2024-10-01
REV-13282,C01814,P0078,ORD-146469,5,Worth every penny.,2025-10-21
REV-13283,C07231,P0014,ORD-132134,5,Exactly as described.,2024-03-28
REV-13284,C00495,P0005,ORD-107654,4,Fantastic quality.,2025-11-07
REV-13285,C09406,P0064,ORD-130149,4,Fantastic quality.,2025-08-29
REV-13286,C02898,P0020,ORD-121484,5,Exceeded expectations.,2025-12-23
REV-13287,C01324,P0045,ORD-123256,5,Fantastic quality.,2025-05-22
REV-13288,C04359,P0090,ORD-136454,1,Disappointed.,2024-04-25
REV-13289,C01820,P0069,ORD-126514,5,Exactly as described.,2025-01-02
REV-13290,C06760,P0024,ORD-146805,5,Five stars!,2025-08-09
REV-13291,C05831,P0024,ORD-130118,4,Exceeded expectations.,2025-11-26
REV-13292,C04218,P0075,ORD-122090,5,Fantastic quality.,2024-04-03
REV-13293,C09900,P0070,ORD-141523,5,Great product!,2024-11-29
REV-13294,C07189,P0006,ORD-130218,5,Five stars!,2025-04-19
REV-13295,C05185,P0038,ORD-131475,5,Love this.,2024-05-29
REV-13296,C06978,P0059,ORD-123274,3,Met expectations.,2025-09-04
REV-13297,C01563,P0059,ORD-136477,4,Great product!,2025-11-01
REV-13298,C04938,P0073,ORD-148784,5,Exactly as described.,2025-10-28
REV-13299,C00194,P0020,ORD-114033,5,Five stars!,2024-08-28
REV-13300,C00883,P0078,ORD-112108,5,Very satisfied.,2025-01-08
REV-13301,C00538,P0058,ORD-107814,5,Exactly as described.,2024-06-13
REV-13302,C00522,P0057,ORD-100214,5,Great product!,2026-01-09
REV-13303,C05266,P0059,ORD-127004,5,Love this.,2026-02-18
REV-13304,C05642,P0015,ORD-129492,4,Five stars!,2025-06-26
REV-13305,C08310,P0021,ORD-137264,5,Very satisfied.,2024-07-16
REV-13306,C04104,P0020,ORD-120186,5,Great product!,2025-04-04
REV-13307,C00169,P0064,ORD-103124,5,Great product!,2024-10-04
REV-13308,C05248,P0038,ORD-147870,5,Worth every penny.,2025-05-10
REV-13309,C04899,P0085,ORD-131771,5,Worth every penny.,2024-09-23
REV-13310,C00418,P0057,ORD-114265,5,Very satisfied.,2024-05-29
REV-13311,C00255,P0013,ORD-112190,5,Great product!,2025-04-22
REV-13312,C05031,P0078,ORD-126861,4,Very satisfied.,2025-11-26
REV-13313,C07176,P0038,ORD-132233,1,Regret this purchase.,2024-08-15
REV-13314,C00095,P0073,ORD-114459,5,Fantastic quality.,2025-02-26
REV-13315,C01943,P0038,ORD-128709,5,Worth every penny.,2024-12-18
REV-13316,C04638,P0085,ORD-140896,5,Very satisfied.,2025-11-23
REV-13317,C02785,P0085,ORD-126371,5,Fantastic quality.,2025-06-30
REV-13318,C00983,P0085,ORD-114449,4,Exactly as described.,2025-09-03
REV-13319,C09700,P0021,ORD-132698,5,Worth every penny.,2025-07-07
REV-13320,C05848,P0017,ORD-133671,3,Average.,2025-11-26
REV-13321,C00021,P0038,ORD-105889,4,Exactly as described.,2026-01-18
REV-13322,C00763,P0014,ORD-112103,5,Five stars!,2024-03-08
REV-13323,C05992,P0038,ORD-124853,4,Very satisfied.,2025-09-07
REV-13324,C02653,P0090,ORD-145456,1,Regret this purchase.,2024-12-02
REV-13325,C00946,P0059,ORD-119271,5,Love this.,2025-10-16
REV-13326,C00379,P0071,ORD-109547,3,Just average.,2025-05-05
REV-13327,C00094,P0045,ORD-117904,1,Terrible.,2025-02-07
REV-13328,C04158,P0059,ORD-127185,5,Great product!,2025-07-31
REV-13329,C03404,P0014,ORD-125709,5,Fantastic quality.,2024-04-29
REV-13330,C05484,P0070,ORD-122620,5,Great product!,2025-10-18
REV-13331,C00722,P0078,ORD-103140,5,Exactly as described.,2025-01-29
REV-13332,C06865,P0064,ORD-128587,5,Exceeded expectations.,2024-08-15
REV-13333,C02120,P0024,ORD-141445,4,Very satisfied.,2024-07-03
REV-13334,C06546,P0038,ORD-135065,3,It's okay.,2024-02-13
REV-13335,C00949,P0024,ORD-117114,5,Fantastic quality.,2025-06-12
REV-13336,C03132,P0078,ORD-129642,3,Fairly priced.,2024-06-13
REV-13337,C00229,P0024,ORD-107315,5,Exactly as described.,2025-07-10
REV-13338,C00987,P0013,ORD-108902,5,Five stars!,2024-04-13
REV-13339,C02812,P0024,ORD-149555,4,Fantastic quality.,2025-12-04
REV-13340,C00430,P0021,ORD-107258,1,Arrived damaged.,2026-01-28
REV-13341,C00367,P0075,ORD-111965,5,Exceeded expectations.,2025-11-11
REV-13342,C04777,P0063,ORD-138763,5,Fantastic quality.,2024-03-06
REV-13343,C05864,P0093,ORD-145829,5,Worth every penny.,2024-08-03
REV-13344,C00022,P0038,ORD-118862,5,Great product!,2025-09-29
REV-13345,C03581,P0021,ORD-135766,5,Exactly as described.,2026-01-29
REV-13346,C03675,P0045,ORD-121562,5,Great product!,2024-09-04
REV-13347,C00837,P0021,ORD-101103,1,Poor quality.,2024-08-08
REV-13348,C05478,P0084,ORD-122654,4,Five stars!,2025-10-12
REV-13349,C09354,P0064,ORD-137956,3,It's okay.,2024-12-09
REV-13350,C00948,P0017,ORD-116123,5,Love this.,2025-01-31
REV-13351,C00961,P0015,ORD-112072,3,Not bad.,2024-09-23
REV-13352,C00469,P0093,ORD-100524,3,Not bad.,2024-10-16
REV-13353,C03682,P0024,ORD-131332,4,Very satisfied.,2024-04-17
REV-13354,C00599,P0070,ORD-114115,3,Average.,2025-01-27
REV-13355,C00075,P0020,ORD-101568,2,Disappointed.,2024-04-10
REV-13356,C00352,P0021,ORD-101891,5,Fantastic quality.,2026-01-02
REV-13357,C06063,P0045,ORD-130488,4,Worth every penny.,2025-05-23
REV-13358,C06606,P0024,ORD-149943,5,Love this.,2025-10-19
REV-13359,C05674,P0013,ORD-135946,5,Love this.,2025-01-16
REV-13360,C03628,P0090,ORD-137407,5,Exceeded expectations.,2025-05-09
REV-13361,C01590,P0017,ORD-132254,3,Not bad.,2024-12-23
REV-13362,C05361,P0064,ORD-141469,4,Exactly as described.,2024-09-17
REV-13363,C06638,P0015,ORD-134724,5,Worth every penny.,2024-04-05
REV-13364,C03201,P0064,ORD-143246,5,Great product!,2024-03-02
REV-13365,C06715,P0045,ORD-139262,5,Exceeded expectations.,2024-06-09
REV-13366,C00776,P0070,ORD-118935,5,Exactly as described.,2025-06-02
REV-13367,C02269,P0038,ORD-138699,5,Very satisfied.,2025-08-13
REV-13368,C00988,P0085,ORD-119929,1,Poor quality.,2024-12-19
REV-13369,C00081,P0009,ORD-111758,5,Worth every penny.,2025-07-26
REV-13370,C09845,P0015,ORD-143908,4,Very satisfied.,2025-04-13
REV-13371,C07768,P0070,ORD-139071,3,Just average.,2025-02-11
REV-13372,C00485,P0073,ORD-111650,5,Exceeded expectations.,2024-07-07
REV-13373,C07381,P0022,ORD-120554,5,Exactly as described.,2025-01-04
REV-13374,C00971,P0070,ORD-111674,5,Five stars!,2024-03-17
REV-13375,C00142,P0085,ORD-110808,5,Fantastic quality.,2025-04-11
REV-13376,C00844,P0015,ORD-110644,3,Fairly priced.,2025-08-11
REV-13377,C09697,P0064,ORD-126743,4,Love this.,2024-04-25
REV-13378,C00824,P0057,ORD-116588,2,Disappointed.,2024-02-20
REV-13379,C05608,P0021,ORD-130685,4,Great product!,2025-10-28
REV-13380,C06018,P0058,ORD-140139,4,Love this.,2025-08-04
REV-13381,C00108,P0021,ORD-115271,5,Five stars!,2025-02-10
REV-13382,C04257,P0070,ORD-143886,5,Exactly as described.,2024-10-13
REV-13383,C08974,P0057,ORD-148147,4,Great product!,2024-05-08
REV-13384,C00762,P0059,ORD-107181,5,Love this.,2024-12-14
REV-13385,C04212,P0085,ORD-146402,5,Fantastic quality.,2024-12-02
REV-13386,C00322,P0008,ORD-110798,2,Disappointed.,2025-11-19
REV-13387,C00593,P0020,ORD-115455,5,Love this.,2025-08-03
REV-13388,C00193,P0038,ORD-101497,1,Poor quality.,2024-09-18
REV-13389,C06357,P0070,ORD-139712,4,Five stars!,2026-01-18
REV-13390,C05783,P0024,ORD-138653,1,Regret this purchase.,2024-12-08
REV-13391,C06881,P0013,ORD-138609,5,Very satisfied.,2026-02-11
REV-13392,C04069,P0021,ORD-136034,5,Exceeded expectations.,2024-08-16
REV-13393,C08919,P0078,ORD-125652,2,Waste of money.,2024-09-09
REV-13394,C02749,P0070,ORD-136351,5,Worth every penny.,2025-03-10
REV-13395,C01798,P0073,ORD-149428,4,Very satisfied.,2024-09-13
REV-13396,C07097,P0020,ORD-128682,5,Great product!,2025-02-18
REV-13397,C00776,P0070,ORD-103062,4,Five stars!,2025-08-13
REV-13398,C00964,P0045,ORD-106978,5,Five stars!,2024-07-24
REV-13399,C09275,P0024,ORD-140187,5,Exactly as described.,2025-12-16
REV-13400,C05484,P0038,ORD-135743,4,Exceeded expectations.,2025-02-20
REV-13401,C06927,P0058,ORD-126247,5,Exactly as described.,2024-10-27
REV-13402,C00498,P0093,ORD-112930,5,Exceeded expectations.,2024-03-27
REV-13403,C02933,P0013,ORD-144646,4,Great product!,2024-12-07
REV-13404,C09323,P0059,ORD-129533,5,Exactly as described.,2024-05-08
REV-13405,C08792,P0013,ORD-140118,5,Exceeded expectations.,2025-02-11
REV-13406,C01096,P0020,ORD-136365,3,Average.,2025-05-15
REV-13407,C09096,P0078,ORD-135633,5,Love this.,2024-12-28
REV-13408,C02625,P0073,ORD-146000,3,Decent quality.,2025-09-22
REV-13409,C09095,P0093,ORD-129584,4,Love this.,2025-07-20
REV-13410,C04880,P0020,ORD-137712,4,Fantastic quality.,2024-10-08
REV-13411,C06208,P0020,ORD-131594,5,Five stars!,2026-01-03
REV-13412,C01939,P0090,ORD-122014,1,Poor quality.,2025-06-11
REV-13413,C00137,P0015,ORD-116077,5,Worth every penny.,2025-11-21
REV-13414,C02827,P0058,ORD-132471,4,Exactly as described.,2025-11-12
REV-13415,C00393,P0059,ORD-109749,4,Very satisfied.,2024-04-02
REV-13416,C00028,P0070,ORD-100374,2,Disappointed.,2025-06-29
REV-13417,C02943,P0098,ORD-144350,4,Five stars!,2025-02-07
REV-13418,C00813,P0073,ORD-113160,4,Exactly as described.,2026-01-01
REV-13419,C07494,P0057,ORD-130575,5,Great product!,2025-08-18
REV-13420,C00591,P0013,ORD-106217,4,Exceeded expectations.,2024-08-30
REV-13421,C02020,P0013,ORD-149942,1,Terrible.,2025-01-10
REV-13422,C02836,P0093,ORD-137885,5,Worth every penny.,2024-11-22
REV-13423,C04115,P0038,ORD-137696,5,Very satisfied.,2024-12-08
REV-13424,C04723,P0005,ORD-140146,5,Great product!,2025-01-26
REV-13425,C02380,P0078,ORD-129656,5,Five stars!,2024-08-14
REV-13426,C00881,P0064,ORD-107879,1,Arrived damaged.,2025-10-22
REV-13427,C06367,P0059,ORD-135666,5,Love this.,2024-05-11
REV-13428,C00772,P0017,ORD-104040,5,Exactly as described.,2025-03-31
REV-13429,C08088,P0014,ORD-143853,4,Worth every penny.,2024-11-16
REV-13430,C00174,P0058,ORD-110522,1,Poor quality.,2024-06-23
REV-13431,C09105,P0090,ORD-139177,4,Very satisfied.,2024-08-04
REV-13432,C06053,P0090,ORD-120475,5,Very satisfied.,2024-11-01
REV-13433,C03486,P0078,ORD-137713,5,Exceeded expectations.,2024-06-30
REV-13434,C00309,P0090,ORD-103977,5,Exactly as described.,2025-10-21
REV-13435,C01889,P0085,ORD-131638,5,Five stars!,2025-04-20
REV-13436,C05076,P0075,ORD-130852,2,Not as described.,2025-01-08
REV-13437,C00135,P0090,ORD-101209,3,Fairly priced.,2024-09-16
REV-13438,C00655,P0058,ORD-109800,5,Exactly as described.,2025-10-26
REV-13439,C00416,P0056,ORD-105934,2,Waste of money.,2024-12-27
REV-13440,C08085,P0059,ORD-131038,2,Arrived damaged.,2024-12-13
REV-13441,C00721,P0058,ORD-117552,4,Exactly as described.,2024-11-27
REV-13442,C00619,P0048,ORD-109363,4,Exceeded expectations.,2024-05-25
REV-13443,C00649,P0093,ORD-118613,5,Very satisfied.,2025-04-16
REV-13444,C04334,P0044,ORD-148078,5,Very satisfied.,2024-11-22
REV-13445,C04802,P0058,ORD-149533,4,Worth every penny.,2025-01-02
REV-13446,C00716,P0014,ORD-119977,1,Regret this purchase.,2024-11-08
REV-13447,C00443,P0056,ORD-108345,4,Exceeded expectations.,2025-07-18
REV-13448,C01964,P0014,ORD-137908,5,Worth every penny.,2025-11-07
REV-13449,C06133,P0073,ORD-136344,3,Just average.,2024-04-23
REV-13450,C00493,P0093,ORD-116143,5,Exceeded expectations.,2025-12-26
REV-13451,C03591,P0020,ORD-147639,4,Exceeded expectations.,2025-09-29
REV-13452,C09449,P0038,ORD-145129,5,Very satisfied.,2024-10-20
REV-13453,C02064,P0090,ORD-122582,3,Not bad.,2024-12-23
REV-13454,C00552,P0073,ORD-119081,5,Worth every penny.,2024-07-14
REV-13455,C03355,P0045,ORD-123148,3,Decent quality.,2026-01-08
REV-13456,C04562,P0057,ORD-134408,5,Great product!,2024-03-07
REV-13457,C05099,P0017,ORD-120826,4,Great product!,2025-01-22
REV-13458,C00022,P0064,ORD-102108,5,Love this.,2025-12-05
REV-13459,C06186,P0013,ORD-122640,5,Five stars!,2024-12-24
REV-13460,C08345,P0038,ORD-141179,3,Not bad.,2025-01-11
REV-13461,C08748,P0021,ORD-143846,4,Great product!,2024-07-13
REV-13462,C01932,P0021,ORD-132281,2,Regret this purchase.,2025-01-31
REV-13463,C01972,P0021,ORD-149896,5,Great product!,2025-06-30
REV-13464,C07641,P0073,ORD-144771,5,Very satisfied.,2026-01-17
REV-13465,C00010,P0057,ORD-100675,4,Love this.,2024-06-20
REV-13466,C04219,P0085,ORD-147224,5,Exceeded expectations.,2026-02-18
REV-13467,C01533,P0070,ORD-143249,4,Great product!,2025-12-16
REV-13468,C02069,P0057,ORD-135616,5,Great product!,2024-12-23
REV-13469,C03840,P0015,ORD-123456,5,Exceeded expectations.,2025-09-28
REV-13470,C00354,P0038,ORD-105709,4,Exactly as described.,2026-01-31
REV-13471,C08823,P0013,ORD-139465,5,Five stars!,2025-12-10
REV-13472,C07777,P0075,ORD-146653,1,Regret this purchase.,2026-01-05
REV-13473,C00715,P0021,ORD-103638,4,Worth every penny.,2025-02-15
REV-13474,C00080,P0020,ORD-118062,3,It's okay.,2025-08-13
REV-13475,C00715,P0064,ORD-109139,4,Fantastic quality.,2024-11-26
REV-13476,C00221,P0085,ORD-115898,4,Very satisfied.,2024-08-03
REV-13477,C01612,P0063,ORD-148718,5,Worth every penny.,2025-12-18
REV-13478,C08198,P0013,ORD-134170,5,Great product!,2025-07-20
REV-13479,C07390,P0013,ORD-120351,2,Poor quality.,2024-11-26
REV-13480,C00502,P0080,ORD-109225,4,Worth every penny.,2024-12-04
REV-13481,C04167,P0038,ORD-133415,5,Exactly as described.,2024-05-10
REV-13482,C01138,P0020,ORD-141519,5,Worth every penny.,2024-11-12
REV-13483,C05280,P0064,ORD-132342,4,Love this.,2025-12-26
REV-13484,C00909,P0067,ORD-101135,4,Fantastic quality.,2024-06-01
REV-13485,C02436,P0075,ORD-128360,4,Love this.,2025-08-04
REV-13486,C08292,P0064,ORD-132040,4,Five stars!,2025-06-26
REV-13487,C07524,P0038,ORD-137619,5,Worth every penny.,2025-10-10
REV-13488,C00143,P0045,ORD-110574,5,Love this.,2024-07-19
REV-13489,C00957,P0013,ORD-111818,4,Great product!,2024-10-13
REV-13490,C00470,P0070,ORD-116487,5,Love this.,2025-04-01
REV-13491,C02032,P0014,ORD-133741,4,Great product!,2024-09-13
REV-13492,C04546,P0010,ORD-135298,4,Worth every penny.,2025-03-12
REV-13493,C00899,P0093,ORD-118327,5,Worth every penny.,2024-07-09
REV-13494,C06432,P0093,ORD-137423,4,Very satisfied.,2025-08-22
REV-13495,C01836,P0059,ORD-142373,5,Worth every penny.,2025-08-10
REV-13496,C08551,P0073,ORD-141916,4,Five stars!,2026-01-30
REV-13497,C09539,P0038,ORD-147339,5,Very satisfied.,2024-09-20
REV-13498,C02634,P0020,ORD-139547,5,Exceeded expectations.,2025-07-02
REV-13499,C08887,P0014,ORD-127478,5,Exceeded expectations.,2025-07-18
REV-13500,C00425,P0024,ORD-100008,4,Exactly as described.,2024-07-24
REV-13501,C08060,P0038,ORD-140698,5,Love this.,2025-08-07
REV-13502,C00355,P0093,ORD-105618,3,Fairly priced.,2024-08-28
REV-13503,C08975,P0085,ORD-121056,4,Exactly as described.,2025-12-26
REV-13504,C00197,P0073,ORD-112028,2,Disappointed.,2025-12-06
REV-13505,C02508,P0045,ORD-132732,5,Worth every penny.,2024-04-20
REV-13506,C00541,P0055,ORD-117006,5,Fantastic quality.,2024-11-23
REV-13507,C07929,P0064,ORD-128006,1,Disappointed.,2025-09-06
REV-13508,C04997,P0085,ORD-141143,4,Worth every penny.,2025-11-27
REV-13509,C00300,P0021,ORD-103117,4,Five stars!,2025-06-05
REV-13510,C08418,P0075,ORD-129947,4,Love this.,2025-12-01
REV-13511,C07533,P0059,ORD-132772,1,Terrible.,2025-09-22
REV-13512,C00722,P0017,ORD-114103,1,Disappointed.,2025-09-05
REV-13513,C00550,P0090,ORD-109599,5,Fantastic quality.,2024-08-15
REV-13514,C03208,P0064,ORD-129912,5,Great product!,2025-12-02
REV-13515,C00870,P0024,ORD-101902,4,Love this.,2025-07-09
REV-13516,C05864,P0013,ORD-120691,5,Love this.,2026-01-02
REV-13517,C00104,P0007,ORD-118237,1,Arrived damaged.,2024-06-23
REV-13518,C00577,P0045,ORD-100512,5,Exceeded expectations.,2024-09-04
REV-13519,C00017,P0014,ORD-119204,2,Regret this purchase.,2025-01-23
REV-13520,C09162,P0058,ORD-149827,5,Very satisfied.,2024-01-28
REV-13521,C04917,P0078,ORD-133425,5,Exceeded expectations.,2024-10-12
REV-13522,C02997,P0013,ORD-131357,5,Love this.,2025-01-07
REV-13523,C07040,P0038,ORD-127966,3,Not bad.,2024-07-27
REV-13524,C00941,P0009,ORD-103584,5,Great product!,2024-10-05
REV-13525,C01646,P0013,ORD-138627,5,Great product!,2025-08-20
REV-13526,C00689,P0026,ORD-102425,1,Not as described.,2024-12-04
REV-13527,C00635,P0024,ORD-118372,5,Five stars!,2024-04-27
REV-13528,C02081,P0057,ORD-131588,3,Met expectations.,2026-01-09
REV-13529,C07366,P0047,ORD-126851,2,Not as described.,2025-12-03
REV-13530,C07511,P0013,ORD-123512,4,Great product!,2025-03-16
REV-13531,C00699,P0021,ORD-107582,4,Fantastic quality.,2025-12-10
REV-13532,C00615,P0057,ORD-112951,5,Exceeded expectations.,2025-05-13
REV-13533,C05252,P0080,ORD-147448,5,Love this.,2026-01-16
REV-13534,C00321,P0033,ORD-108266,5,Very satisfied.,2024-03-03
REV-13535,C00806,P0097,ORD-103508,4,Very satisfied.,2024-12-14
REV-13536,C00901,P0013,ORD-109854,4,Great product!,2024-11-16
REV-13537,C05988,P0059,ORD-130282,5,Five stars!,2025-10-15
REV-13538,C00082,P0059,ORD-108060,5,Exceeded expectations.,2024-05-02
REV-13539,C02730,P0073,ORD-124112,5,Very satisfied.,2024-08-23
REV-13540,C04816,P0021,ORD-145033,5,Five stars!,2024-11-29
REV-13541,C00485,P0038,ORD-114623,5,Love this.,2024-07-26
REV-13542,C00338,P0073,ORD-101447,5,Love this.,2025-10-27
REV-13543,C05474,P0021,ORD-125217,4,Exactly as described.,2026-01-28
REV-13544,C01534,P0077,ORD-127889,5,Very satisfied.,2024-07-12
REV-13545,C00477,P0059,ORD-115231,3,Met expectations.,2026-02-13
REV-13546,C00640,P0073,ORD-116995,4,Very satisfied.,2026-01-13
REV-13547,C06410,P0013,ORD-142761,2,Not as described.,2025-04-08
REV-13548,C02908,P0070,ORD-135345,4,Five stars!,2024-02-26
REV-13549,C02025,P0024,ORD-149305,4,Love this.,2025-08-05
REV-13550,C00592,P0064,ORD-104357,4,Worth every penny.,2025-08-29
REV-13551,C02519,P0024,ORD-132014,5,Exceeded expectations.,2025-02-04
REV-13552,C09958,P0058,ORD-131634,2,Waste of money.,2024-03-24
REV-13553,C04709,P0015,ORD-123043,4,Love this.,2024-03-16
REV-13554,C00471,P0074,ORD-118618,5,Exceeded expectations.,2024-10-14
REV-13555,C01448,P0091,ORD-145419,4,Exactly as described.,2024-09-08
REV-13556,C05432,P0013,ORD-137117,5,Exceeded expectations.,2024-09-26
REV-13557,C06635,P0090,ORD-128809,4,Very satisfied.,2025-01-07
REV-13558,C00359,P0015,ORD-109036,5,Five stars!,2024-02-28
REV-13559,C00859,P0070,ORD-110208,2,Not as described.,2025-01-11
REV-13560,C03161,P0085,ORD-125286,5,Exactly as described.,2025-05-09
REV-13561,C03160,P0064,ORD-121728,5,Worth every penny.,2025-08-16
REV-13562,C06442,P0058,ORD-148819,3,Just average.,2024-07-30
REV-13563,C00959,P0078,ORD-117924,3,Met expectations.,2024-10-16
REV-13564,C07754,P0085,ORD-124209,4,Exactly as described.,2025-12-23
REV-13565,C00986,P0014,ORD-105678,5,Love this.,2025-08-14
REV-13566,C03934,P0047,ORD-134204,5,Fantastic quality.,2024-07-22
REV-13567,C08674,P0038,ORD-123962,5,Love this.,2025-12-11
REV-13568,C00535,P0070,ORD-108122,4,Exactly as described.,2025-01-05
REV-13569,C00361,P0013,ORD-118689,5,Five stars!,2024-02-22
REV-13570,C05957,P0078,ORD-141685,5,Exactly as described.,2024-11-29
REV-13571,C09266,P0058,ORD-133065,4,Exactly as described.,2025-03-01
REV-13572,C01618,P0057,ORD-127542,5,Fantastic quality.,2025-07-25
REV-13573,C07092,P0013,ORD-126329,4,Great product!,2024-08-22
REV-13574,C00273,P0062,ORD-100752,1,Waste of money.,2025-12-20
REV-13575,C08901,P0093,ORD-146551,1,Not as described.,2024-12-26
REV-13576,C02402,P0038,ORD-127548,4,Very satisfied.,2024-09-13
REV-13577,C05630,P0075,ORD-133476,5,Worth every penny.,2024-09-07
REV-13578,C09550,P0059,ORD-128181,5,Fantastic quality.,2025-07-30
REV-13579,C09753,P0038,ORD-138114,4,Worth every penny.,2025-05-31
REV-13580,C00786,P0024,ORD-114223,2,Poor quality.,2024-07-03
REV-13581,C07094,P0020,ORD-123694,5,Great product!,2024-12-21
REV-13582,C09047,P0093,ORD-135712,2,Waste of money.,2024-11-03
REV-13583,C07367,P0059,ORD-120217,1,Arrived damaged.,2026-02-04
REV-13584,C00317,P0061,ORD-106416,4,Love this.,2025-04-23
REV-13585,C00312,P0038,ORD-118722,5,Very satisfied.,2025-11-03
REV-13586,C06830,P0090,ORD-143220,4,Very satisfied.,2026-01-27
REV-13587,C08157,P0087,ORD-148661,4,Fantastic quality.,2024-12-13
REV-13588,C03409,P0013,ORD-134959,1,Arrived damaged.,2025-01-24
REV-13589,C00887,P0020,ORD-111990,5,Exactly as described.,2025-07-06
REV-13590,C00776,P0090,ORD-101550,5,Exceeded expectations.,2025-12-24
REV-13591,C00680,P0038,ORD-101166,4,Five stars!,2024-12-29
REV-13592,C06392,P0075,ORD-126377,3,Not bad.,2025-01-03
REV-13593,C07944,P0057,ORD-136889,4,Five stars!,2026-01-12
REV-13594,C01337,P0024,ORD-145839,5,Very satisfied.,2025-10-16
REV-13595,C00077,P0064,ORD-111499,4,Five stars!,2025-03-27
REV-13596,C05747,P0024,ORD-131909,3,Met expectations.,2025-06-20
REV-13597,C03280,P0045,ORD-135515,5,Very satisfied.,2024-11-12
REV-13598,C00311,P0013,ORD-106423,5,Love this.,2024-04-16
REV-13599,C09368,P0008,ORD-123549,5,Love this.,2024-04-05
REV-13600,C01106,P0073,ORD-147021,5,Great product!,2024-12-24
REV-13601,C00523,P0015,ORD-111191,5,Exactly as described.,2025-11-30
REV-13602,C06873,P0070,ORD-136446,5,Five stars!,2024-05-29
REV-13603,C01845,P0090,ORD-132619,1,Arrived damaged.,2025-07-08
REV-13604,C01416,P0093,ORD-144991,5,Fantastic quality.,2024-11-01
REV-13605,C00917,P0064,ORD-106254,5,Fantastic quality.,2024-10-18
REV-13606,C05039,P0024,ORD-147857,4,Worth every penny.,2024-05-12
REV-13607,C02210,P0014,ORD-130053,4,Very satisfied.,2025-06-12
REV-13608,C00353,P0059,ORD-103000,5,Love this.,2024-04-27
REV-13609,C03522,P0075,ORD-130861,2,Arrived damaged.,2025-02-08
REV-13610,C06418,P0038,ORD-124128,3,Met expectations.,2024-10-25
REV-13611,C06608,P0020,ORD-133079,3,Fairly priced.,2024-11-02
REV-13612,C04013,P0038,ORD-143684,5,Love this.,2025-05-26
REV-13613,C00355,P0021,ORD-101883,4,Five stars!,2025-12-23
REV-13614,C04941,P0085,ORD-140008,5,Fantastic quality.,2025-05-28
REV-13615,C00876,P0036,ORD-100064,4,Very satisfied.,2025-12-24
REV-13616,C00067,P0090,ORD-117152,5,Great product!,2025-07-02
REV-13617,C02454,P0014,ORD-123948,4,Exceeded expectations.,2025-09-24
REV-13618,C01388,P0021,ORD-149611,4,Fantastic quality.,2024-12-08
REV-13619,C09640,P0090,ORD-122438,4,Very satisfied.,2025-08-13
REV-13620,C01458,P0070,ORD-120508,4,Very satisfied.,2024-10-25
REV-13621,C00884,P0045,ORD-104430,2,Terrible.,2024-12-03
REV-13622,C04102,P0015,ORD-125331,5,Fantastic quality.,2025-11-16
REV-13623,C06752,P0014,ORD-125737,5,Fantastic quality.,2025-08-24
REV-13624,C04407,P0017,ORD-134954,5,Worth every penny.,2025-07-30
REV-13625,C06120,P0026,ORD-125509,4,Exactly as described.,2024-05-13
REV-13626,C00620,P0050,ORD-100209,5,Five stars!,2024-08-28
REV-13627,C02988,P0017,ORD-130883,3,Met expectations.,2024-12-13
REV-13628,C09042,P0073,ORD-126467,4,Exactly as described.,2024-01-30
REV-13629,C01685,P0078,ORD-136674,5,Five stars!,2025-01-15
REV-13630,C04387,P0066,ORD-136295,4,Exceeded expectations.,2024-07-28
REV-13631,C07575,P0093,ORD-137588,4,Fantastic quality.,2025-01-19
REV-13632,C02418,P0059,ORD-141479,1,Disappointed.,2024-09-23
REV-13633,C03450,P0021,ORD-131778,5,Love this.,2025-01-21
REV-13634,C00434,P0093,ORD-107384,1,Waste of money.,2024-03-13
REV-13635,C02894,P0058,ORD-141711,5,Exceeded expectations.,2026-02-14
REV-13636,C00162,P0093,ORD-105977,5,Worth every penny.,2024-11-17
REV-13637,C09466,P0013,ORD-126195,4,Worth every penny.,2024-05-17
REV-13638,C00078,P0033,ORD-113683,5,Great product!,2024-03-30
REV-13639,C05699,P0073,ORD-120412,5,Love this.,2026-02-16
REV-13640,C03299,P0075,ORD-138141,4,Exceeded expectations.,2024-04-12
REV-13641,C00392,P0085,ORD-110106,5,Five stars!,2025-12-04
REV-13642,C06902,P0090,ORD-145833,5,Worth every penny.,2025-08-22
REV-13643,C09562,P0013,ORD-124574,4,Great product!,2025-08-09
REV-13644,C06288,P0077,ORD-124364,5,Very satisfied.,2025-08-13
REV-13645,C06122,P0021,ORD-143491,4,Great product!,2025-11-26
REV-13646,C01682,P0013,ORD-139689,4,Five stars!,2024-10-07
REV-13647,C00151,P0055,ORD-115914,5,Five stars!,2026-01-26
REV-13648,C06053,P0057,ORD-136887,4,Great product!,2026-02-10
REV-13649,C09059,P0021,ORD-127906,4,Great product!,2024-11-12
REV-13650,C00360,P0021,ORD-101656,5,Fantastic quality.,2025-09-11
REV-13651,C00706,P0015,ORD-113198,5,Exceeded expectations.,2024-09-29
REV-13652,C06222,P0015,ORD-148062,5,Very satisfied.,2024-06-29
REV-13653,C00323,P0017,ORD-109502,5,Great product!,2024-08-31
REV-13654,C00987,P0014,ORD-106956,5,Very satisfied.,2025-12-18
REV-13655,C00646,P0020,ORD-118373,5,Fantastic quality.,2025-11-17
REV-13656,C03171,P0093,ORD-122272,3,Just average.,2025-12-29
REV-13657,C00432,P0038,ORD-116032,3,Not bad.,2025-09-20
REV-13658,C02169,P0038,ORD-127290,5,Five stars!,2025-01-27
REV-13659,C05344,P0038,ORD-132600,5,Exceeded expectations.,2024-05-05
REV-13660,C00283,P0064,ORD-101121,4,Very satisfied.,2026-01-28
REV-13661,C02071,P0064,ORD-132645,2,Poor quality.,2025-04-16
REV-13662,C02253,P0059,ORD-137161,5,Exceeded expectations.,2024-11-26
REV-13663,C04252,P0078,ORD-142540,4,Fantastic quality.,2025-07-25
REV-13664,C07998,P0057,ORD-131562,4,Love this.,2025-09-10
REV-13665,C00220,P0057,ORD-106954,5,Love this.,2024-08-22
REV-13666,C00113,P0075,ORD-106684,5,Love this.,2024-11-03
REV-13667,C09054,P0085,ORD-125659,1,Poor quality.,2025-12-23
REV-13668,C08433,P0064,ORD-142529,5,Exactly as described.,2024-05-07
REV-13669,C00345,P0075,ORD-100570,3,Met expectations.,2026-01-29
REV-13670,C02156,P0024,ORD-143897,5,Love this.,2024-04-06
REV-13671,C06946,P0064,ORD-137673,1,Waste of money.,2024-09-13
REV-13672,C03703,P0021,ORD-130114,5,Love this.,2025-04-21
REV-13673,C05251,P0059,ORD-142792,5,Great product!,2024-09-14
REV-13674,C01139,P0015,ORD-135903,4,Five stars!,2025-08-20
REV-13675,C02269,P0073,ORD-120299,4,Love this.,2025-06-27
REV-13676,C07692,P0057,ORD-144221,4,Love this.,2024-11-13
REV-13677,C00021,P0093,ORD-108133,5,Exactly as described.,2024-08-24
REV-13678,C00308,P0017,ORD-106645,5,Fantastic quality.,2024-11-16
REV-13679,C00137,P0013,ORD-113062,5,Great product!,2024-08-14
REV-13680,C03992,P0038,ORD-123029,5,Fantastic quality.,2024-12-07
REV-13681,C00377,P0100,ORD-103831,5,Love this.,2024-08-12
REV-13682,C00864,P0073,ORD-107789,5,Love this.,2025-01-05
REV-13683,C08810,P0013,ORD-120560,3,Just average.,2024-06-02
REV-13684,C08962,P0020,ORD-144189,4,Love this.,2025-05-24
REV-13685,C00189,P0078,ORD-109536,5,Five stars!,2024-10-12
REV-13686,C00136,P0073,ORD-109711,2,Arrived damaged.,2024-04-24
REV-13687,C03317,P0078,ORD-137086,4,Very satisfied.,2025-01-02
REV-13688,C00317,P0014,ORD-107639,4,Fantastic quality.,2025-07-09
REV-13689,C00502,P0013,ORD-102895,5,Exactly as described.,2025-11-17
REV-13690,C00813,P0064,ORD-114809,4,Love this.,2025-05-17
REV-13691,C08279,P0085,ORD-149961,3,Not bad.,2025-08-29
REV-13692,C09435,P0063,ORD-138064,5,Great product!,2024-07-14
REV-13693,C00597,P0085,ORD-105386,5,Exceeded expectations.,2025-06-10
REV-13694,C05017,P0038,ORD-125885,2,Arrived damaged.,2025-03-23
REV-13695,C00561,P0024,ORD-102734,4,Very satisfied.,2024-07-11
REV-13696,C03308,P0057,ORD-145150,1,Regret this purchase.,2024-02-20
REV-13697,C04066,P0013,ORD-145078,4,Exceeded expectations.,2024-08-15
REV-13698,C09159,P0085,ORD-130239,4,Exactly as described.,2025-01-21
REV-13699,C00783,P0075,ORD-115817,5,Worth every penny.,2025-07-02
REV-13700,C02713,P0057,ORD-131243,5,Five stars!,2025-03-21
REV-13701,C00303,P0093,ORD-101149,4,Five stars!,2025-05-24
REV-13702,C07156,P0076,ORD-146388,5,Exceeded expectations.,2025-08-17
REV-13703,C04126,P0064,ORD-131059,5,Love this.,2025-01-07
REV-13704,C08811,P0059,ORD-121000,4,Worth every penny.,2025-08-18
REV-13705,C09008,P0015,ORD-142341,4,Exceeded expectations.,2025-01-17
REV-13706,C07652,P0064,ORD-149099,4,Exactly as described.,2024-04-25
REV-13707,C04782,P0093,ORD-139594,4,Five stars!,2025-06-19
REV-13708,C00169,P0090,ORD-118968,5,Love this.,2026-01-28
REV-13709,C00595,P0045,ORD-102554,1,Waste of money.,2025-12-30
REV-13710,C00705,P0022,ORD-106905,5,Fantastic quality.,2025-01-13
REV-13711,C06039,P0067,ORD-145589,5,Love this.,2025-07-23
REV-13712,C00656,P0057,ORD-108121,4,Exceeded expectations.,2025-10-27
REV-13713,C00143,P0058,ORD-103019,5,Worth every penny.,2025-09-08
REV-13714,C03896,P0038,ORD-139693,5,Fantastic quality.,2025-11-18
REV-13715,C00774,P0073,ORD-101754,4,Worth every penny.,2024-08-23
REV-13716,C00271,P0090,ORD-100937,5,Great product!,2025-07-30
REV-13717,C07161,P0073,ORD-120592,4,Exceeded expectations.,2024-08-27
REV-13718,C03744,P0078,ORD-127876,1,Waste of money.,2024-06-10
REV-13719,C00761,P0038,ORD-118695,3,It's okay.,2025-11-30
REV-13720,C04809,P0021,ORD-130921,4,Great product!,2024-06-05
REV-13721,C04000,P0045,ORD-122973,5,Fantastic quality.,2024-11-18
REV-13722,C00563,P0058,ORD-111223,4,Five stars!,2025-10-06
REV-13723,C00318,P0064,ORD-113704,5,Love this.,2024-08-31
REV-13724,C04552,P0021,ORD-133987,4,Fantastic quality.,2024-10-07
REV-13725,C09739,P0058,ORD-138492,3,Decent quality.,2025-09-26
REV-13726,C05899,P0057,ORD-122799,4,Worth every penny.,2025-10-01
REV-13727,C01971,P0059,ORD-147491,4,Exceeded expectations.,2024-09-29
REV-13728,C00397,P0021,ORD-106085,4,Exactly as described.,2025-06-16
REV-13729,C00071,P0073,ORD-103771,5,Love this.,2025-07-02
REV-13730,C08048,P0018,ORD-141680,5,Worth every penny.,2025-02-05
REV-13731,C00353,P0090,ORD-109513,4,Worth every penny.,2025-01-20
REV-13732,C00820,P0044,ORD-109271,4,Worth every penny.,2025-08-01
REV-13733,C05848,P0017,ORD-149430,5,Five stars!,2025-12-03
REV-13734,C09851,P0024,ORD-127841,4,Fantastic quality.,2026-02-05
REV-13735,C00875,P0090,ORD-111976,5,Great product!,2025-04-09
REV-13736,C00579,P0013,ORD-104899,4,Exactly as described.,2026-01-07
REV-13737,C08238,P0014,ORD-144387,5,Very satisfied.,2025-12-30
REV-13738,C09266,P0085,ORD-121373,1,Not as described.,2024-08-22
REV-13739,C00608,P0017,ORD-116052,4,Five stars!,2025-01-23
REV-13740,C00032,P0059,ORD-107804,1,Terrible.,2024-06-17
REV-13741,C04189,P0020,ORD-143127,4,Five stars!,2025-04-26
REV-13742,C00591,P0090,ORD-106446,4,Exceeded expectations.,2025-12-04
REV-13743,C00123,P0015,ORD-117910,5,Great product!,2024-10-20
REV-13744,C00759,P0078,ORD-114275,5,Very satisfied.,2024-07-13
REV-13745,C04785,P0086,ORD-148363,5,Great product!,2026-01-18
REV-13746,C05647,P0085,ORD-121661,4,Worth every penny.,2025-10-09
REV-13747,C00257,P0045,ORD-110374,4,Fantastic quality.,2025-02-04
REV-13748,C00745,P0058,ORD-114982,4,Love this.,2025-08-18
REV-13749,C02456,P0093,ORD-131809,5,Love this.,2025-08-12
REV-13750,C00670,P0017,ORD-107889,2,Arrived damaged.,2024-10-01
REV-13751,C03019,P0064,ORD-127546,2,Disappointed.,2024-05-14
REV-13752,C00054,P0013,ORD-106987,5,Love this.,2025-06-18
REV-13753,C08512,P0021,ORD-134024,5,Love this.,2024-07-15
REV-13754,C03138,P0057,ORD-131566,4,Love this.,2024-08-23
REV-13755,C01353,P0013,ORD-147138,4,Great product!,2026-01-15
REV-13756,C00649,P0067,ORD-116740,5,Great product!,2024-05-24
REV-13757,C05110,P0017,ORD-146485,4,Exactly as described.,2024-07-02
REV-13758,C05261,P0090,ORD-146516,4,Exactly as described.,2025-05-05
REV-13759,C00132,P0020,ORD-117193,3,Not bad.,2026-01-15
REV-13760,C05378,P0093,ORD-140545,5,Love this.,2025-12-10
REV-13761,C01734,P0093,ORD-123368,5,Great product!,2024-12-09
REV-13762,C00682,P0053,ORD-111726,5,Five stars!,2025-08-16
REV-13763,C00201,P0059,ORD-101959,4,Exceeded expectations.,2024-10-14
REV-13764,C00012,P0059,ORD-119044,4,Worth every penny.,2024-03-19
REV-13765,C00735,P0057,ORD-113994,5,Exceeded expectations.,2026-01-17
REV-13766,C00042,P0021,ORD-107014,3,Met expectations.,2026-01-11
REV-13767,C02878,P0020,ORD-145933,5,Fantastic quality.,2025-12-01
REV-13768,C04006,P0014,ORD-127257,5,Exactly as described.,2025-11-10
REV-13769,C00733,P0038,ORD-101189,3,It's okay.,2025-11-03
REV-13770,C00319,P0073,ORD-112637,2,Disappointed.,2025-11-04
REV-13771,C02479,P0013,ORD-133074,4,Worth every penny.,2025-01-15
REV-13772,C08105,P0021,ORD-149403,3,It's okay.,2024-12-01
REV-13773,C06692,P0070,ORD-131119,5,Five stars!,2025-07-19
REV-13774,C06490,P0057,ORD-148973,5,Very satisfied.,2024-02-22
REV-13775,C02424,P0073,ORD-146875,4,Great product!,2024-05-31
REV-13776,C04671,P0070,ORD-131507,5,Five stars!,2025-04-14
REV-13777,C05042,P0059,ORD-133738,4,Fantastic quality.,2024-11-08
REV-13778,C06771,P0017,ORD-139553,2,Terrible.,2024-02-02
REV-13779,C00317,P0077,ORD-108534,5,Very satisfied.,2024-04-26
REV-13780,C00165,P0057,ORD-109183,5,Love this.,2025-01-20
REV-13781,C02875,P0045,ORD-121673,4,Worth every penny.,2024-06-07
REV-13782,C00233,P0063,ORD-108548,4,Fantastic quality.,2025-04-25
REV-13783,C00269,P0021,ORD-106429,4,Exceeded expectations.,2025-02-04
REV-13784,C00433,P0085,ORD-116286,4,Worth every penny.,2024-04-28
REV-13785,C05001,P0085,ORD-136890,1,Not as described.,2024-12-03
REV-13786,C03023,P0024,ORD-129855,4,Great product!,2025-02-28
REV-13787,C00216,P0074,ORD-114364,4,Great product!,2025-03-23
REV-13788,C00181,P0059,ORD-104190,3,Met expectations.,2024-12-25
REV-13789,C00164,P0064,ORD-109704,4,Exceeded expectations.,2024-09-29
REV-13790,C00387,P0090,ORD-111716,5,Worth every penny.,2025-09-25
REV-13791,C05102,P0059,ORD-132958,5,Worth every penny.,2024-06-28
REV-13792,C03456,P0078,ORD-131894,5,Love this.,2025-11-20
REV-13793,C00464,P0041,ORD-110185,4,Five stars!,2025-05-12
REV-13794,C03043,P0058,ORD-144561,5,Very satisfied.,2024-10-11
REV-13795,C00064,P0073,ORD-116283,5,Fantastic quality.,2024-07-08
REV-13796,C00371,P0096,ORD-114725,5,Love this.,2025-02-15
REV-13797,C08956,P0090,ORD-142985,3,Just average.,2024-09-06
REV-13798,C07211,P0038,ORD-136002,5,Exceeded expectations.,2025-12-27
REV-13799,C01682,P0045,ORD-129293,3,Average.,2024-04-07
REV-13800,C08137,P0058,ORD-124795,4,Love this.,2024-06-18
REV-13801,C00090,P0059,ORD-119261,5,Love this.,2025-04-10
REV-13802,C04498,P0017,ORD-146139,5,Great product!,2024-09-07
REV-13803,C07097,P0021,ORD-148317,4,Exactly as described.,2025-10-01
REV-13804,C00620,P0073,ORD-101929,5,Love this.,2025-02-08
REV-13805,C00347,P0017,ORD-105583,5,Fantastic quality.,2025-07-19
REV-13806,C09618,P0073,ORD-148230,1,Disappointed.,2025-10-10
REV-13807,C00675,P0024,ORD-113560,4,Fantastic quality.,2025-10-15
REV-13808,C00382,P0013,ORD-101157,3,Not bad.,2024-09-08
REV-13809,C00515,P0077,ORD-108090,5,Five stars!,2025-06-15
REV-13810,C00266,P0057,ORD-110405,4,Great product!,2025-12-13
REV-13811,C07359,P0038,ORD-123373,5,Five stars!,2024-11-27
REV-13812,C06404,P0038,ORD-121202,4,Exactly as described.,2025-08-25
REV-13813,C00917,P0064,ORD-111737,5,Worth every penny.,2024-09-27
REV-13814,C00167,P0057,ORD-113233,5,Exceeded expectations.,2025-07-28
REV-13815,C09469,P0073,ORD-141501,2,Regret this purchase.,2025-01-20
REV-13816,C02876,P0021,ORD-129857,4,Exceeded expectations.,2025-10-10
REV-13817,C00744,P0064,ORD-116878,4,Great product!,2025-08-09
REV-13818,C00064,P0100,ORD-109823,4,Exactly as described.,2024-09-23
REV-13819,C05092,P0059,ORD-149246,5,Love this.,2024-05-02
REV-13820,C07705,P0075,ORD-148079,5,Fantastic quality.,2025-12-16
REV-13821,C00590,P0070,ORD-107977,5,Very satisfied.,2024-09-07
REV-13822,C06546,P0014,ORD-147358,4,Exactly as described.,2024-02-12
REV-13823,C06477,P0014,ORD-148396,5,Exceeded expectations.,2025-05-26
REV-13824,C03865,P0021,ORD-122445,4,Fantastic quality.,2024-09-16
REV-13825,C08303,P0057,ORD-130178,4,Exceeded expectations.,2025-01-07
REV-13826,C05874,P0013,ORD-141997,5,Very satisfied.,2024-06-08
REV-13827,C08212,P0085,ORD-145118,4,Worth every penny.,2024-12-08
REV-13828,C06852,P0078,ORD-125244,4,Fantastic quality.,2024-10-16
REV-13829,C05188,P0078,ORD-127375,5,Great product!,2024-10-04
REV-13830,C00762,P0015,ORD-119625,5,Five stars!,2025-10-27
REV-13831,C01792,P0073,ORD-142803,5,Worth every penny.,2024-10-11
REV-13832,C00163,P0090,ORD-104567,4,Great product!,2024-11-13
REV-13833,C00834,P0073,ORD-118516,4,Exactly as described.,2024-08-28
REV-13834,C00575,P0015,ORD-102872,5,Worth every penny.,2026-01-27
REV-13835,C07604,P0073,ORD-134320,5,Love this.,2024-03-29
REV-13836,C08648,P0093,ORD-126242,3,Average.,2025-08-01
REV-13837,C00360,P0090,ORD-104946,4,Five stars!,2025-12-17
REV-13838,C00661,P0059,ORD-104046,4,Very satisfied.,2025-01-19
REV-13839,C04397,P0024,ORD-127491,4,Exactly as described.,2025-11-14
REV-13840,C00501,P0057,ORD-118332,1,Poor quality.,2024-12-26
REV-13841,C00288,P0093,ORD-108311,5,Great product!,2025-04-15
REV-13842,C01185,P0010,ORD-135035,5,Exceeded expectations.,2025-04-19
REV-13843,C05085,P0014,ORD-140070,5,Love this.,2025-01-20
REV-13844,C08290,P0075,ORD-126835,2,Terrible.,2024-10-29
REV-13845,C00702,P0028,ORD-102762,5,Fantastic quality.,2026-01-27
REV-13846,C00028,P0064,ORD-100998,5,Five stars!,2024-12-06
REV-13847,C02687,P0020,ORD-140150,5,Great product!,2024-12-10
REV-13848,C05703,P0070,ORD-130196,5,Very satisfied.,2025-11-17
REV-13849,C00751,P0085,ORD-100137,5,Love this.,2024-07-12
REV-13850,C04250,P0017,ORD-124739,5,Love this.,2026-01-29
REV-13851,C00281,P0085,ORD-108374,5,Great product!,2024-11-18
REV-13852,C00157,P0021,ORD-118666,5,Exceeded expectations.,2024-06-01
REV-13853,C00970,P0059,ORD-106683,5,Very satisfied.,2025-06-14
REV-13854,C07542,P0021,ORD-132653,5,Fantastic quality.,2025-06-16
REV-13855,C00149,P0070,ORD-108557,4,Fantastic quality.,2024-12-28
REV-13856,C09976,P0020,ORD-137067,5,Five stars!,2024-12-22
REV-13857,C01387,P0085,ORD-124833,5,Worth every penny.,2026-01-16
REV-13858,C01555,P0024,ORD-126350,4,Great product!,2025-09-25
REV-13859,C04045,P0077,ORD-138165,5,Five stars!,2026-01-24
REV-13860,C04026,P0075,ORD-122407,4,Fantastic quality.,2024-12-30
REV-13861,C00482,P0078,ORD-105326,5,Great product!,2024-05-13
REV-13862,C07685,P0058,ORD-141046,4,Worth every penny.,2025-03-28
REV-13863,C09208,P0051,ORD-130185,5,Great product!,2024-08-10
REV-13864,C00002,P0024,ORD-104849,5,Exceeded expectations.,2025-03-25
REV-13865,C00600,P0021,ORD-105733,5,Exceeded expectations.,2024-02-27
REV-13866,C01248,P0038,ORD-141103,2,Not as described.,2025-01-15
REV-13867,C08827,P0015,ORD-128900,4,Very satisfied.,2024-05-26
REV-13868,C00893,P0060,ORD-105078,2,Arrived damaged.,2025-02-10
REV-13869,C07394,P0078,ORD-149617,4,Exactly as described.,2025-04-12
REV-13870,C00394,P0059,ORD-116835,5,Worth every penny.,2025-04-24
REV-13871,C00796,P0021,ORD-101040,5,Exactly as described.,2026-02-16
REV-13872,C06060,P0057,ORD-137927,3,Decent quality.,2024-09-01
REV-13873,C01897,P0038,ORD-129594,1,Waste of money.,2024-12-11
REV-13874,C03239,P0064,ORD-136444,4,Exceeded expectations.,2025-08-20
REV-13875,C05436,P0017,ORD-143763,5,Fantastic quality.,2024-12-09
REV-13876,C01961,P0024,ORD-126904,5,Five stars!,2025-07-16
REV-13877,C09667,P0017,ORD-143916,3,Average.,2025-12-27
REV-13878,C05860,P0013,ORD-139854,4,Very satisfied.,2025-05-12
REV-13879,C07343,P0020,ORD-131753,4,Love this.,2025-09-12
REV-13880,C05222,P0064,ORD-138189,5,Exactly as described.,2024-08-02
REV-13881,C05656,P0017,ORD-125782,3,Not bad.,2024-06-21
REV-13882,C05588,P0045,ORD-146500,5,Worth every penny.,2024-10-06
REV-13883,C00685,P0021,ORD-103266,4,Exactly as described.,2024-02-25
REV-13884,C01747,P0021,ORD-149700,2,Not as described.,2024-08-20
REV-13885,C02121,P0017,ORD-130924,5,Exactly as described.,2025-06-28
REV-13886,C00298,P0059,ORD-104105,5,Very satisfied.,2024-05-18
REV-13887,C06293,P0058,ORD-120045,5,Love this.,2024-08-26
REV-13888,C01790,P0073,ORD-134319,5,Exactly as described.,2025-08-10
REV-13889,C02729,P0059,ORD-147395,5,Fantastic quality.,2024-08-10
REV-13890,C06700,P0059,ORD-130683,2,Terrible.,2024-11-09
REV-13891,C00918,P0074,ORD-105484,5,Exactly as described.,2024-10-29
REV-13892,C05189,P0015,ORD-146085,4,Fantastic quality.,2025-12-19
REV-13893,C00479,P0038,ORD-110082,4,Five stars!,2024-07-05
REV-13894,C07784,P0045,ORD-134358,5,Five stars!,2025-04-08
REV-13895,C00144,P0055,ORD-100750,3,Just average.,2025-11-19
REV-13896,C00836,P0038,ORD-119607,5,Worth every penny.,2024-04-22
REV-13897,C00397,P0094,ORD-111880,5,Love this.,2024-06-05
REV-13898,C05278,P0013,ORD-142553,2,Regret this purchase.,2024-08-02
REV-13899,C06730,P0024,ORD-125934,5,Great product!,2025-01-03
REV-13900,C08688,P0038,ORD-136730,4,Very satisfied.,2025-07-09
REV-13901,C06244,P0052,ORD-141135,4,Love this.,2024-10-18
REV-13902,C06621,P0013,ORD-138968,4,Very satisfied.,2024-12-31
REV-13903,C03713,P0021,ORD-144749,5,Five stars!,2025-07-03
REV-13904,C00769,P0017,ORD-118763,5,Love this.,2025-03-07
REV-13905,C04183,P0064,ORD-121823,4,Exactly as described.,2024-12-16
REV-13906,C00004,P0078,ORD-119339,5,Love this.,2024-09-16
REV-13907,C00904,P0085,ORD-103342,5,Love this.,2025-05-13
REV-13908,C09213,P0015,ORD-149537,3,Fairly priced.,2025-03-02
REV-13909,C03885,P0059,ORD-135926,4,Worth every penny.,2024-03-29
REV-13910,C02279,P0070,ORD-123865,5,Exactly as described.,2024-06-20
REV-13911,C04707,P0093,ORD-125400,4,Exactly as described.,2024-11-08
REV-13912,C05489,P0058,ORD-121307,4,Love this.,2025-03-12
REV-13913,C01254,P0090,ORD-126870,5,Five stars!,2026-02-02
REV-13914,C00133,P0064,ORD-115015,2,Regret this purchase.,2025-11-06
REV-13915,C01532,P0021,ORD-136847,5,Very satisfied.,2025-06-08
REV-13916,C07743,P0021,ORD-121142,5,Worth every penny.,2024-04-25
REV-13917,C06399,P0024,ORD-126480,4,Love this.,2026-01-11
REV-13918,C00121,P0090,ORD-104599,4,Exceeded expectations.,2025-01-25
REV-13919,C00851,P0020,ORD-105076,5,Fantastic quality.,2024-09-08
REV-13920,C09923,P0013,ORD-128925,5,Fantastic quality.,2024-12-16
REV-13921,C00913,P0073,ORD-117764,5,Great product!,2024-06-11
REV-13922,C05394,P0078,ORD-149899,5,Five stars!,2025-07-31
REV-13923,C00362,P0064,ORD-105700,5,Very satisfied.,2026-01-30
REV-13924,C03049,P0059,ORD-139385,5,Exactly as described.,2025-08-13
REV-13925,C00669,P0090,ORD-107748,5,Exactly as described.,2025-01-30
REV-13926,C00445,P0059,ORD-104305,4,Exactly as described.,2025-03-03
REV-13927,C00118,P0064,ORD-112547,5,Fantastic quality.,2024-01-17
REV-13928,C00334,P0038,ORD-119657,5,Exceeded expectations.,2025-05-07
REV-13929,C06963,P0078,ORD-131315,2,Not as described.,2026-02-17
REV-13930,C07880,P0021,ORD-127820,1,Not as described.,2025-09-19
REV-13931,C00109,P0058,ORD-114010,5,Five stars!,2025-03-29
REV-13932,C07304,P0064,ORD-141127,5,Very satisfied.,2025-02-27
REV-13933,C06732,P0090,ORD-121647,1,Disappointed.,2024-05-28
REV-13934,C05156,P0013,ORD-128856,5,Very satisfied.,2024-05-20
REV-13935,C09657,P0015,ORD-147770,5,Five stars!,2026-01-01
REV-13936,C04933,P0020,ORD-128289,3,Fairly priced.,2024-11-23
REV-13937,C00010,P0017,ORD-117688,4,Very satisfied.,2025-01-08
REV-13938,C00258,P0013,ORD-114144,2,Disappointed.,2024-04-20
REV-13939,C00904,P0013,ORD-114321,5,Exceeded expectations.,2024-11-30
REV-13940,C00424,P0085,ORD-110294,4,Worth every penny.,2024-12-21
REV-13941,C00725,P0085,ORD-112698,5,Very satisfied.,2025-06-03
REV-13942,C00279,P0024,ORD-112882,5,Worth every penny.,2024-05-11
REV-13943,C04585,P0013,ORD-124960,4,Worth every penny.,2024-04-03
REV-13944,C08405,P0073,ORD-126538,3,Not bad.,2026-02-08
REV-13945,C03980,P0059,ORD-129145,4,Fantastic quality.,2024-04-12
REV-13946,C03225,P0085,ORD-142045,4,Fantastic quality.,2025-01-08
REV-13947,C00249,P0045,ORD-103326,5,Great product!,2026-02-03
REV-13948,C08214,P0021,ORD-142600,5,Exactly as described.,2024-11-01
REV-13949,C03513,P0013,ORD-129767,5,Five stars!,2025-02-10
REV-13950,C04768,P0070,ORD-131536,5,Fantastic quality.,2026-01-03
REV-13951,C00217,P0038,ORD-112038,4,Exceeded expectations.,2024-10-05
REV-13952,C00007,P0073,ORD-104654,5,Great product!,2025-08-02
REV-13953,C00997,P0038,ORD-111362,4,Very satisfied.,2025-05-31
REV-13954,C07251,P0038,ORD-148893,1,Disappointed.,2024-12-31
REV-13955,C07519,P0058,ORD-127757,5,Fantastic quality.,2024-05-20
REV-13956,C04281,P0009,ORD-129886,5,Worth every penny.,2024-12-03
REV-13957,C07289,P0090,ORD-147843,2,Poor quality.,2025-12-03
REV-13958,C06910,P0070,ORD-145509,4,Five stars!,2025-08-13
REV-13959,C09791,P0036,ORD-129783,3,Just average.,2024-05-10
REV-13960,C03274,P0093,ORD-138586,5,Love this.,2025-05-03
REV-13961,C01116,P0070,ORD-132556,5,Five stars!,2024-09-23
REV-13962,C09591,P0059,ORD-144096,4,Exceeded expectations.,2025-12-29
REV-13963,C08324,P0069,ORD-140921,4,Very satisfied.,2025-01-03
REV-13964,C05635,P0059,ORD-147141,5,Exactly as described.,2025-11-01
REV-13965,C02153,P0013,ORD-138258,3,It's okay.,2024-12-19
REV-13966,C03695,P0070,ORD-125602,4,Fantastic quality.,2025-08-19
REV-13967,C00430,P0073,ORD-104485,5,Exceeded expectations.,2026-01-22
REV-13968,C00851,P0038,ORD-101332,3,Average.,2025-03-12
REV-13969,C00396,P0064,ORD-118481,5,Love this.,2024-07-03
REV-13970,C00065,P0085,ORD-119365,2,Not as described.,2025-08-11
REV-13971,C04656,P0091,ORD-148228,5,Very satisfied.,2025-05-23
REV-13972,C03088,P0070,ORD-129513,2,Terrible.,2024-06-16
REV-13973,C05916,P0057,ORD-145180,5,Fantastic quality.,2024-07-20
REV-13974,C06362,P0017,ORD-136825,5,Five stars!,2025-12-27
REV-13975,C00749,P0093,ORD-119663,5,Five stars!,2025-10-24
REV-13976,C06931,P0073,ORD-142126,1,Terrible.,2025-09-23
REV-13977,C08055,P0024,ORD-146515,5,Worth every penny.,2025-11-10
REV-13978,C05242,P0070,ORD-138664,4,Five stars!,2025-09-05
REV-13979,C06145,P0075,ORD-141190,5,Great product!,2025-01-28
REV-13980,C07938,P0045,ORD-127683,5,Exceeded expectations.,2025-11-24
REV-13981,C03552,P0038,ORD-136850,4,Exceeded expectations.,2025-09-24
REV-13982,C00609,P0059,ORD-109965,3,It's okay.,2025-12-21
REV-13983,C08945,P0075,ORD-130294,4,Five stars!,2025-06-14
REV-13984,C00656,P0024,ORD-109566,5,Exactly as described.,2024-12-28
REV-13985,C03467,P0013,ORD-131301,4,Exceeded expectations.,2025-12-23
REV-13986,C09580,P0013,ORD-130434,5,Very satisfied.,2025-11-05
REV-13987,C05495,P0075,ORD-128743,5,Very satisfied.,2024-08-05
REV-13988,C03166,P0017,ORD-127593,5,Fantastic quality.,2024-06-17
REV-13989,C06731,P0073,ORD-126864,4,Exactly as described.,2026-02-22
REV-13990,C04857,P0093,ORD-128784,4,Exactly as described.,2025-09-09
REV-13991,C01090,P0020,ORD-140539,4,Great product!,2024-04-16
REV-13992,C07972,P0090,ORD-128894,5,Exceeded expectations.,2025-08-07
REV-13993,C07482,P0070,ORD-128818,1,Arrived damaged.,2024-09-19
REV-13994,C05941,P0045,ORD-134937,3,It's okay.,2025-12-07
REV-13995,C05303,P0021,ORD-140199,3,Just average.,2025-07-12
REV-13996,C09284,P0071,ORD-125124,5,Great product!,2024-11-01
REV-13997,C01312,P0059,ORD-124814,2,Terrible.,2025-10-13
REV-13998,C00801,P0069,ORD-116109,4,Worth every penny.,2025-01-28
REV-13999,C00751,P0013,ORD-111603,5,Exceeded expectations.,2025-11-02
REV-14000,C00665,P0017,ORD-113583,4,Fantastic quality.,2025-11-26
REV-14001,C09824,P0085,ORD-124871,5,Exceeded expectations.,2025-02-06
REV-14002,C04565,P0024,ORD-121640,1,Disappointed.,2024-08-04
REV-14003,C02386,P0013,ORD-137154,4,Fantastic quality.,2026-01-23
REV-14004,C08418,P0024,ORD-123070,3,Fairly priced.,2024-11-03
REV-14005,C04777,P0021,ORD-149513,5,Five stars!,2025-12-07
REV-14006,C07060,P0038,ORD-131756,5,Five stars!,2025-05-26
REV-14007,C09699,P0021,ORD-122676,2,Arrived damaged.,2025-08-10
REV-14008,C03083,P0038,ORD-122380,3,Decent quality.,2025-01-25
REV-14009,C00287,P0013,ORD-102315,4,Exactly as described.,2024-02-26
REV-14010,C00667,P0017,ORD-119969,5,Love this.,2024-12-21
REV-14011,C06355,P0021,ORD-132594,5,Exactly as described.,2024-03-17
REV-14012,C02864,P0085,ORD-148033,5,Fantastic quality.,2025-08-11
REV-14013,C02129,P0070,ORD-135649,4,Fantastic quality.,2025-06-22
REV-14014,C04367,P0050,ORD-131101,3,It's okay.,2025-10-24
REV-14015,C00248,P0024,ORD-106504,4,Exceeded expectations.,2024-08-17
REV-14016,C05630,P0017,ORD-125356,5,Love this.,2025-01-09
REV-14017,C07709,P0064,ORD-149254,4,Worth every penny.,2024-09-23
REV-14018,C00480,P0013,ORD-115517,4,Very satisfied.,2025-06-12
REV-14019,C07923,P0064,ORD-142594,5,Very satisfied.,2025-09-08
REV-14020,C01717,P0100,ORD-143435,4,Very satisfied.,2025-10-07
REV-14021,C00782,P0014,ORD-105688,2,Regret this purchase.,2024-12-16
REV-14022,C05254,P0013,ORD-138087,4,Five stars!,2025-05-09
REV-14023,C03397,P0073,ORD-148049,4,Great product!,2025-08-25
REV-14024,C03036,P0038,ORD-126995,4,Five stars!,2025-10-01
REV-14025,C09702,P0075,ORD-141272,5,Exactly as described.,2025-12-19
REV-14026,C03344,P0059,ORD-149725,4,Fantastic quality.,2024-08-12
REV-14027,C09365,P0013,ORD-136759,1,Arrived damaged.,2025-01-14
REV-14028,C01213,P0021,ORD-122505,4,Worth every penny.,2024-08-14
REV-14029,C00234,P0015,ORD-107159,5,Great product!,2025-11-09
REV-14030,C09362,P0038,ORD-123014,5,Exceeded expectations.,2024-12-21
REV-14031,C00909,P0013,ORD-106923,4,Great product!,2025-01-22
REV-14032,C07436,P0045,ORD-145602,5,Great product!,2024-12-07
REV-14033,C06960,P0078,ORD-147862,5,Worth every penny.,2025-09-26
REV-14034,C00443,P0013,ORD-112712,4,Exactly as described.,2024-04-18
REV-14035,C00554,P0058,ORD-115333,4,Great product!,2026-02-14
REV-14036,C00269,P0014,ORD-118449,2,Terrible.,2025-07-17
REV-14037,C07275,P0064,ORD-138831,4,Great product!,2024-05-10
REV-14038,C00560,P0021,ORD-110050,5,Great product!,2025-10-25
REV-14039,C03572,P0073,ORD-147106,5,Exceeded expectations.,2026-01-11
REV-14040,C08398,P0024,ORD-129173,4,Five stars!,2024-03-18
REV-14041,C04416,P0045,ORD-144378,4,Love this.,2024-08-10
REV-14042,C09169,P0059,ORD-128626,5,Very satisfied.,2024-12-15
REV-14043,C04266,P0017,ORD-123452,2,Disappointed.,2024-04-10
REV-14044,C05270,P0064,ORD-127030,1,Disappointed.,2024-12-27
REV-14045,C06219,P0025,ORD-143492,3,It's okay.,2024-12-30
REV-14046,C00130,P0093,ORD-109069,4,Five stars!,2024-05-13
REV-14047,C03967,P0093,ORD-149616,5,Exceeded expectations.,2026-01-07
REV-14048,C06345,P0067,ORD-132472,3,Average.,2025-05-05
REV-14049,C00046,P0073,ORD-101216,5,Love this.,2025-07-27
REV-14050,C02674,P0085,ORD-144716,4,Fantastic quality.,2025-07-29
REV-14051,C00382,P0057,ORD-114219,3,Decent quality.,2024-12-07
REV-14052,C01448,P0073,ORD-131041,5,Love this.,2026-01-07
REV-14053,C00024,P0017,ORD-104325,4,Five stars!,2024-07-07
REV-14054,C05723,P0078,ORD-134828,5,Exceeded expectations.,2025-08-10
REV-14055,C04191,P0038,ORD-140364,3,It's okay.,2025-11-11
REV-14056,C01079,P0059,ORD-129739,5,Fantastic quality.,2026-02-02
REV-14057,C00666,P0038,ORD-106594,4,Love this.,2025-02-09
REV-14058,C08884,P0067,ORD-123521,5,Exceeded expectations.,2025-12-31
REV-14059,C05199,P0057,ORD-143442,3,Decent quality.,2024-06-01
REV-14060,C03245,P0057,ORD-133018,4,Very satisfied.,2024-03-20
REV-14061,C09908,P0059,ORD-145707,5,Great product!,2025-01-01
REV-14062,C06670,P0038,ORD-141515,4,Very satisfied.,2025-11-28
REV-14063,C07012,P0021,ORD-130235,5,Fantastic quality.,2025-02-04
REV-14064,C01464,P0075,ORD-127454,5,Very satisfied.,2026-01-05
REV-14065,C06040,P0059,ORD-126695,4,Exceeded expectations.,2024-11-16
REV-14066,C01379,P0013,ORD-142508,5,Great product!,2025-01-26
REV-14067,C04791,P0076,ORD-122690,4,Five stars!,2025-12-06
REV-14068,C06084,P0013,ORD-132311,5,Five stars!,2024-04-10
REV-14069,C01528,P0003,ORD-147939,5,Love this.,2025-08-28
REV-14070,C00060,P0059,ORD-115123,5,Worth every penny.,2025-12-11
REV-14071,C04968,P0064,ORD-144850,2,Disappointed.,2026-02-03
REV-14072,C01269,P0013,ORD-124293,4,Love this.,2024-12-29
REV-14073,C04446,P0064,ORD-134559,5,Great product!,2025-05-01
REV-14074,C05548,P0015,ORD-146459,4,Fantastic quality.,2026-01-21
REV-14075,C04902,P0038,ORD-126996,5,Worth every penny.,2025-06-30
REV-14076,C03666,P0013,ORD-143236,5,Great product!,2025-05-30
REV-14077,C00877,P0045,ORD-101689,4,Love this.,2024-12-30
REV-14078,C07961,P0015,ORD-135573,5,Exactly as described.,2025-08-15
REV-14079,C00801,P0064,ORD-115376,5,Very satisfied.,2024-08-29
REV-14080,C06741,P0024,ORD-142289,4,Worth every penny.,2025-09-13
REV-14081,C00904,P0064,ORD-116425,5,Great product!,2024-08-03
REV-14082,C00680,P0045,ORD-112017,4,Great product!,2025-09-16
REV-14083,C07037,P0017,ORD-131676,2,Arrived damaged.,2024-12-15
REV-14084,C00824,P0038,ORD-109458,4,Very satisfied.,2024-04-30
REV-14085,C04196,P0093,ORD-141836,4,Very satisfied.,2026-01-04
REV-14086,C01543,P0020,ORD-149369,5,Very satisfied.,2024-03-21
REV-14087,C04541,P0023,ORD-131136,4,Five stars!,2025-02-03
REV-14088,C05861,P0058,ORD-137576,2,Poor quality.,2024-07-05
REV-14089,C00821,P0045,ORD-110148,2,Terrible.,2025-08-20
REV-14090,C00349,P0090,ORD-103144,5,Exceeded expectations.,2024-12-28
REV-14091,C06689,P0073,ORD-138854,4,Very satisfied.,2026-01-19
REV-14092,C07326,P0014,ORD-146340,4,Exactly as described.,2025-02-25
REV-14093,C07584,P0059,ORD-129235,5,Love this.,2024-08-17
REV-14094,C02122,P0057,ORD-130629,4,Five stars!,2024-04-25
REV-14095,C08117,P0059,ORD-121528,3,Met expectations.,2024-09-22
REV-14096,C01714,P0020,ORD-121958,5,Very satisfied.,2026-02-07
REV-14097,C00980,P0013,ORD-116923,5,Exactly as described.,2025-09-19
REV-14098,C00334,P0013,ORD-116532,4,Exactly as described.,2025-10-18
REV-14099,C00154,P0078,ORD-110111,4,Great product!,2024-08-15
REV-14100,C01530,P0038,ORD-142307,2,Not as described.,2024-08-18
REV-14101,C00118,P0061,ORD-108248,5,Exactly as described.,2025-08-07
REV-14102,C06289,P0038,ORD-122402,4,Very satisfied.,2026-01-29
REV-14103,C00896,P0054,ORD-111365,5,Great product!,2024-05-29
REV-14104,C00384,P0024,ORD-110672,3,Fairly priced.,2025-12-11
REV-14105,C00494,P0024,ORD-117820,3,Just average.,2024-01-24
REV-14106,C02617,P0021,ORD-134133,5,Five stars!,2025-04-07
REV-14107,C03754,P0005,ORD-120206,5,Love this.,2024-08-07
REV-14108,C08133,P0100,ORD-142029,5,Five stars!,2025-03-11
REV-14109,C00506,P0064,ORD-101806,4,Very satisfied.,2024-07-14
REV-14110,C00416,P0058,ORD-116009,5,Five stars!,2025-10-29
REV-14111,C00111,P0015,ORD-108341,4,Very satisfied.,2025-10-12
REV-14112,C05859,P0096,ORD-146813,4,Exceeded expectations.,2024-10-23
REV-14113,C04062,P0058,ORD-147853,4,Fantastic quality.,2025-06-06
REV-14114,C00024,P0013,ORD-114672,4,Exactly as described.,2024-08-15
REV-14115,C06709,P0013,ORD-144255,5,Fantastic quality.,2025-10-26
REV-14116,C09415,P0045,ORD-137577,5,Fantastic quality.,2025-04-28
REV-14117,C06665,P0070,ORD-124862,5,Fantastic quality.,2024-05-14
REV-14118,C00969,P0071,ORD-102526,4,Exactly as described.,2026-01-01
REV-14119,C05015,P0075,ORD-132042,2,Not as described.,2024-08-06
REV-14120,C07552,P0064,ORD-141221,4,Very satisfied.,2025-08-31
REV-14121,C00453,P0021,ORD-104041,4,Great product!,2024-07-19
REV-14122,C00169,P0038,ORD-107996,2,Waste of money.,2025-04-29
REV-14123,C00693,P0013,ORD-108828,4,Worth every penny.,2025-01-08
REV-14124,C00998,P0090,ORD-111928,4,Worth every penny.,2025-07-06
REV-14125,C04278,P0009,ORD-121248,3,Just average.,2025-03-04
REV-14126,C04225,P0073,ORD-140709,5,Five stars!,2024-08-02
REV-14127,C02407,P0015,ORD-125357,5,Exceeded expectations.,2024-05-14
REV-14128,C08156,P0051,ORD-146210,4,Exactly as described.,2024-05-13
REV-14129,C00947,P0058,ORD-110268,5,Fantastic quality.,2025-10-12
REV-14130,C00831,P0018,ORD-108968,4,Fantastic quality.,2024-12-29
REV-14131,C02115,P0045,ORD-123629,3,Not bad.,2025-03-11
REV-14132,C00429,P0058,ORD-111407,3,Decent quality.,2025-07-27
REV-14133,C00265,P0015,ORD-104087,5,Worth every penny.,2025-12-06
REV-14134,C00620,P0013,ORD-108188,5,Exactly as described.,2024-10-28
REV-14135,C03773,P0059,ORD-139757,3,Fairly priced.,2025-02-08
REV-14136,C00411,P0014,ORD-119567,5,Exactly as described.,2024-06-01
REV-14137,C02664,P0089,ORD-149683,4,Fantastic quality.,2024-04-22
REV-14138,C07697,P0024,ORD-132375,5,Fantastic quality.,2025-08-31
REV-14139,C00586,P0038,ORD-117057,5,Exactly as described.,2025-12-22
REV-14140,C05060,P0015,ORD-143795,5,Great product!,2024-11-28
REV-14141,C01241,P0005,ORD-147800,5,Exactly as described.,2024-09-05
REV-14142,C07645,P0090,ORD-128498,4,Very satisfied.,2024-10-07
REV-14143,C06436,P0064,ORD-134782,5,Fantastic quality.,2025-03-15
REV-14144,C00826,P0051,ORD-111700,3,Met expectations.,2025-01-18
REV-14145,C00745,P0090,ORD-107752,4,Worth every penny.,2024-10-03
REV-14146,C00937,P0073,ORD-117359,4,Great product!,2024-05-29
REV-14147,C00096,P0013,ORD-106382,2,Regret this purchase.,2024-03-25
REV-14148,C03693,P0059,ORD-120912,3,Average.,2025-07-17
REV-14149,C00683,P0075,ORD-109670,4,Very satisfied.,2024-02-21
REV-14150,C00636,P0045,ORD-113510,1,Disappointed.,2025-01-24
REV-14151,C00671,P0021,ORD-103421,5,Worth every penny.,2024-10-12
REV-14152,C01331,P0024,ORD-133718,4,Love this.,2025-02-09
REV-14153,C00037,P0064,ORD-101487,5,Very satisfied.,2025-12-29
REV-14154,C00709,P0073,ORD-104519,4,Very satisfied.,2025-09-07
REV-14155,C09244,P0059,ORD-135966,5,Exceeded expectations.,2024-11-05
REV-14156,C00960,P0090,ORD-114359,5,Love this.,2025-05-17
REV-14157,C00458,P0099,ORD-115196,5,Worth every penny.,2024-10-21
REV-14158,C04065,P0013,ORD-137613,4,Exactly as described.,2026-02-11
REV-14159,C00125,P0015,ORD-101334,5,Worth every penny.,2024-12-28
REV-14160,C02704,P0085,ORD-145177,4,Great product!,2025-10-25
REV-14161,C09648,P0073,ORD-145490,5,Fantastic quality.,2025-01-10
REV-14162,C01817,P0064,ORD-144796,5,Worth every penny.,2025-09-01
REV-14163,C02874,P0020,ORD-149423,4,Fantastic quality.,2024-10-04
REV-14164,C04892,P0015,ORD-122669,5,Great product!,2025-06-26
REV-14165,C03153,P0045,ORD-142576,5,Fantastic quality.,2025-09-22
REV-14166,C06769,P0024,ORD-137815,5,Very satisfied.,2025-11-10
REV-14167,C08919,P0075,ORD-134928,4,Very satisfied.,2024-12-09
REV-14168,C02499,P0070,ORD-146165,4,Fantastic quality.,2024-01-27
REV-14169,C00434,P0020,ORD-105105,4,Fantastic quality.,2024-09-27
REV-14170,C02213,P0070,ORD-143920,4,Worth every penny.,2024-08-11
REV-14171,C00174,P0024,ORD-100884,5,Fantastic quality.,2024-04-28
REV-14172,C05075,P0058,ORD-140877,4,Worth every penny.,2024-02-06
REV-14173,C00602,P0073,ORD-110908,3,Just average.,2025-11-12
REV-14174,C08250,P0077,ORD-141196,4,Fantastic quality.,2025-05-25
REV-14175,C05122,P0024,ORD-138929,5,Great product!,2025-10-11
REV-14176,C08184,P0017,ORD-129073,4,Great product!,2025-05-11
REV-14177,C00016,P0021,ORD-101960,1,Arrived damaged.,2024-11-25
REV-14178,C09908,P0059,ORD-137103,5,Exactly as described.,2026-02-06
REV-14179,C03844,P0093,ORD-137409,5,Great product!,2025-10-23
REV-14180,C00240,P0038,ORD-109573,5,Great product!,2025-05-26
REV-14181,C00870,P0058,ORD-111359,5,Worth every penny.,2025-12-26
REV-14182,C07142,P0097,ORD-147124,5,Worth every penny.,2024-03-27
REV-14183,C00981,P0013,ORD-106012,4,Worth every penny.,2025-12-20
REV-14184,C06312,P0073,ORD-144579,4,Exceeded expectations.,2024-11-09
REV-14185,C00870,P0021,ORD-119452,5,Very satisfied.,2024-09-11
REV-14186,C00190,P0037,ORD-109596,2,Arrived damaged.,2025-12-27
REV-14187,C03472,P0013,ORD-132900,5,Fantastic quality.,2025-12-02
REV-14188,C00762,P0014,ORD-105348,5,Worth every penny.,2026-02-08
REV-14189,C06794,P0078,ORD-125055,5,Exactly as described.,2025-12-25
REV-14190,C00739,P0078,ORD-117944,5,Five stars!,2024-08-23
REV-14191,C00405,P0059,ORD-109289,4,Five stars!,2025-03-25
REV-14192,C00396,P0038,ORD-114187,4,Five stars!,2025-12-28
REV-14193,C00674,P0078,ORD-117492,5,Exactly as described.,2024-02-15
REV-14194,C05311,P0070,ORD-121093,4,Fantastic quality.,2025-07-16
REV-14195,C00356,P0021,ORD-110076,5,Very satisfied.,2025-04-15
REV-14196,C05270,P0021,ORD-129314,5,Exactly as described.,2025-07-12
REV-14197,C07035,P0057,ORD-135208,2,Not as described.,2024-09-28
REV-14198,C00930,P0058,ORD-109340,4,Love this.,2024-05-12
REV-14199,C00107,P0013,ORD-109336,1,Not as described.,2025-04-06
REV-14200,C01250,P0024,ORD-125546,4,Worth every penny.,2025-12-06
REV-14201,C00291,P0013,ORD-101252,2,Disappointed.,2024-11-22
REV-14202,C09158,P0070,ORD-145251,3,Met expectations.,2025-06-14
REV-14203,C01778,P0059,ORD-142404,4,Five stars!,2025-06-24
REV-14204,C00039,P0024,ORD-114014,4,Five stars!,2024-11-16
REV-14205,C00620,P0021,ORD-100614,5,Exceeded expectations.,2025-10-22
REV-14206,C03027,P0098,ORD-140511,5,Worth every penny.,2024-04-27
REV-14207,C09461,P0090,ORD-125089,3,Not bad.,2024-06-14
REV-14208,C00227,P0085,ORD-115109,4,Love this.,2026-01-13
REV-14209,C00196,P0078,ORD-116319,5,Exactly as described.,2024-06-06
REV-14210,C00716,P0047,ORD-105557,4,Worth every penny.,2025-07-20
REV-14211,C01500,P0073,ORD-130864,4,Exceeded expectations.,2025-07-09
REV-14212,C00941,P0070,ORD-115960,2,Arrived damaged.,2025-12-03
REV-14213,C06361,P0053,ORD-143956,4,Love this.,2024-09-27
REV-14214,C00052,P0078,ORD-118198,5,Love this.,2024-02-13
REV-14215,C00372,P0020,ORD-111533,4,Exactly as described.,2024-05-10
REV-14216,C00419,P0024,ORD-102205,5,Love this.,2024-07-09
REV-14217,C08387,P0017,ORD-121840,4,Fantastic quality.,2025-11-05
REV-14218,C04592,P0075,ORD-142336,5,Worth every penny.,2025-08-31
REV-14219,C00576,P0013,ORD-103751,5,Worth every penny.,2025-10-15
REV-14220,C03624,P0038,ORD-146917,4,Five stars!,2024-12-13
REV-14221,C00580,P0093,ORD-107658,5,Great product!,2024-06-25
REV-14222,C05387,P0014,ORD-123934,5,Exceeded expectations.,2024-10-03
REV-14223,C01106,P0022,ORD-147254,3,Decent quality.,2025-01-23
REV-14224,C00842,P0024,ORD-100601,4,Five stars!,2025-10-30
REV-14225,C01272,P0059,ORD-136015,5,Very satisfied.,2025-04-23
REV-14226,C01585,P0090,ORD-136916,1,Disappointed.,2024-04-20
REV-14227,C04002,P0024,ORD-121734,3,Just average.,2025-01-12
REV-14228,C05542,P0033,ORD-127660,5,Very satisfied.,2025-11-04
REV-14229,C05140,P0080,ORD-143152,5,Exceeded expectations.,2025-01-18
REV-14230,C01584,P0075,ORD-125210,5,Fantastic quality.,2024-09-03
REV-14231,C02328,P0075,ORD-134895,4,Exceeded expectations.,2025-07-13
REV-14232,C04157,P0047,ORD-124002,4,Great product!,2024-12-22
REV-14233,C00768,P0022,ORD-112625,3,Decent quality.,2024-07-15
REV-14234,C00648,P0014,ORD-111111,5,Love this.,2025-03-01
REV-14235,C05766,P0090,ORD-135260,5,Exceeded expectations.,2025-03-28
REV-14236,C05418,P0048,ORD-128391,4,Five stars!,2025-11-02
REV-14237,C04713,P0073,ORD-136879,5,Five stars!,2024-09-16
REV-14238,C08859,P0090,ORD-149410,5,Worth every penny.,2024-03-22
REV-14239,C01996,P0014,ORD-132366,5,Worth every penny.,2024-11-03
REV-14240,C00713,P0038,ORD-105737,3,Not bad.,2024-08-14
REV-14241,C01106,P0073,ORD-122177,5,Five stars!,2026-01-26
REV-14242,C02687,P0057,ORD-134590,4,Love this.,2025-09-30
REV-14243,C01316,P0054,ORD-128236,5,Worth every penny.,2025-09-10
REV-14244,C00964,P0038,ORD-105059,5,Five stars!,2024-10-31
REV-14245,C00062,P0015,ORD-111429,4,Exactly as described.,2024-11-24
REV-14246,C09691,P0075,ORD-125361,5,Exceeded expectations.,2026-01-05
REV-14247,C00187,P0058,ORD-110282,1,Disappointed.,2025-01-11
REV-14248,C07976,P0090,ORD-142882,2,Disappointed.,2025-05-03
REV-14249,C01767,P0017,ORD-137182,3,Met expectations.,2024-11-10
REV-14250,C00984,P0064,ORD-119874,5,Fantastic quality.,2025-09-15
REV-14251,C06749,P0013,ORD-126532,5,Great product!,2025-10-04
REV-14252,C00837,P0021,ORD-109253,4,Exactly as described.,2024-08-07
REV-14253,C02034,P0021,ORD-133763,5,Exactly as described.,2025-01-27
REV-14254,C00841,P0073,ORD-106713,3,Met expectations.,2026-02-01
REV-14255,C01759,P0057,ORD-136041,5,Love this.,2025-03-30
REV-14256,C05276,P0058,ORD-139720,4,Fantastic quality.,2025-09-25
REV-14257,C03182,P0085,ORD-121523,4,Worth every penny.,2024-04-05
REV-14258,C00892,P0024,ORD-110839,5,Fantastic quality.,2024-05-19
REV-14259,C05108,P0021,ORD-136281,4,Exceeded expectations.,2024-11-25
REV-14260,C03240,P0073,ORD-146244,5,Five stars!,2025-04-30
REV-14261,C09987,P0017,ORD-132057,5,Exactly as described.,2024-12-29
REV-14262,C03778,P0020,ORD-143158,1,Not as described.,2024-04-23
REV-14263,C07193,P0014,ORD-120416,3,Average.,2025-03-22
REV-14264,C00961,P0045,ORD-118137,5,Great product!,2025-12-27
REV-14265,C00317,P0021,ORD-105731,5,Fantastic quality.,2024-12-16
REV-14266,C09533,P0057,ORD-121293,4,Very satisfied.,2025-09-26
REV-14267,C00379,P0057,ORD-119353,2,Waste of money.,2024-07-21
REV-14268,C00073,P0079,ORD-116644,5,Love this.,2024-10-22
REV-14269,C00216,P0059,ORD-105799,4,Fantastic quality.,2024-03-11
REV-14270,C00642,P0038,ORD-105764,3,Average.,2025-08-12
REV-14271,C00485,P0075,ORD-112049,1,Waste of money.,2025-08-16
REV-14272,C00819,P0024,ORD-105148,5,Great product!,2026-01-22
REV-14273,C01024,P0013,ORD-146634,5,Worth every penny.,2026-02-20
REV-14274,C05956,P0021,ORD-138589,5,Love this.,2024-07-03
REV-14275,C00820,P0013,ORD-113278,5,Great product!,2025-04-27
REV-14276,C00778,P0013,ORD-116742,5,Great product!,2024-06-17
REV-14277,C00798,P0045,ORD-109021,5,Exceeded expectations.,2025-05-27
REV-14278,C08390,P0085,ORD-121201,1,Regret this purchase.,2024-12-06
REV-14279,C03272,P0093,ORD-128913,3,Not bad.,2024-01-22
REV-14280,C04614,P0045,ORD-143693,5,Great product!,2024-02-02
REV-14281,C07825,P0024,ORD-130709,5,Love this.,2024-05-14
REV-14282,C08969,P0020,ORD-124932,5,Five stars!,2025-12-01
REV-14283,C09688,P0064,ORD-121961,4,Worth every penny.,2025-01-14
REV-14284,C06847,P0045,ORD-143961,5,Exactly as described.,2024-09-07
REV-14285,C00250,P0038,ORD-116526,5,Fantastic quality.,2025-02-26
REV-14286,C00744,P0073,ORD-114627,4,Five stars!,2024-02-10
REV-14287,C07608,P0064,ORD-141423,5,Love this.,2024-03-15
REV-14288,C00171,P0038,ORD-113692,5,Very satisfied.,2025-04-30
REV-14289,C00381,P0031,ORD-117805,5,Five stars!,2024-08-15
REV-14290,C07624,P0085,ORD-120947,3,Met expectations.,2024-03-24
REV-14291,C09207,P0071,ORD-122136,5,Worth every penny.,2024-08-23
REV-14292,C00364,P0070,ORD-108656,5,Fantastic quality.,2025-08-07
REV-14293,C00298,P0093,ORD-110892,5,Exactly as described.,2024-04-19
REV-14294,C04570,P0057,ORD-132927,5,Five stars!,2024-07-13
REV-14295,C00360,P0020,ORD-119582,5,Worth every penny.,2026-02-15
REV-14296,C03611,P0097,ORD-124875,5,Exactly as described.,2024-08-29
REV-14297,C01740,P0064,ORD-127337,4,Fantastic quality.,2025-01-26
REV-14298,C00311,P0059,ORD-119676,4,Very satisfied.,2026-01-04
REV-14299,C00904,P0070,ORD-116011,4,Love this.,2025-10-20
REV-14300,C06776,P0013,ORD-126879,5,Worth every penny.,2025-12-10
REV-14301,C00681,P0013,ORD-105545,4,Great product!,2025-10-26
REV-14302,C04029,P0048,ORD-131737,5,Very satisfied.,2025-04-01
REV-14303,C06762,P0064,ORD-142623,5,Exactly as described.,2024-02-13
REV-14304,C05502,P0085,ORD-136709,5,Exactly as described.,2024-09-02
REV-14305,C08254,P0085,ORD-147611,4,Exactly as described.,2025-05-30
REV-14306,C00733,P0064,ORD-113089,4,Worth every penny.,2025-05-24
REV-14307,C06618,P0076,ORD-146565,4,Great product!,2026-01-11
REV-14308,C00933,P0038,ORD-110590,3,Average.,2024-03-17
REV-14309,C02414,P0038,ORD-136048,3,Average.,2025-04-29
REV-14310,C05839,P0020,ORD-130563,5,Love this.,2024-11-29
REV-14311,C00360,P0005,ORD-118753,5,Worth every penny.,2026-01-14
REV-14312,C00990,P0015,ORD-104381,1,Arrived damaged.,2026-01-06
REV-14313,C00212,P0014,ORD-106047,4,Exactly as described.,2025-11-12
REV-14314,C08465,P0024,ORD-137077,1,Regret this purchase.,2026-01-26
REV-14315,C03213,P0085,ORD-123181,5,Worth every penny.,2024-02-05
REV-14316,C00065,P0064,ORD-101246,5,Exceeded expectations.,2025-04-21
REV-14317,C06506,P0075,ORD-126752,4,Fantastic quality.,2024-04-25
REV-14318,C03687,P0064,ORD-140819,5,Five stars!,2024-10-26
REV-14319,C05672,P0015,ORD-146963,5,Exceeded expectations.,2024-10-17
REV-14320,C07253,P0085,ORD-138597,5,Love this.,2024-07-17
REV-14321,C05177,P0075,ORD-137369,4,Fantastic quality.,2025-09-25
REV-14322,C00448,P0017,ORD-108144,5,Worth every penny.,2024-09-09
REV-14323,C00580,P0057,ORD-103325,4,Exactly as described.,2024-12-11
REV-14324,C00294,P0017,ORD-118001,4,Very satisfied.,2025-10-13
REV-14325,C07300,P0015,ORD-126321,5,Very satisfied.,2025-12-15
REV-14326,C08121,P0017,ORD-133737,3,Average.,2024-02-13
REV-14327,C04107,P0064,ORD-147410,5,Very satisfied.,2025-12-02
REV-14328,C08118,P0057,ORD-127936,5,Great product!,2025-01-12
REV-14329,C04449,P0069,ORD-121544,2,Terrible.,2024-12-02
REV-14330,C08916,P0013,ORD-133133,5,Fantastic quality.,2025-01-11
REV-14331,C01269,P0085,ORD-128309,3,Average.,2025-05-17
REV-14332,C01722,P0020,ORD-126525,3,Met expectations.,2025-09-10
REV-14333,C02720,P0013,ORD-132045,5,Exactly as described.,2025-05-13
REV-14334,C07231,P0024,ORD-142291,5,Fantastic quality.,2025-12-08
REV-14335,C09726,P0075,ORD-148311,5,Great product!,2026-01-30
REV-14336,C00292,P0070,ORD-109859,4,Love this.,2026-01-20
REV-14337,C00995,P0090,ORD-101350,5,Worth every penny.,2024-12-16
REV-14338,C00910,P0078,ORD-107170,5,Fantastic quality.,2025-02-20
REV-14339,C00755,P0021,ORD-114361,4,Exactly as described.,2024-11-15
REV-14340,C00451,P0075,ORD-113496,4,Five stars!,2025-09-08
REV-14341,C00555,P0090,ORD-107898,3,Just average.,2025-05-01
REV-14342,C03280,P0057,ORD-129686,5,Exceeded expectations.,2025-09-16
REV-14343,C02116,P0070,ORD-125650,5,Very satisfied.,2024-12-31
REV-14344,C04636,P0064,ORD-132502,4,Love this.,2024-12-14
REV-14345,C00559,P0024,ORD-104026,5,Exceeded expectations.,2025-06-22
REV-14346,C04134,P0058,ORD-126529,5,Very satisfied.,2025-01-08
REV-14347,C00089,P0045,ORD-110812,2,Disappointed.,2024-12-16
REV-14348,C03211,P0073,ORD-120072,3,It's okay.,2024-09-03
REV-14349,C02965,P0085,ORD-140455,5,Five stars!,2025-02-20
REV-14350,C07900,P0013,ORD-146830,5,Great product!,2025-01-21
REV-14351,C08440,P0057,ORD-131547,5,Great product!,2025-08-30
REV-14352,C07766,P0073,ORD-140629,5,Great product!,2025-07-23
REV-14353,C08054,P0017,ORD-134506,4,Worth every penny.,2024-11-15
REV-14354,C04339,P0014,ORD-139246,4,Exactly as described.,2025-08-09
REV-14355,C00987,P0059,ORD-111024,4,Worth every penny.,2024-07-29
REV-14356,C00775,P0020,ORD-116449,3,Decent quality.,2024-04-11
REV-14357,C04099,P0079,ORD-131419,5,Five stars!,2025-01-28
REV-14358,C00578,P0064,ORD-109631,1,Disappointed.,2025-03-01
REV-14359,C02422,P0013,ORD-141584,5,Worth every penny.,2024-08-19
REV-14360,C01458,P0090,ORD-148374,5,Very satisfied.,2025-05-13
REV-14361,C01105,P0078,ORD-120590,5,Exactly as described.,2024-12-06
REV-14362,C00292,P0024,ORD-110964,4,Love this.,2024-02-14
REV-14363,C00959,P0021,ORD-105216,3,It's okay.,2025-10-12
REV-14364,C07373,P0090,ORD-129479,5,Fantastic quality.,2025-02-06
REV-14365,C00862,P0059,ORD-116554,4,Exactly as described.,2025-01-08
REV-14366,C00227,P0038,ORD-104276,2,Terrible.,2024-12-25
REV-14367,C06926,P0078,ORD-132063,4,Exactly as described.,2025-04-19
REV-14368,C00469,P0013,ORD-111080,5,Worth every penny.,2024-11-05
REV-14369,C00755,P0075,ORD-116622,5,Worth every penny.,2025-12-26
REV-14370,C02421,P0038,ORD-144606,5,Worth every penny.,2024-11-08
REV-14371,C00799,P0064,ORD-119250,3,Met expectations.,2026-01-01
REV-14372,C00294,P0017,ORD-119681,2,Waste of money.,2025-06-07
REV-14373,C02719,P0070,ORD-133751,5,Exceeded expectations.,2024-04-28
REV-14374,C06705,P0093,ORD-135604,5,Great product!,2024-05-31
REV-14375,C03429,P0035,ORD-120740,5,Fantastic quality.,2025-07-26
REV-14376,C00473,P0090,ORD-104288,5,Love this.,2024-07-10
REV-14377,C03462,P0038,ORD-142708,5,Five stars!,2024-04-10
REV-14378,C00940,P0073,ORD-110642,5,Exceeded expectations.,2024-07-18
REV-14379,C07315,P0064,ORD-144585,5,Very satisfied.,2025-08-05
REV-14380,C04517,P0017,ORD-129167,5,Worth every penny.,2025-11-30
REV-14381,C09728,P0021,ORD-127823,1,Regret this purchase.,2024-12-06
REV-14382,C07020,P0020,ORD-145729,1,Terrible.,2024-10-10
REV-14383,C09169,P0024,ORD-122291,1,Regret this purchase.,2025-12-03
REV-14384,C00447,P0017,ORD-107661,5,Five stars!,2024-07-04
REV-14385,C08133,P0024,ORD-136181,5,Exceeded expectations.,2024-04-12
REV-14386,C07942,P0038,ORD-128243,5,Worth every penny.,2024-04-19
REV-14387,C00685,P0059,ORD-111770,5,Exactly as described.,2025-07-09
REV-14388,C09796,P0013,ORD-146693,5,Exceeded expectations.,2024-02-12
REV-14389,C00299,P0078,ORD-110278,3,Fairly priced.,2024-08-13
REV-14390,C00930,P0073,ORD-106154,5,Worth every penny.,2025-10-02
REV-14391,C00510,P0059,ORD-112323,5,Five stars!,2025-11-15
REV-14392,C00951,P0038,ORD-101944,5,Exceeded expectations.,2024-11-25
REV-14393,C00084,P0080,ORD-101199,4,Five stars!,2024-06-18
REV-14394,C00783,P0078,ORD-118483,5,Worth every penny.,2025-05-31
REV-14395,C01027,P0052,ORD-133030,5,Exceeded expectations.,2025-09-28
REV-14396,C05467,P0038,ORD-127782,5,Exceeded expectations.,2024-08-07
REV-14397,C00240,P0013,ORD-104350,5,Love this.,2024-06-08
REV-14398,C02980,P0057,ORD-144857,5,Five stars!,2024-09-11
REV-14399,C09619,P0064,ORD-132367,4,Love this.,2025-11-21
REV-14400,C00508,P0021,ORD-111326,4,Exceeded expectations.,2025-01-01
REV-14401,C07026,P0078,ORD-122828,4,Love this.,2026-01-19
REV-14402,C09903,P0078,ORD-148814,5,Exactly as described.,2026-01-03
REV-14403,C02359,P0013,ORD-135327,4,Very satisfied.,2026-01-20
REV-14404,C00325,P0013,ORD-111879,5,Love this.,2024-07-26
REV-14405,C06753,P0021,ORD-122921,5,Exceeded expectations.,2026-01-06
REV-14406,C06834,P0015,ORD-130007,4,Love this.,2024-05-07
REV-14407,C00559,P0064,ORD-101480,3,Fairly priced.,2024-11-17
REV-14408,C07971,P0090,ORD-121145,4,Very satisfied.,2024-12-01
REV-14409,C01212,P0057,ORD-129803,5,Very satisfied.,2024-11-09
REV-14410,C06248,P0017,ORD-148837,5,Exceeded expectations.,2024-11-12
REV-14411,C08920,P0073,ORD-131235,4,Love this.,2025-11-13
REV-14412,C05881,P0073,ORD-123476,4,Very satisfied.,2025-08-06
REV-14413,C00470,P0059,ORD-117842,5,Exactly as described.,2026-01-04
REV-14414,C09741,P0073,ORD-146972,5,Fantastic quality.,2024-09-30
REV-14415,C00713,P0059,ORD-117824,5,Love this.,2024-07-23
REV-14416,C04140,P0024,ORD-137705,1,Waste of money.,2024-12-02
REV-14417,C04248,P0024,ORD-138666,4,Exactly as described.,2025-02-03
REV-14418,C02641,P0045,ORD-124269,5,Exceeded expectations.,2025-01-12
REV-14419,C07598,P0085,ORD-135805,4,Fantastic quality.,2025-06-06
REV-14420,C04236,P0020,ORD-122062,5,Five stars!,2025-12-23
REV-14421,C00074,P0013,ORD-115461,4,Fantastic quality.,2025-11-24
REV-14422,C00972,P0017,ORD-113934,3,Average.,2025-12-22
REV-14423,C00149,P0070,ORD-105154,4,Exactly as described.,2024-09-23
REV-14424,C00459,P0057,ORD-103288,2,Disappointed.,2025-05-07
REV-14425,C05256,P0014,ORD-122612,4,Fantastic quality.,2025-12-11
REV-14426,C00064,P0017,ORD-117997,5,Five stars!,2025-08-30
REV-14427,C00945,P0057,ORD-115099,5,Very satisfied.,2025-09-23
REV-14428,C00363,P0024,ORD-116870,4,Fantastic quality.,2025-11-18
REV-14429,C00567,P0059,ORD-112738,4,Exactly as described.,2025-09-29
REV-14430,C02142,P0017,ORD-147366,5,Fantastic quality.,2025-10-12
REV-14431,C00337,P0073,ORD-106080,4,Worth every penny.,2025-10-02
REV-14432,C00336,P0038,ORD-106101,5,Exactly as described.,2025-04-07
REV-14433,C08371,P0100,ORD-125328,5,Very satisfied.,2024-02-11
REV-14434,C00295,P0014,ORD-107457,5,Worth every penny.,2025-11-17
REV-14435,C01053,P0093,ORD-126412,4,Exceeded expectations.,2025-07-13
REV-14436,C00889,P0070,ORD-112350,4,Five stars!,2025-05-13
REV-14437,C04901,P0064,ORD-145872,4,Five stars!,2025-07-23
REV-14438,C05401,P0057,ORD-146239,5,Very satisfied.,2024-02-14
REV-14439,C08069,P0024,ORD-137146,3,Decent quality.,2025-03-11
REV-14440,C03034,P0073,ORD-133067,4,Five stars!,2024-07-20
REV-14441,C00725,P0085,ORD-101878,3,Just average.,2025-06-17
REV-14442,C00711,P0057,ORD-117185,4,Fantastic quality.,2024-12-16
REV-14443,C00202,P0038,ORD-111011,5,Very satisfied.,2025-12-15
REV-14444,C01551,P0013,ORD-141928,5,Exactly as described.,2025-12-16
REV-14445,C00784,P0017,ORD-119589,4,Exactly as described.,2026-01-01
REV-14446,C02320,P0073,ORD-137084,3,Average.,2024-07-25
REV-14447,C00205,P0063,ORD-102824,5,Exactly as described.,2025-01-12
REV-14448,C00014,P0038,ORD-110984,5,Five stars!,2024-12-22
REV-14449,C00680,P0070,ORD-118921,5,Exceeded expectations.,2024-11-04
REV-14450,C00816,P0045,ORD-114007,5,Five stars!,2025-02-11
REV-14451,C01120,P0045,ORD-138539,4,Great product!,2025-05-13
REV-14452,C02442,P0013,ORD-144067,3,Fairly priced.,2025-12-26
REV-14453,C08886,P0014,ORD-120735,4,Exceeded expectations.,2026-01-10
REV-14454,C02122,P0021,ORD-128546,5,Fantastic quality.,2024-05-15
REV-14455,C00622,P0017,ORD-100905,5,Exceeded expectations.,2024-05-05
REV-14456,C03231,P0013,ORD-147996,1,Waste of money.,2025-08-23
REV-14457,C00835,P0021,ORD-116850,5,Great product!,2024-09-10
REV-14458,C08636,P0090,ORD-140251,3,Average.,2024-07-02
REV-14459,C05488,P0073,ORD-149872,5,Great product!,2024-08-25
REV-14460,C07985,P0014,ORD-135462,4,Five stars!,2025-08-13
REV-14461,C05124,P0059,ORD-146216,4,Exceeded expectations.,2025-06-17
REV-14462,C04951,P0017,ORD-133744,5,Great product!,2024-08-24
REV-14463,C08881,P0093,ORD-136031,5,Fantastic quality.,2026-01-30
REV-14464,C00668,P0093,ORD-110752,4,Love this.,2025-11-04
REV-14465,C02157,P0073,ORD-128202,4,Exceeded expectations.,2025-07-15
REV-14466,C03149,P0014,ORD-132640,4,Fantastic quality.,2024-12-14
REV-14467,C08060,P0090,ORD-148328,1,Waste of money.,2025-09-16
REV-14468,C00350,P0010,ORD-102509,4,Five stars!,2025-10-10
REV-14469,C00299,P0038,ORD-104721,4,Worth every penny.,2025-06-24
REV-14470,C09702,P0064,ORD-149363,4,Fantastic quality.,2025-07-07
REV-14471,C00541,P0038,ORD-105470,2,Not as described.,2025-01-19
REV-14472,C01833,P0058,ORD-136265,5,Exactly as described.,2024-06-19
REV-14473,C05334,P0038,ORD-122357,5,Five stars!,2024-05-14
REV-14474,C00732,P0058,ORD-117294,3,Average.,2024-02-02
REV-14475,C02210,P0013,ORD-134285,5,Exactly as described.,2025-04-01
REV-14476,C01613,P0064,ORD-124692,5,Exceeded expectations.,2024-05-23
REV-14477,C06889,P0038,ORD-145372,5,Exceeded expectations.,2024-10-22
REV-14478,C09767,P0058,ORD-144232,5,Exactly as described.,2024-12-06
REV-14479,C08322,P0015,ORD-144955,5,Great product!,2024-07-02
REV-14480,C00195,P0062,ORD-115098,3,Not bad.,2025-06-22
REV-14481,C00878,P0015,ORD-115930,3,Decent quality.,2024-06-24
REV-14482,C09457,P0075,ORD-132618,4,Great product!,2025-10-13
REV-14483,C00900,P0070,ORD-116828,5,Very satisfied.,2025-07-14
REV-14484,C00482,P0013,ORD-111585,2,Disappointed.,2025-11-01
REV-14485,C00519,P0036,ORD-114287,2,Regret this purchase.,2025-12-23
REV-14486,C00829,P0057,ORD-107871,5,Very satisfied.,2026-01-19
REV-14487,C03203,P0014,ORD-140712,5,Very satisfied.,2024-06-05
REV-14488,C00762,P0015,ORD-106025,1,Terrible.,2024-02-02
REV-14489,C01095,P0090,ORD-132061,5,Worth every penny.,2025-11-30
REV-14490,C07434,P0013,ORD-130255,4,Fantastic quality.,2025-12-05
REV-14491,C00470,P0013,ORD-103248,5,Exactly as described.,2025-09-18
REV-14492,C00957,P0093,ORD-119448,4,Worth every penny.,2024-06-14
REV-14493,C01033,P0078,ORD-147421,2,Poor quality.,2025-04-11
REV-14494,C01424,P0074,ORD-146379,3,It's okay.,2024-06-12
REV-14495,C09108,P0015,ORD-144528,5,Worth every penny.,2024-10-28
REV-14496,C00374,P0024,ORD-112540,4,Very satisfied.,2025-12-06
REV-14497,C09069,P0024,ORD-148417,5,Love this.,2025-08-13
REV-14498,C00277,P0013,ORD-108272,4,Exceeded expectations.,2024-04-16
REV-14499,C02477,P0015,ORD-124947,5,Love this.,2024-10-30
REV-14500,C02593,P0059,ORD-136762,5,Great product!,2024-05-18
REV-14501,C02771,P0015,ORD-135304,4,Great product!,2024-09-17
REV-14502,C00345,P0093,ORD-116486,5,Exceeded expectations.,2025-04-15
REV-14503,C00714,P0020,ORD-118791,4,Worth every penny.,2025-01-26
REV-14504,C00310,P0073,ORD-100658,2,Disappointed.,2025-02-12
REV-14505,C07569,P0098,ORD-138409,3,It's okay.,2025-10-14
REV-14506,C00588,P0020,ORD-108984,5,Exactly as described.,2025-01-13
REV-14507,C04457,P0093,ORD-144163,5,Very satisfied.,2025-10-26
REV-14508,C09600,P0015,ORD-125814,3,Fairly priced.,2024-06-06
REV-14509,C01622,P0015,ORD-139531,5,Exceeded expectations.,2025-01-14
REV-14510,C02875,P0064,ORD-136208,5,Love this.,2024-05-21
REV-14511,C06839,P0010,ORD-142974,4,Very satisfied.,2025-09-22
REV-14512,C00084,P0013,ORD-116420,3,Met expectations.,2026-01-14
REV-14513,C00104,P0064,ORD-103860,5,Very satisfied.,2025-03-08
REV-14514,C04709,P0075,ORD-145287,4,Fantastic quality.,2024-06-08
REV-14515,C00771,P0092,ORD-109524,5,Exceeded expectations.,2025-04-26
REV-14516,C00544,P0057,ORD-102217,4,Exactly as described.,2024-06-20
REV-14517,C00492,P0064,ORD-116970,3,Met expectations.,2024-06-07
REV-14518,C07845,P0064,ORD-134411,4,Great product!,2024-04-09
REV-14519,C04773,P0090,ORD-123768,5,Very satisfied.,2025-10-08
REV-14520,C02737,P0013,ORD-121919,5,Worth every penny.,2024-03-12
REV-14521,C07360,P0090,ORD-120635,4,Love this.,2025-07-23
REV-14522,C08024,P0059,ORD-139598,2,Terrible.,2024-04-09
REV-14523,C00770,P0015,ORD-119656,1,Poor quality.,2024-12-26
REV-14524,C02653,P0020,ORD-141225,5,Five stars!,2024-09-26
REV-14525,C09250,P0038,ORD-120414,4,Five stars!,2024-09-22
REV-14526,C09512,P0075,ORD-148731,5,Exactly as described.,2024-09-11
REV-14527,C02977,P0014,ORD-120340,1,Disappointed.,2024-06-11
REV-14528,C00593,P0013,ORD-110399,4,Five stars!,2024-08-31
REV-14529,C05920,P0024,ORD-129283,5,Great product!,2025-10-25
REV-14530,C08787,P0057,ORD-138376,5,Exceeded expectations.,2026-01-03
REV-14531,C08712,P0078,ORD-148327,4,Exceeded expectations.,2024-08-27
REV-14532,C00279,P0020,ORD-100188,4,Very satisfied.,2025-06-25
REV-14533,C00459,P0085,ORD-107288,4,Worth every penny.,2025-04-10
REV-14534,C04876,P0017,ORD-136288,5,Five stars!,2024-06-09
REV-14535,C07794,P0038,ORD-141261,3,Decent quality.,2026-02-12
REV-14536,C05102,P0058,ORD-130694,4,Exceeded expectations.,2025-12-11
REV-14537,C06205,P0067,ORD-135237,4,Very satisfied.,2024-04-04
REV-14538,C06408,P0090,ORD-149387,1,Disappointed.,2025-09-07
REV-14539,C07326,P0071,ORD-144029,4,Five stars!,2026-01-01
REV-14540,C00010,P0070,ORD-118727,5,Exactly as described.,2024-10-30
REV-14541,C00998,P0085,ORD-107893,4,Love this.,2024-08-07
REV-14542,C04696,P0064,ORD-140638,2,Regret this purchase.,2025-01-26
REV-14543,C09727,P0038,ORD-129434,5,Five stars!,2024-08-24
REV-14544,C03635,P0075,ORD-131513,5,Fantastic quality.,2026-02-03
REV-14545,C00062,P0024,ORD-117892,4,Love this.,2025-05-28
REV-14546,C00544,P0038,ORD-109605,5,Five stars!,2024-09-23
REV-14547,C04273,P0059,ORD-132564,3,Decent quality.,2026-01-14
REV-14548,C06410,P0038,ORD-138783,5,Exceeded expectations.,2025-07-11
REV-14549,C05991,P0078,ORD-121419,5,Five stars!,2025-10-04
REV-14550,C06221,P0057,ORD-120672,3,Just average.,2025-09-11
REV-14551,C00621,P0014,ORD-107449,4,Very satisfied.,2025-12-09
REV-14552,C02429,P0014,ORD-137671,5,Very satisfied.,2025-01-16
REV-14553,C00698,P0058,ORD-103126,5,Exactly as described.,2024-05-20
REV-14554,C01853,P0070,ORD-147432,4,Worth every penny.,2024-06-18
REV-14555,C08478,P0057,ORD-148555,5,Great product!,2024-05-11
REV-14556,C07809,P0059,ORD-132787,1,Poor quality.,2025-12-09
REV-14557,C00777,P0045,ORD-115712,5,Exactly as described.,2024-07-24
REV-14558,C00218,P0085,ORD-109130,5,Worth every penny.,2024-05-21
REV-14559,C02379,P0078,ORD-121389,4,Great product!,2024-02-18
REV-14560,C08683,P0024,ORD-128644,5,Worth every penny.,2025-12-11
REV-14561,C00689,P0017,ORD-115484,5,Very satisfied.,2024-04-27
REV-14562,C03642,P0085,ORD-139680,4,Love this.,2025-11-01
REV-14563,C08647,P0073,ORD-138296,4,Exceeded expectations.,2024-07-06
REV-14564,C00074,P0014,ORD-117313,5,Five stars!,2025-08-15
REV-14565,C01914,P0021,ORD-131696,4,Great product!,2026-01-04
REV-14566,C04291,P0085,ORD-135330,5,Fantastic quality.,2025-11-06
REV-14567,C01234,P0090,ORD-121806,5,Exactly as described.,2024-06-24
REV-14568,C06417,P0014,ORD-126482,1,Poor quality.,2024-07-27
REV-14569,C03704,P0078,ORD-128505,5,Exactly as described.,2024-10-19
REV-14570,C02743,P0013,ORD-128519,5,Great product!,2024-05-30
REV-14571,C01203,P0044,ORD-140752,4,Worth every penny.,2025-01-27
REV-14572,C00817,P0078,ORD-116743,1,Not as described.,2024-12-13
REV-14573,C01724,P0038,ORD-128623,5,Great product!,2024-08-06
REV-14574,C07948,P0020,ORD-147154,5,Exactly as described.,2024-11-23
REV-14575,C00128,P0075,ORD-106601,1,Waste of money.,2025-04-08
REV-14576,C00225,P0015,ORD-111801,5,Love this.,2025-09-23
REV-14577,C00880,P0024,ORD-110458,5,Exceeded expectations.,2025-07-24
REV-14578,C07589,P0017,ORD-147536,5,Worth every penny.,2024-09-06
REV-14579,C00754,P0057,ORD-116856,5,Love this.,2025-03-22
REV-14580,C03696,P0013,ORD-145988,4,Very satisfied.,2024-07-10
REV-14581,C08942,P0017,ORD-135674,4,Five stars!,2024-06-02
REV-14582,C00826,P0021,ORD-105802,5,Very satisfied.,2025-02-06
REV-14583,C00874,P0064,ORD-104901,4,Exceeded expectations.,2024-06-04
REV-14584,C03496,P0045,ORD-127845,5,Love this.,2026-01-02
REV-14585,C07149,P0059,ORD-135250,5,Exceeded expectations.,2024-08-23
REV-14586,C00617,P0082,ORD-118258,5,Love this.,2025-12-30
REV-14587,C03570,P0078,ORD-123044,3,It's okay.,2025-01-27
REV-14588,C03306,P0013,ORD-147350,5,Very satisfied.,2024-07-11
REV-14589,C04370,P0073,ORD-134328,5,Five stars!,2025-05-18
REV-14590,C04530,P0015,ORD-121489,4,Love this.,2024-09-23
REV-14591,C07959,P0075,ORD-148171,5,Five stars!,2025-01-16
REV-14592,C00562,P0064,ORD-101217,1,Regret this purchase.,2025-08-18
REV-14593,C00489,P0078,ORD-100829,4,Five stars!,2025-02-07
REV-14594,C00560,P0085,ORD-115617,5,Great product!,2024-12-16
REV-14595,C02090,P0078,ORD-134485,4,Five stars!,2025-06-27
REV-14596,C00069,P0073,ORD-108961,5,Worth every penny.,2024-11-02
REV-14597,C08358,P0059,ORD-146305,5,Love this.,2025-05-14
REV-14598,C00435,P0013,ORD-111672,5,Five stars!,2024-11-19
REV-14599,C08001,P0057,ORD-141873,5,Fantastic quality.,2024-12-13
REV-14600,C00482,P0038,ORD-119206,5,Love this.,2025-12-14
REV-14601,C00199,P0064,ORD-102463,5,Very satisfied.,2024-08-13
REV-14602,C03968,P0017,ORD-120134,3,Average.,2024-11-30
REV-14603,C05793,P0010,ORD-125246,5,Exactly as described.,2025-07-06
REV-14604,C00416,P0020,ORD-103211,2,Terrible.,2025-11-18
REV-14605,C00772,P0045,ORD-111844,4,Worth every penny.,2025-07-17
REV-14606,C00899,P0090,ORD-107740,4,Very satisfied.,2024-07-25
REV-14607,C02723,P0013,ORD-130452,4,Worth every penny.,2025-06-20
REV-14608,C08678,P0093,ORD-121881,5,Exceeded expectations.,2025-11-01
REV-14609,C00076,P0064,ORD-109943,5,Fantastic quality.,2025-12-09
REV-14610,C01140,P0013,ORD-126040,1,Waste of money.,2025-12-08
REV-14611,C08862,P0017,ORD-141041,4,Fantastic quality.,2025-04-28
REV-14612,C03726,P0070,ORD-123756,5,Worth every penny.,2025-04-20
REV-14613,C00432,P0075,ORD-108045,4,Exceeded expectations.,2024-05-01
REV-14614,C00996,P0086,ORD-116936,5,Very satisfied.,2024-07-17
REV-14615,C04367,P0024,ORD-127972,5,Exactly as described.,2025-05-14
REV-14616,C00792,P0075,ORD-116252,1,Disappointed.,2024-02-11
REV-14617,C08863,P0017,ORD-130579,4,Worth every penny.,2024-07-22
REV-14618,C04526,P0073,ORD-141958,5,Exceeded expectations.,2025-09-26
REV-14619,C00362,P0017,ORD-100254,5,Great product!,2024-04-30
REV-14620,C03815,P0057,ORD-140512,2,Arrived damaged.,2024-05-09
REV-14621,C00011,P0090,ORD-103738,3,It's okay.,2024-02-12
REV-14622,C00403,P0015,ORD-115917,5,Fantastic quality.,2025-07-22
REV-14623,C00746,P0059,ORD-116524,4,Great product!,2024-03-06
REV-14624,C06790,P0064,ORD-134566,5,Great product!,2025-09-30
REV-14625,C07698,P0073,ORD-136078,5,Worth every penny.,2024-08-26
REV-14626,C06648,P0078,ORD-138053,3,Met expectations.,2024-07-31
REV-14627,C07532,P0024,ORD-123877,1,Arrived damaged.,2025-04-13
REV-14628,C03709,P0009,ORD-141493,4,Love this.,2026-02-08
REV-14629,C00062,P0038,ORD-117743,5,Worth every penny.,2025-02-05
REV-14630,C01027,P0073,ORD-148697,5,Love this.,2026-01-19
REV-14631,C08168,P0076,ORD-149627,5,Very satisfied.,2024-05-27
REV-14632,C00425,P0034,ORD-109238,4,Five stars!,2024-07-24
REV-14633,C06658,P0050,ORD-125520,4,Five stars!,2025-03-28
REV-14634,C06495,P0073,ORD-136434,5,Exactly as described.,2025-05-03
REV-14635,C04240,P0038,ORD-136670,5,Exceeded expectations.,2025-09-15
REV-14636,C00199,P0044,ORD-108216,4,Very satisfied.,2024-02-15
REV-14637,C05937,P0078,ORD-121336,5,Five stars!,2025-08-10
REV-14638,C00291,P0059,ORD-105556,5,Great product!,2024-09-04
REV-14639,C03199,P0021,ORD-148307,4,Great product!,2026-01-23
REV-14640,C04162,P0059,ORD-149215,4,Fantastic quality.,2026-01-04
REV-14641,C07587,P0073,ORD-132323,2,Terrible.,2026-02-10
REV-14642,C09728,P0090,ORD-140465,5,Great product!,2025-01-13
REV-14643,C05912,P0073,ORD-140466,4,Very satisfied.,2024-11-22
REV-14644,C00399,P0026,ORD-102277,5,Fantastic quality.,2025-05-23
REV-14645,C04717,P0093,ORD-146348,5,Five stars!,2026-01-07
REV-14646,C00574,P0070,ORD-117566,4,Fantastic quality.,2024-09-20
REV-14647,C03274,P0024,ORD-140478,5,Love this.,2024-06-23
REV-14648,C00433,P0090,ORD-103873,5,Exactly as described.,2025-07-06
REV-14649,C00454,P0057,ORD-101106,4,Very satisfied.,2024-05-21
REV-14650,C03772,P0045,ORD-137912,4,Very satisfied.,2025-01-06
REV-14651,C03073,P0078,ORD-139961,4,Exceeded expectations.,2025-01-01
REV-14652,C00088,P0024,ORD-109804,4,Exactly as described.,2024-01-25
REV-14653,C05618,P0036,ORD-128600,5,Fantastic quality.,2025-07-02
REV-14654,C03201,P0036,ORD-123320,4,Great product!,2025-11-29
REV-14655,C00654,P0090,ORD-108220,5,Fantastic quality.,2025-07-27
REV-14656,C03206,P0090,ORD-141586,5,Exactly as described.,2025-11-06
REV-14657,C04632,P0040,ORD-121321,2,Poor quality.,2025-01-25
REV-14658,C00931,P0021,ORD-105685,4,Very satisfied.,2025-10-15
REV-14659,C08092,P0064,ORD-148519,5,Five stars!,2025-08-06
REV-14660,C08831,P0093,ORD-123851,5,Love this.,2024-10-28
REV-14661,C00390,P0013,ORD-103613,2,Terrible.,2025-03-23
REV-14662,C00328,P0073,ORD-114756,5,Fantastic quality.,2024-05-12
REV-14663,C01862,P0098,ORD-147755,5,Exceeded expectations.,2025-05-19
REV-14664,C00705,P0064,ORD-110955,1,Regret this purchase.,2025-12-18
REV-14665,C00745,P0014,ORD-108870,5,Fantastic quality.,2024-10-09
REV-14666,C00009,P0013,ORD-117323,4,Fantastic quality.,2026-01-22
REV-14667,C08955,P0071,ORD-141049,5,Worth every penny.,2024-12-26
REV-14668,C06646,P0078,ORD-123743,5,Worth every penny.,2025-10-24
REV-14669,C07133,P0038,ORD-144547,5,Exceeded expectations.,2024-12-21
REV-14670,C06122,P0075,ORD-130138,5,Worth every penny.,2024-12-29
REV-14671,C07086,P0013,ORD-132822,4,Exactly as described.,2024-12-08
REV-14672,C08048,P0017,ORD-122112,4,Five stars!,2025-07-12
REV-14673,C03606,P0058,ORD-146605,4,Five stars!,2024-06-25
REV-14674,C07032,P0090,ORD-147673,5,Five stars!,2025-07-28
REV-14675,C07126,P0044,ORD-140246,4,Fantastic quality.,2025-09-12
REV-14676,C00520,P0085,ORD-118430,3,Just average.,2024-05-13
REV-14677,C00646,P0073,ORD-108260,5,Exactly as described.,2024-12-06
REV-14678,C08104,P0078,ORD-125473,4,Worth every penny.,2024-12-29
REV-14679,C04918,P0033,ORD-134616,4,Fantastic quality.,2025-08-26
REV-14680,C00080,P0038,ORD-100392,5,Five stars!,2026-01-04
REV-14681,C09480,P0013,ORD-123315,4,Exactly as described.,2026-01-23
REV-14682,C00663,P0064,ORD-116018,3,Met expectations.,2025-09-14
REV-14683,C00392,P0059,ORD-103552,2,Not as described.,2025-03-24
REV-14684,C07401,P0064,ORD-127148,5,Great product!,2025-09-04
REV-14685,C05166,P0020,ORD-125341,5,Exactly as described.,2025-01-16
REV-14686,C05567,P0013,ORD-149853,3,Average.,2025-12-12
REV-14687,C05711,P0075,ORD-148388,4,Worth every penny.,2026-01-31
REV-14688,C00830,P0059,ORD-109758,4,Very satisfied.,2024-08-26
REV-14689,C04189,P0070,ORD-143715,4,Exactly as described.,2025-10-24
REV-14690,C01809,P0059,ORD-142473,5,Five stars!,2024-07-16
REV-14691,C01510,P0038,ORD-138745,4,Exceeded expectations.,2024-12-07
REV-14692,C00236,P0059,ORD-106471,5,Great product!,2024-07-07
REV-14693,C00894,P0073,ORD-114942,4,Love this.,2026-01-02
REV-14694,C04757,P0011,ORD-140645,3,It's okay.,2024-09-23
REV-14695,C05063,P0073,ORD-140477,1,Arrived damaged.,2024-04-24
REV-14696,C05147,P0090,ORD-120821,4,Great product!,2025-08-09
REV-14697,C03053,P0075,ORD-138386,5,Fantastic quality.,2024-08-21
REV-14698,C01419,P0038,ORD-121224,5,Exactly as described.,2024-09-01
REV-14699,C01904,P0099,ORD-124200,3,Just average.,2024-10-03
REV-14700,C00062,P0057,ORD-117902,4,Very satisfied.,2025-09-24
REV-14701,C07149,P0059,ORD-146414,5,Love this.,2024-12-12
REV-14702,C00912,P0090,ORD-117054,3,Fairly priced.,2025-10-29
REV-14703,C04751,P0017,ORD-128160,5,Very satisfied.,2024-03-02
REV-14704,C00583,P0038,ORD-108966,4,Worth every penny.,2025-06-13
REV-14705,C04998,P0013,ORD-137122,1,Arrived damaged.,2024-05-16
REV-14706,C00615,P0082,ORD-102280,5,Worth every penny.,2025-02-08
REV-14707,C05958,P0059,ORD-146104,3,Decent quality.,2025-01-07
REV-14708,C04921,P0015,ORD-147415,2,Terrible.,2024-09-27
REV-14709,C00770,P0057,ORD-101525,5,Very satisfied.,2024-06-21
REV-14710,C05773,P0024,ORD-138040,5,Worth every penny.,2025-11-18
REV-14711,C00083,P0021,ORD-107372,5,Worth every penny.,2024-04-12
REV-14712,C01249,P0057,ORD-147110,5,Fantastic quality.,2025-01-02
REV-14713,C03309,P0057,ORD-143642,5,Very satisfied.,2025-09-14
REV-14714,C03466,P0090,ORD-122221,5,Fantastic quality.,2024-09-21
REV-14715,C00418,P0064,ORD-108440,4,Exceeded expectations.,2024-11-25
REV-14716,C04704,P0095,ORD-138447,3,Fairly priced.,2025-10-12
REV-14717,C06057,P0021,ORD-128883,3,Decent quality.,2025-07-20
REV-14718,C02704,P0038,ORD-149803,5,Love this.,2024-09-20
REV-14719,C08215,P0021,ORD-127911,1,Regret this purchase.,2025-04-03
REV-14720,C00938,P0057,ORD-101824,4,Exceeded expectations.,2025-07-22
REV-14721,C00702,P0021,ORD-103813,5,Five stars!,2025-02-24
REV-14722,C07063,P0045,ORD-141690,4,Great product!,2025-04-19
REV-14723,C00641,P0017,ORD-108354,3,Just average.,2026-01-22
REV-14724,C05189,P0017,ORD-122810,5,Great product!,2025-07-24
REV-14725,C07122,P0064,ORD-142665,1,Terrible.,2025-01-08
REV-14726,C00125,P0075,ORD-116273,5,Worth every penny.,2025-01-15
REV-14727,C02645,P0013,ORD-143332,4,Five stars!,2025-12-27
REV-14728,C00345,P0064,ORD-111522,3,Fairly priced.,2024-11-09
REV-14729,C06066,P0073,ORD-141831,4,Worth every penny.,2025-04-22
REV-14730,C07114,P0038,ORD-122932,5,Worth every penny.,2025-08-25
REV-14731,C02740,P0024,ORD-137930,5,Five stars!,2025-02-04
REV-14732,C00183,P0075,ORD-117829,5,Fantastic quality.,2024-03-27
REV-14733,C05072,P0024,ORD-145553,4,Love this.,2025-06-24
REV-14734,C03451,P0045,ORD-132597,5,Five stars!,2024-07-09
REV-14735,C06137,P0015,ORD-141805,4,Exactly as described.,2025-09-23
REV-14736,C04620,P0045,ORD-122638,5,Five stars!,2024-08-13
REV-14737,C00682,P0059,ORD-102298,4,Great product!,2025-11-16
REV-14738,C07766,P0090,ORD-135825,5,Great product!,2025-10-05
REV-14739,C04443,P0017,ORD-125999,5,Very satisfied.,2025-10-22
REV-14740,C04304,P0014,ORD-136393,5,Exceeded expectations.,2025-11-20
REV-14741,C00812,P0038,ORD-119319,4,Five stars!,2024-07-09
REV-14742,C02289,P0017,ORD-128539,4,Love this.,2024-12-02
REV-14743,C04938,P0009,ORD-147669,4,Very satisfied.,2024-12-23
REV-14744,C01799,P0085,ORD-143468,2,Terrible.,2025-01-01
REV-14745,C09133,P0013,ORD-131003,3,Average.,2024-07-04
REV-14746,C08358,P0067,ORD-129360,4,Exactly as described.,2025-03-09
REV-14747,C04795,P0097,ORD-125582,4,Fantastic quality.,2024-07-28
REV-14748,C00957,P0017,ORD-105682,5,Love this.,2024-07-15
REV-14749,C03583,P0038,ORD-146090,4,Great product!,2025-08-13
REV-14750,C09643,P0059,ORD-129414,4,Exactly as described.,2024-11-27
REV-14751,C00442,P0020,ORD-108558,5,Worth every penny.,2025-07-06
REV-14752,C03262,P0073,ORD-146838,4,Very satisfied.,2026-01-11
REV-14753,C01310,P0024,ORD-125696,4,Love this.,2026-01-03
REV-14754,C01819,P0073,ORD-143477,5,Love this.,2025-08-22
REV-14755,C00613,P0021,ORD-102241,3,Just average.,2024-06-21
REV-14756,C00849,P0059,ORD-119791,5,Very satisfied.,2025-01-09
REV-14757,C04918,P0024,ORD-135307,4,Five stars!,2024-10-22
REV-14758,C01006,P0058,ORD-141268,1,Poor quality.,2025-04-23
REV-14759,C02904,P0064,ORD-138125,2,Not as described.,2025-11-04
REV-14760,C04910,P0059,ORD-137493,4,Exceeded expectations.,2024-01-20
REV-14761,C05428,P0073,ORD-143929,4,Five stars!,2025-09-04
REV-14762,C06712,P0015,ORD-147851,5,Great product!,2025-02-03
REV-14763,C00001,P0045,ORD-107956,4,Exceeded expectations.,2024-06-25
REV-14764,C09380,P0038,ORD-144049,5,Worth every penny.,2025-09-26
REV-14765,C04462,P0070,ORD-128518,4,Worth every penny.,2025-11-09
REV-14766,C03493,P0045,ORD-147923,5,Worth every penny.,2025-07-18
REV-14767,C06683,P0058,ORD-146717,5,Five stars!,2024-07-14
REV-14768,C03004,P0015,ORD-141882,5,Very satisfied.,2025-08-14
REV-14769,C07288,P0075,ORD-145783,4,Worth every penny.,2025-09-29
REV-14770,C00740,P0013,ORD-119533,5,Worth every penny.,2025-06-11
REV-14771,C00889,P0024,ORD-105004,3,Decent quality.,2025-12-26
REV-14772,C06739,P0085,ORD-144225,3,Not bad.,2026-01-07
REV-14773,C00842,P0059,ORD-100292,3,Met expectations.,2024-08-25
REV-14774,C07052,P0073,ORD-127564,4,Fantastic quality.,2025-10-02
REV-14775,C00625,P0064,ORD-102779,5,Exceeded expectations.,2025-10-18
REV-14776,C00593,P0090,ORD-119101,5,Exceeded expectations.,2025-07-17
REV-14777,C09077,P0015,ORD-136232,4,Exceeded expectations.,2026-01-21
REV-14778,C00257,P0038,ORD-108713,5,Five stars!,2024-04-23
REV-14779,C09786,P0077,ORD-130832,5,Five stars!,2025-12-30
REV-14780,C00017,P0014,ORD-108849,5,Five stars!,2024-08-23
REV-14781,C00286,P0045,ORD-105149,5,Exceeded expectations.,2025-03-16
REV-14782,C05538,P0090,ORD-139696,4,Worth every penny.,2024-10-04
REV-14783,C00538,P0075,ORD-106550,5,Exceeded expectations.,2024-09-11
REV-14784,C01092,P0020,ORD-139438,5,Very satisfied.,2025-10-29
REV-14785,C04355,P0038,ORD-146038,5,Exceeded expectations.,2025-08-09
REV-14786,C01471,P0013,ORD-140252,4,Worth every penny.,2025-12-13
REV-14787,C03642,P0024,ORD-135483,4,Love this.,2025-11-26
REV-14788,C00722,P0073,ORD-100701,5,Very satisfied.,2025-03-23
REV-14789,C06434,P0045,ORD-126557,5,Worth every penny.,2025-01-08
REV-14790,C04251,P0085,ORD-145956,5,Love this.,2025-01-11
REV-14791,C08671,P0020,ORD-137580,4,Fantastic quality.,2024-04-29
REV-14792,C08791,P0090,ORD-127038,4,Very satisfied.,2024-06-21
REV-14793,C00496,P0059,ORD-100672,5,Exceeded expectations.,2024-12-14
REV-14794,C00788,P0074,ORD-116614,3,It's okay.,2025-12-25
REV-14795,C07589,P0038,ORD-138624,4,Great product!,2024-12-29
REV-14796,C02478,P0013,ORD-140427,5,Great product!,2024-04-01
REV-14797,C00036,P0059,ORD-118644,5,Worth every penny.,2025-11-02
REV-14798,C04021,P0045,ORD-146209,5,Fantastic quality.,2024-09-26
REV-14799,C00103,P0075,ORD-109342,4,Great product!,2024-06-10
REV-14800,C00586,P0020,ORD-113044,5,Five stars!,2025-06-04
REV-14801,C07841,P0064,ORD-142293,2,Regret this purchase.,2025-02-09
REV-14802,C00491,P0021,ORD-108103,5,Exceeded expectations.,2025-02-11
REV-14803,C04951,P0024,ORD-134948,4,Great product!,2025-02-16
REV-14804,C07152,P0020,ORD-133820,5,Great product!,2024-03-30
REV-14805,C05649,P0024,ORD-122321,5,Worth every penny.,2025-01-23
REV-14806,C00991,P0059,ORD-103377,5,Very satisfied.,2025-02-24
REV-14807,C07396,P0038,ORD-123630,4,Very satisfied.,2024-07-16
REV-14808,C01390,P0059,ORD-134048,5,Five stars!,2024-11-04
REV-14809,C01009,P0045,ORD-122864,2,Arrived damaged.,2024-05-14
REV-14810,C00499,P0075,ORD-117541,4,Love this.,2024-02-27
REV-14811,C06310,P0014,ORD-136671,5,Five stars!,2024-12-04
REV-14812,C04161,P0073,ORD-124164,5,Five stars!,2024-08-27
REV-14813,C09148,P0057,ORD-135708,4,Love this.,2025-11-15
REV-14814,C00351,P0035,ORD-108403,5,Love this.,2025-07-13
REV-14815,C04101,P0075,ORD-129495,4,Exactly as described.,2025-09-24
REV-14816,C00009,P0050,ORD-116207,2,Waste of money.,2024-05-27
REV-14817,C00744,P0013,ORD-107422,3,Fairly priced.,2025-06-18
REV-14818,C00555,P0021,ORD-114198,1,Waste of money.,2025-07-23
REV-14819,C01819,P0073,ORD-141285,4,Great product!,2024-06-13
REV-14820,C02422,P0057,ORD-144539,5,Exactly as described.,2025-11-14
REV-14821,C00126,P0059,ORD-108787,5,Exactly as described.,2025-12-23
REV-14822,C00286,P0085,ORD-103512,4,Five stars!,2025-08-16
REV-14823,C00153,P0057,ORD-112925,1,Terrible.,2025-01-01
REV-14824,C08440,P0059,ORD-124687,5,Fantastic quality.,2024-10-15
REV-14825,C03994,P0013,ORD-137415,1,Arrived damaged.,2025-11-11
REV-14826,C08165,P0073,ORD-126636,5,Very satisfied.,2025-11-27
REV-14827,C00900,P0085,ORD-116692,5,Love this.,2025-09-29
REV-14828,C02006,P0085,ORD-125000,5,Worth every penny.,2025-10-31
REV-14829,C00495,P0093,ORD-105829,4,Fantastic quality.,2025-04-21
REV-14830,C03778,P0015,ORD-146462,5,Fantastic quality.,2025-09-10
REV-14831,C00223,P0017,ORD-100650,5,Exactly as described.,2024-07-08
REV-14832,C00950,P0090,ORD-101207,3,Met expectations.,2025-01-13
REV-14833,C00432,P0064,ORD-113919,4,Great product!,2026-01-05
REV-14834,C00676,P0017,ORD-110077,5,Exceeded expectations.,2025-01-24
REV-14835,C07977,P0013,ORD-136871,5,Worth every penny.,2025-05-06
REV-14836,C09316,P0064,ORD-129118,5,Great product!,2024-12-09
REV-14837,C03065,P0024,ORD-127600,5,Five stars!,2024-07-23
REV-14838,C00128,P0024,ORD-115010,4,Exactly as described.,2025-02-07
REV-14839,C07153,P0038,ORD-148316,4,Fantastic quality.,2024-06-27
REV-14840,C08114,P0036,ORD-121439,4,Fantastic quality.,2026-01-27
REV-14841,C00867,P0070,ORD-117276,5,Fantastic quality.,2024-05-24
REV-14842,C07577,P0078,ORD-148751,5,Very satisfied.,2025-10-30
REV-14843,C04898,P0085,ORD-123896,5,Fantastic quality.,2026-01-09
REV-14844,C05064,P0022,ORD-145753,5,Love this.,2024-04-29
REV-14845,C01373,P0010,ORD-123229,4,Very satisfied.,2025-06-05
REV-14846,C06160,P0078,ORD-123940,5,Five stars!,2026-02-05
REV-14847,C00952,P0073,ORD-115502,5,Worth every penny.,2025-06-27
REV-14848,C04741,P0014,ORD-148614,5,Very satisfied.,2025-12-08
REV-14849,C05226,P0073,ORD-139328,5,Worth every penny.,2025-09-01
REV-14850,C06427,P0078,ORD-128927,5,Five stars!,2025-08-03
REV-14851,C03202,P0059,ORD-125776,5,Five stars!,2024-12-05
REV-14852,C09360,P0015,ORD-126871,5,Very satisfied.,2024-01-21
REV-14853,C09787,P0064,ORD-141267,4,Great product!,2025-06-09
REV-14854,C09438,P0073,ORD-121930,5,Five stars!,2025-11-29
REV-14855,C09772,P0024,ORD-132872,4,Exceeded expectations.,2025-11-06
REV-14856,C08213,P0038,ORD-146070,5,Great product!,2025-12-23
REV-14857,C02941,P0057,ORD-126462,5,Great product!,2024-12-14
REV-14858,C00428,P0093,ORD-115298,4,Love this.,2025-10-11
REV-14859,C03670,P0085,ORD-120442,2,Waste of money.,2024-10-17
REV-14860,C06361,P0093,ORD-130243,3,Met expectations.,2025-11-14
REV-14861,C08745,P0036,ORD-132742,1,Regret this purchase.,2025-09-15
REV-14862,C04179,P0090,ORD-141453,5,Love this.,2024-12-28
REV-14863,C09811,P0043,ORD-138875,4,Exactly as described.,2025-05-05
REV-14864,C06869,P0093,ORD-141767,5,Fantastic quality.,2024-09-25
REV-14865,C02143,P0020,ORD-144018,5,Exceeded expectations.,2025-12-22
REV-14866,C04632,P0070,ORD-133022,5,Worth every penny.,2026-01-17
REV-14867,C03772,P0021,ORD-145345,1,Regret this purchase.,2025-03-05
REV-14868,C05364,P0075,ORD-128499,5,Worth every penny.,2025-12-03
REV-14869,C00748,P0020,ORD-119961,4,Great product!,2025-11-05
REV-14870,C05319,P0038,ORD-132010,5,Exactly as described.,2024-03-01
REV-14871,C00570,P0013,ORD-109230,4,Great product!,2025-10-21
REV-14872,C09280,P0007,ORD-147121,5,Five stars!,2024-12-14
REV-14873,C00938,P0013,ORD-102806,5,Very satisfied.,2025-08-22
REV-14874,C09895,P0073,ORD-128356,5,Exactly as described.,2024-10-28
REV-14875,C00841,P0085,ORD-114061,5,Worth every penny.,2024-07-02
REV-14876,C00067,P0036,ORD-100314,5,Fantastic quality.,2025-08-24
REV-14877,C05917,P0058,ORD-131349,2,Disappointed.,2025-07-08
REV-14878,C00005,P0017,ORD-115422,5,Exceeded expectations.,2025-06-11
REV-14879,C03297,P0059,ORD-142407,5,Five stars!,2025-02-02
REV-14880,C00977,P0075,ORD-106881,4,Fantastic quality.,2024-12-21
REV-14881,C00123,P0015,ORD-100101,5,Exactly as described.,2025-11-03
REV-14882,C06337,P0020,ORD-134881,4,Exactly as described.,2025-12-23
REV-14883,C07911,P0020,ORD-142720,5,Fantastic quality.,2025-12-08
REV-14884,C05533,P0021,ORD-148691,4,Fantastic quality.,2025-12-29
REV-14885,C00030,P0090,ORD-105732,4,Exactly as described.,2024-09-07
REV-14886,C06992,P0014,ORD-141852,5,Fantastic quality.,2025-06-02
REV-14887,C00819,P0020,ORD-117736,3,Just average.,2025-02-22
REV-14888,C00164,P0090,ORD-118465,5,Love this.,2024-06-20
REV-14889,C00361,P0045,ORD-103566,3,Average.,2025-02-10
REV-14890,C04028,P0075,ORD-121500,5,Exactly as described.,2025-03-06
REV-14891,C01862,P0045,ORD-147989,5,Exactly as described.,2025-09-02
REV-14892,C01274,P0020,ORD-125947,3,Fairly priced.,2025-01-04
REV-14893,C07347,P0020,ORD-126230,4,Worth every penny.,2026-01-09
REV-14894,C00545,P0058,ORD-102426,4,Exceeded expectations.,2024-04-23
REV-14895,C00261,P0038,ORD-100210,4,Fantastic quality.,2024-09-15
REV-14896,C09100,P0093,ORD-145268,5,Love this.,2024-12-11
REV-14897,C07042,P0059,ORD-125884,5,Fantastic quality.,2025-11-28
REV-14898,C00067,P0059,ORD-108728,1,Disappointed.,2024-11-18
REV-14899,C00711,P0057,ORD-114467,5,Exceeded expectations.,2024-12-27
REV-14900,C00469,P0098,ORD-114777,5,Fantastic quality.,2024-05-16
REV-14901,C00152,P0078,ORD-102368,3,Just average.,2026-01-16
REV-14902,C08485,P0021,ORD-125384,4,Love this.,2026-02-17
REV-14903,C00112,P0075,ORD-116114,4,Worth every penny.,2024-09-29
REV-14904,C01704,P0038,ORD-141857,3,Fairly priced.,2025-08-14
REV-14905,C03024,P0064,ORD-132970,4,Fantastic quality.,2025-01-13
REV-14906,C06991,P0021,ORD-142239,5,Very satisfied.,2025-10-26
REV-14907,C07577,P0045,ORD-125031,5,Fantastic quality.,2025-03-08
REV-14908,C00820,P0075,ORD-108685,2,Terrible.,2024-04-26
REV-14909,C01057,P0022,ORD-131946,2,Terrible.,2025-07-02
REV-14910,C02578,P0059,ORD-125844,4,Worth every penny.,2025-04-08
REV-14911,C04908,P0013,ORD-148997,4,Five stars!,2025-12-25
REV-14912,C01535,P0075,ORD-141943,1,Regret this purchase.,2025-05-30
REV-14913,C02987,P0013,ORD-144158,3,Met expectations.,2025-10-01
REV-14914,C03970,P0064,ORD-143888,4,Worth every penny.,2026-01-01
REV-14915,C08498,P0014,ORD-144695,4,Fantastic quality.,2024-11-01
REV-14916,C00139,P0015,ORD-111556,4,Fantastic quality.,2024-11-29
REV-14917,C08032,P0085,ORD-126286,5,Great product!,2025-12-04
REV-14918,C06548,P0075,ORD-138250,5,Fantastic quality.,2024-07-12
REV-14919,C00363,P0070,ORD-111274,3,Fairly priced.,2025-08-15
REV-14920,C06038,P0073,ORD-138825,4,Love this.,2025-11-07
REV-14921,C00819,P0073,ORD-109556,2,Terrible.,2025-09-02
REV-14922,C06186,P0078,ORD-129335,5,Exactly as described.,2024-08-12
REV-14923,C09556,P0020,ORD-147821,5,Five stars!,2024-08-10
REV-14924,C00176,P0024,ORD-100665,5,Five stars!,2025-01-04
REV-14925,C00148,P0024,ORD-105425,4,Exactly as described.,2025-01-02
REV-14926,C00874,P0070,ORD-111017,5,Very satisfied.,2025-08-09
REV-14927,C07539,P0073,ORD-142048,4,Worth every penny.,2025-12-12
REV-14928,C08715,P0070,ORD-136367,5,Very satisfied.,2025-07-23
REV-14929,C09835,P0038,ORD-137979,5,Great product!,2025-12-01
REV-14930,C00914,P0073,ORD-110804,5,Great product!,2024-11-24
REV-14931,C00460,P0085,ORD-107081,5,Exceeded expectations.,2024-08-17
REV-14932,C01000,P0057,ORD-115890,4,Love this.,2024-06-04
REV-14933,C00188,P0021,ORD-105183,5,Love this.,2025-07-27
REV-14934,C04197,P0067,ORD-139306,5,Fantastic quality.,2025-12-11
REV-14935,C09532,P0090,ORD-145369,5,Fantastic quality.,2025-05-25
REV-14936,C05648,P0078,ORD-125119,5,Worth every penny.,2025-10-06
REV-14937,C06152,P0078,ORD-125832,2,Not as described.,2024-12-13
REV-14938,C00652,P0057,ORD-119591,5,Worth every penny.,2025-02-13
REV-14939,C03065,P0085,ORD-120499,5,Exceeded expectations.,2025-12-13
REV-14940,C09562,P0073,ORD-134477,5,Exactly as described.,2025-03-18
REV-14941,C00187,P0064,ORD-110442,5,Five stars!,2025-05-26
REV-14942,C02735,P0057,ORD-139165,5,Worth every penny.,2025-09-01
REV-14943,C07681,P0020,ORD-127190,1,Terrible.,2024-11-20
REV-14944,C00603,P0038,ORD-112198,5,Five stars!,2024-10-14
REV-14945,C00396,P0058,ORD-105199,5,Five stars!,2024-04-11
REV-14946,C02927,P0025,ORD-149168,5,Love this.,2024-05-28
REV-14947,C09695,P0064,ORD-148974,5,Fantastic quality.,2025-12-18
REV-14948,C06094,P0021,ORD-145760,4,Exactly as described.,2025-08-13
REV-14949,C00195,P0070,ORD-114479,5,Exactly as described.,2025-11-21
REV-14950,C06464,P0038,ORD-145935,5,Fantastic quality.,2024-09-24
REV-14951,C07803,P0070,ORD-125169,3,Average.,2025-01-11
REV-14952,C00668,P0020,ORD-109641,5,Exactly as described.,2024-05-08
REV-14953,C00634,P0059,ORD-104153,5,Fantastic quality.,2024-05-21
REV-14954,C08104,P0021,ORD-128116,5,Worth every penny.,2024-11-19
REV-14955,C00457,P0073,ORD-109317,4,Worth every penny.,2025-12-24
REV-14956,C00782,P0015,ORD-117275,5,Exactly as described.,2025-12-20
REV-14957,C09349,P0064,ORD-124625,4,Exceeded expectations.,2025-01-19
REV-14958,C04540,P0078,ORD-122918,5,Exactly as described.,2024-04-29
REV-14959,C05937,P0064,ORD-142380,2,Poor quality.,2025-05-13
REV-14960,C00077,P0013,ORD-105589,5,Very satisfied.,2024-11-11
REV-14961,C06626,P0024,ORD-126638,5,Very satisfied.,2024-10-20
REV-14962,C00674,P0064,ORD-111248,1,Disappointed.,2024-04-19
REV-14963,C00980,P0053,ORD-100190,3,Just average.,2025-04-23
REV-14964,C00173,P0085,ORD-109017,5,Worth every penny.,2024-11-28
REV-14965,C00075,P0045,ORD-107391,2,Not as described.,2025-11-07
REV-14966,C00050,P0015,ORD-104552,4,Fantastic quality.,2025-09-11
REV-14967,C04593,P0064,ORD-148284,5,Exactly as described.,2025-01-21
REV-14968,C09206,P0045,ORD-139472,3,Average.,2025-08-10
REV-14969,C00167,P0017,ORD-108788,4,Exceeded expectations.,2025-08-30
REV-14970,C08517,P0013,ORD-142201,4,Great product!,2025-02-16
REV-14971,C08607,P0085,ORD-142987,5,Exceeded expectations.,2024-11-29
REV-14972,C00661,P0073,ORD-111312,5,Great product!,2025-11-02
REV-14973,C05467,P0045,ORD-123405,3,Decent quality.,2024-09-25
REV-14974,C00824,P0017,ORD-119177,5,Exceeded expectations.,2024-07-27
REV-14975,C00476,P0073,ORD-116206,4,Exceeded expectations.,2024-07-28
REV-14976,C00777,P0013,ORD-114333,5,Fantastic quality.,2025-01-15
REV-14977,C00370,P0078,ORD-102706,2,Not as described.,2025-01-11
REV-14978,C03275,P0045,ORD-140269,5,Five stars!,2025-03-10
REV-14979,C00350,P0021,ORD-112565,5,Love this.,2024-10-04
REV-14980,C06664,P0073,ORD-148094,5,Fantastic quality.,2025-03-05
REV-14981,C00153,P0017,ORD-105936,5,Very satisfied.,2024-06-24
REV-14982,C00214,P0024,ORD-109643,5,Love this.,2024-12-15
REV-14983,C01199,P0064,ORD-147059,1,Terrible.,2024-10-27
REV-14984,C09761,P0075,ORD-143102,4,Fantastic quality.,2025-12-01
REV-14985,C00314,P0058,ORD-110035,5,Great product!,2026-02-11
REV-14986,C00492,P0073,ORD-100961,5,Worth every penny.,2025-12-17
REV-14987,C00177,P0017,ORD-117760,4,Exceeded expectations.,2024-10-07
REV-14988,C00818,P0073,ORD-113830,4,Worth every penny.,2024-11-30
REV-14989,C04103,P0058,ORD-141532,2,Poor quality.,2024-10-17
REV-14990,C04554,P0093,ORD-133088,4,Love this.,2025-10-19
REV-14991,C04890,P0058,ORD-136905,5,Exactly as described.,2024-12-21
REV-14992,C00740,P0020,ORD-117741,4,Very satisfied.,2024-08-21
REV-14993,C09801,P0070,ORD-145324,3,Just average.,2025-06-03
REV-14994,C06095,P0064,ORD-139965,5,Love this.,2025-07-15
REV-14995,C02311,P0064,ORD-130188,5,Fantastic quality.,2025-05-06
REV-14996,C00826,P0017,ORD-112543,4,Fantastic quality.,2024-12-07
REV-14997,C00818,P0020,ORD-106847,3,Not bad.,2024-01-30
REV-14998,C07338,P0078,ORD-121942,2,Poor quality.,2025-01-19
REV-14999,C00354,P0020,ORD-119732,1,Waste of money.,2024-11-12
